,Property,Price
0,Master Room in 640 Woodlands Ring Road,"$1,200/mo"
1,Common Room in 688D Woodlands Drive 75,$800/mo
2,Common Room in 688B Woodlands Drive 75,$800/mo
3,Common Room in 781B Woodlands Avenue 9,$700/mo
4,Common Room in Bellewoods,"$1,000/mo"
5,Common Room in Woodsvale,"$1,100/mo"
6,Master Room in Forestville,"$2,500/mo"
7,Common Room in 703 Woodlands Drive 40,$900/mo
8,Master Room in 795 Woodlands Drive 72,"$2,800/mo"
9,Common Room in 678 Woodlands Avenue 6,$750/mo
10,Common Room in 899B Woodlands Drive 50,$750/mo
11,Common Room in Northoaks,"$1,000/mo"
12,Common Room in Northoaks,$850/mo
13,Master Room in Northoaks,"$2,800/mo"
14,Common Room in Northoaks,"$1,800/mo"
15,Common Room in Northoaks,"$1,100/mo"
16,Common Room in Northoaks,"$1,200/mo"
17,Common Room in 781D Woodlands Avenue 9,$800/mo
18,Common Room in 781B Woodlands Avenue 9,$800/mo
19,Master Room in Northoaks,"$2,800/mo"
20,Common Room in 786D Woodlands Drive 60,"$1,000/mo"
21,Common Room in 781B Woodlands Avenue 9,$750/mo
22,Common Room in 783A Woodlands Rise,$800/mo
23,Room in 889A Woodlands Drive 50,"$1,000/mo"
24,Common Room in Northoaks,"$1,300/mo"
25,Common Room in 899C Woodlands Drive 50,"$1,000/mo"
26,Common Room in 899B Woodlands Drive 50,$750/mo
27,Common Room in 737 Woodlands Circle,$900/mo
28,Common Room in 783A Woodlands Rise,$850/mo
29,Common Room in 737 Woodlands Circle,"$1,000/mo"
30,Common Room in Woodsvale,"$1,200/mo"
31,Common Room in 656 Woodlands Ring Road,$800/mo
32,Common Room in 601 Woodlands Drive 42,"$1,000/mo"
33,Common Room in 782D Woodlands Crescent,"$1,000/mo"
34,Master Room in 656 Woodlands Ring Road,$800/mo
35,Room in 737 Woodlands Circle,$900/mo
36,Master Room in Forestville,"$2,400/mo"
37,Common Room in Northoaks,"$1,500/mo"
38,Master Room in 787D Woodlands Crescent,"$1,100/mo"
39,Room in 644 Woodlands Ring Road,$800/mo
40,Master Room in Northoaks,"$1,200/mo"
41,Common Room in Northoaks,"$1,800/mo"
42,Room in Northoaks,"$1,500/mo"
43,Common Room in Woodsvale,"$1,400/mo"
44,Master Room in Northoaks,"$2,800/mo"
45,Master Room in 775 Woodlands Crescent,"$1,000/mo"
46,Room in 770 Woodlands Drive 60,"$1,000/mo"
47,Common Room in 783A Woodlands Rise,$850/mo
48,Room in 783C Woodlands Rise,"$1,000/mo"
49,Master Room in Northoaks,"$1,900/mo"
50,Common Room in 606 Woodlands Ring Road,$850/mo
51,Master Room in 788D Woodlands Crescent,"$1,000/mo"
52,Master Room in Northoaks,"$2,800/mo"
53,Master Room in Northoaks,"$2,800/mo"
54,Room in 694B Woodlands Drive 62,"$1,600/mo"
55,Common Room in 782A Woodlands Crescent,$900/mo
56,Room in Forestville,"$2,500/mo"
57,Common Room in 633 Woodlands Ring Road,$800/mo
58,Common Room in 633 Woodlands Ring Road,$850/mo
59,Common Room in 688A Woodlands Drive 75,$800/mo
60,Common Room in Woodsvale,"$1,100/mo"
61,Common Room in Northoaks,"$1,500/mo"
62,Common Room in 701 Woodlands Drive 40,$500/mo
63,Common Room in 633 Woodlands Ring Road,$800/mo
64,Master Room in Northoaks,"$2,800/mo"
65,Common Room in 899B Woodlands Drive 50,$750/mo
66,Common Room in 680 Woodlands Avenue 6,$850/mo
67,Common Room in 751 Woodlands Circle,$850/mo
68,Master Room in 686C Woodlands Drive 73,"$1,500/mo"
69,Common Room in 896A Woodlands Drive 50,$900/mo
70,Room in 887C Woodlands Drive 50,$950/mo
71,Room in 778 Woodlands Drive 60,$900/mo
72,Common Room in Woodsvale,"$1,400/mo"
73,Common Room in 890A Woodlands Drive 50,$900/mo
74,Common Room in 786B Woodlands Drive 60,$900/mo
75,Room in 735 Woodlands Circle,"$1,000/mo"
76,Room in 693A Woodlands Avenue 6,$850/mo
77,Master Room in Woodsvale,"$1,800/mo"
78,Common Room in 786B Woodlands Drive 60,$900/mo
79,Common Room in 786D Woodlands Drive 60,$850/mo
80,Room in 899B Woodlands Drive 50,$900/mo
81,Master Room in 690B Woodlands Drive 75,"$1,200/mo"
82,Common Room in Northoaks,"$1,100/mo"
83,Room in Woodsvale,"$1,400/mo"
84,Master Room in Woodsvale,"$1,500/mo"
85,Master Room in 742 Woodlands Circle,$950/mo
86,Common Room in 778 Woodlands Drive 60,"$1,000/mo"
87,Common Room in 666 Woodlands Ring Road,$950/mo
88,Room in 689B Woodlands Drive 75,$800/mo
89,Common Room in 790 Woodlands Avenue 6,$400/mo
90,Common Room in 703 Woodlands Drive 40,$900/mo
91,Common Room in 786B Woodlands Drive 60,$850/mo
92,Common Room in 769 Woodlands Drive 60,"$1,200/mo"
93,Common Room in 866 Woodlands Street 83,"$1,200/mo"
94,Room in 854 Woodlands Street 83,$780/mo
95,Common Room in 688F Woodlands Drive 75,$950/mo
96,Master Room in 687B Woodlands Drive 75,"$1,000/mo"
97,Room in 703 Woodlands Drive 40,"$1,000/mo"
98,Common Room in 360B Admiralty Drive,$950/mo
99,Master Room in 329 Sembawang Close,"$1,500/mo"
100,Common Room in 556 Woodlands Drive 53,$700/mo
101,Common Room in 556 Woodlands Drive 53,$950/mo
102,Master Room in Rosewood,"$2,000/mo"
103,Common Room in 335 Sembawang Close,"$1,200/mo"
104,Common Room in 518 Woodlands Drive 14,$900/mo
105,Common Room in 509 Woodlands Drive 14,$700/mo
106,Common Room in 809 Woodlands Street 81,$400/mo
107,Common Room in 876 Woodlands Avenue 9,$900/mo
108,Common Room in 880 Woodlands Street 82,$850/mo
109,Common Room in 537 Woodlands Drive 16,$988/mo
110,Common Room in 367 Woodlands Avenue 5,$900/mo
111,Common Room in 805 Woodlands Street 81,$800/mo
112,Common Room in 574B Woodlands Drive 16,$500/mo
113,Common Room in Rosewood,"$1,500/mo"
114,Common Room in 574B Woodlands Drive 16,$900/mo
115,Common Room in 574B Woodlands Drive 16,$900/mo
116,Common Room in 574B Woodlands Drive 16,$900/mo
117,Common Room in 467 Admiralty Drive,$950/mo
118,Common Room in Northwave,"$1,100/mo"
119,Common Room in 574B Woodlands Drive 16,$900/mo
120,Common Room in 895B Woodlands Drive 50,$500/mo
121,Common Room in 468C Admiralty Drive,$800/mo
122,Common Room in 574B Woodlands Drive 16,$950/mo
123,Common Room in 573C Woodlands Drive 16,"$1,000/mo"
124,Common Room in 541 Woodlands Drive 16,$800/mo
125,Common Room in 574B Woodlands Drive 16,$900/mo
126,Common Room in 574B Woodlands Drive 16,$900/mo
127,Common Room in 518 Woodlands Drive 14,$950/mo
128,Room in 842 Woodlands Street 82,$900/mo
129,Common Room in 895B Woodlands Drive 50,"$1,000/mo"
130,Room in Rosewood,"$1,250/mo"
131,Common Room in 360A Admiralty Drive,$850/mo
132,Master Room in Northwave,$900/mo
133,Common Room in Northwave,"$1,100/mo"
134,Room in 502A Woodlands Drive 14,"$1,000/mo"
135,Room in 539 Woodlands Drive 16,"$1,000/mo"
136,Common Room in 367 Woodlands Avenue 5,$950/mo
137,Room in 531 Woodlands Drive 14,$800/mo
138,Room in 515 Woodlands Drive 14,$900/mo
139,Room in 515 Woodlands Drive 14,"$1,200/mo"
140,Room in 818 Woodlands Street 82,$700/mo
141,Common Room in 874 Woodlands Street 82,$850/mo
142,Common Room in 821 Woodlands Street 82,$950/mo
143,Common Room in 574B Woodlands Drive 16,$950/mo
144,Common Room in 570B Woodlands Avenue 1,$750/mo
145,Room in Twin Fountains,"$2,999/mo"
146,Common Room in Northwave,"$1,250/mo"
147,Master Room in Northwave,"$1,300/mo"
148,Common Room in 334 Sembawang Close,"$1,500/mo"
149,Common Room in 876 Woodlands Avenue 9,$650/mo
150,Common Room in Rosewood,"$1,250/mo"
151,Room in 809 Woodlands Street 81,$450/mo
152,Common Room in 879 Woodlands Street 82,$850/mo
