,Property,Price
0,Common Room in The Centren,"$1,950/mo"
1,Master Room in 12 Pine Close,"$1,900/mo"
2,Common Room in Grandlink Square,"$1,400/mo"
3,Master Room in Wing Fong Mansions,"$1,850/mo"
4,Common Room in Wing Fong Court,"$1,250/mo"
5,Room in 119 Aljunied Avenue 2,"$2,900/mo"
6,Master Room in 32 Cassia Crescent,"$1,600/mo"
7,Common Room in TRE Residences,"$1,500/mo"
8,Master Room in Accord Apartments,"$1,400/mo"
9,Master Room in # 1 Loft,"$1,850/mo"
10,Room in 119 Aljunied Avenue 2,"$2,500/mo"
11,Room in 119 Aljunied Avenue 2,"$2,100/mo"
12,Master Room in Central Grove,"$2,000/mo"
13,Common Room in Delight Court,"$1,350/mo"
14,Master Room in Cassia View,"$2,199/mo"
15,Common Room in The Centren,
16,Common Room in Lorong 9 Geylang,"$1,200/mo"
17,Common Room in Wing Fong Mansions,"$1,000/mo"
18,Common Room in Central Grove,$880/mo
19,Master Room in Cassia View,"$2,300/mo"
20,Common Room in Cassia View,"$1,050/mo"
21,Common Room in 28 Cassia Crescent,$900/mo
22,Common Room in Sims Green,"$1,200/mo"
23,Master Room in Sims 450 Centre,"$2,600/mo"
24,Common Room in Wing Fong Mansions,"$2,000/mo"
25,Room in Loft 33,"$1,600/mo"
26,Common Room in TRE Residences,"$1,700/mo"
27,Master Room in Sunny Grove,"$1,880/mo"
28,Room in Grandlink Square,"$1,800/mo"
29,Common Room in Delight Court,"$1,358/mo"
30,Master Room in Loft 33,"$1,900/mo"
31,Room in Sunny Grove,"$1,880/mo"
32,Common Room in Simsville,"$2,949/mo"
33,Common Room in Aston Mansions,"$1,450/mo"
34,Master Room in Simsville,"$2,300/mo"
35,Room in Atrium Residences,"$1,600/mo"
36,Common Room in Simsville,"$1,680/mo"
37,Common Room in The Sunny Spring,$900/mo
38,Master Room in Simsville,"$2,100/mo"
39,Master Room in 108 Aljunied Crescent,"$1,800/mo"
40,Common Room in Aston Mansions,"$1,600/mo"
41,Common Room in Aston Mansions,"$1,300/mo"
42,Master Room in TRE Residences,"$2,400/mo"
43,Common Room in Atrium Residences,"$1,450/mo"
44,Room in Simsville,"$1,450/mo"
45,Common Room in 28 Cassia Crescent,"$1,250/mo"
46,Common Room in 123 Geylang East Central,$900/mo
47,Room in TRE Residences,"$2,400/mo"
48,Room in Aston Mansions,"$2,300/mo"
49,Master Room in Simsville,"$2,500/mo"
50,Room in Sims Green,$880/mo
51,Common Room in Simsville,
52,Room in Simsville,"$1,550/mo"
53,Room in Central Grove,"$2,200/mo"
54,Room in Atrium Residences,"$1,400/mo"
55,Room in The Sunny Spring,$900/mo
56,Common Room in Wing Fong Mansions,"$1,000/mo"
57,Room in 81 Lorong 25 Geylang,"$2,300/mo"
58,Common Room in 92 Pipit Road,$900/mo
59,Room in Penang Service Apartments,"$1,500/mo"
60,Common Room in Cassia View,$999/mo
61,Common Room in 123 Geylang East Central,"$1,500/mo"
62,Common Room in The Sunny Spring,"$1,250/mo"
63,Room in TRE Residences,"$1,700/mo"
64,Room in Goodview Apartments,"$1,800/mo"
65,Common Room in Goodview Apartments,"$1,900/mo"
66,Room in Lotus at Paya Lebar (East Wing),"$3,710/mo"
67,Common Room in Sims Dorado,"$2,000/mo"
68,Master Room in Wing Fong Court,"$1,850/mo"
69,Room in Aston Mansions,"$2,500/mo"
70,Room in Sims Dorado,"$2,500/mo"
71,Room in The Alcove,"$1,650/mo"
72,Common Room in Simsville,"$1,680/mo"
73,Common Room in The Sunny Spring,$900/mo
74,Master Room in Simsville,"$2,100/mo"
75,Master Room in 108 Aljunied Crescent,"$1,800/mo"
76,Common Room in Aston Mansions,"$1,600/mo"
77,Common Room in Aston Mansions,"$1,300/mo"
78,Master Room in TRE Residences,"$2,400/mo"
79,Common Room in Atrium Residences,"$1,450/mo"
80,Room in Simsville,"$1,450/mo"
81,Common Room in 28 Cassia Crescent,"$1,250/mo"
82,Common Room in 123 Geylang East Central,$900/mo
83,Room in TRE Residences,"$2,400/mo"
84,Room in Aston Mansions,"$2,300/mo"
85,Master Room in Simsville,"$1,350/mo"
86,Master Room in Cassia View,"$2,199/mo"
87,Common Room in Lorong 9 Geylang,"$1,200/mo"
88,Common Room in Wing Fong Mansions,"$1,000/mo"
89,Common Room in Central Grove,$880/mo
90,Master Room in Cassia View,"$2,300/mo"
91,Common Room in Cassia View,"$1,050/mo"
92,Common Room in 28 Cassia Crescent,$900/mo
93,Common Room in Sims Green,"$1,200/mo"
94,Master Room in Sims 450 Centre,"$2,600/mo"
95,Common Room in Wing Fong Mansions,"$2,000/mo"
96,Room in Loft 33,"$1,600/mo"
97,Common Room in TRE Residences,"$1,700/mo"
98,Master Room in Sunny Grove,"$1,880/mo"
99,Room in Grandlink Square,"$1,800/mo"
100,Common Room in Delight Court,"$1,358/mo"
101,Master Room in Loft 33,"$1,900/mo"
102,Room in Sunny Grove,"$1,880/mo"
103,Common Room in Simsville,"$2,949/mo"
104,Common Room in Aston Mansions,"$1,450/mo"
105,Master Room in Simsville,"$2,300/mo"
106,Room in Atrium Residences,"$1,600/mo"
107,,
108,Common Room in Simsville,"$1,680/mo"
109,Common Room in The Sunny Spring,$900/mo
110,Master Room in Simsville,"$2,100/mo"
111,Master Room in 108 Aljunied Crescent,"$1,800/mo"
112,Common Room in Aston Mansions,"$1,600/mo"
113,Common Room in Aston Mansions,"$1,300/mo"
114,Master Room in TRE Residences,"$2,400/mo"
115,Common Room in Atrium Residences,"$1,450/mo"
116,Room in Simsville,"$1,450/mo"
117,Common Room in 28 Cassia Crescent,"$1,250/mo"
118,Common Room in 123 Geylang East Central,$900/mo
119,Room in TRE Residences,"$2,400/mo"
120,Room in Aston Mansions,"$2,300/mo"
121,Master Room in Simsville,"$2,500/mo"
122,Room in Sims Green,$880/mo
123,Room in Simsville,"$1,550/mo"
124,Room in Central Grove,"$2,200/mo"
125,Room in Atrium Residences,"$1,400/mo"
126,Room in The Sunny Spring,$900/mo
127,Common Room in Wing Fong Mansions,"$1,000/mo"
128,Room in 81 Lorong 25 Geylang,"$2,300/mo"
129,Common Room in 92 Pipit Road,$900/mo
130,Room in Penang Service Apartments,"$1,500/mo"
131,Common Room in Cassia View,$999/mo
132,Common Room in 123 Geylang East Central,"$1,500/mo"
133,Common Room in The Sunny Spring,"$1,250/mo"
134,Room in TRE Residences,"$1,700/mo"
135,Room in Goodview Apartments,"$1,800/mo"
136,Common Room in Goodview Apartments,"$1,900/mo"
137,Room in Lotus at Paya Lebar (East Wing),"$3,710/mo"
138,Common Room in Sims Dorado,"$2,000/mo"
139,Master Room in Wing Fong Court,"$1,850/mo"
140,Room in Aston Mansions,"$2,500/mo"
141,Room in Sims Dorado,"$2,500/mo"
142,Room in The Alcove,"$1,650/mo"
143,Common Room in The Midas,"$1,500/mo"
144,Common Room in TRE Residences,"$1,550/mo"
145,Common Room in Sims Urban Oasis,"$1,500/mo"
146,Common Room in Palm Lodge,"$1,490/mo"
147,Common Room in The Sunny Spring,"$1,250/mo"
148,Common Room in 53 Pipit Road,"$1,200/mo"
149,Common Room in The Sunny Spring,"$1,600/mo"
150,Room in Penang Service Apartments,"$2,200/mo"
151,Common Room in Sims Residences,"$1,450/mo"
152,Master Room in Summer View,"$1,800/mo"
153,Common Room in TRE Residences,"$2,700/mo"
154,Master Room in Casa Emerald,"$2,000/mo"
155,Common Room in Casa Emerald,"$1,300/mo"
156,Room in 45 Sims Drive,"$1,100/mo"
157,Common Room in Lorong 13 Geylang,"$2,900/mo"
158,Room in Grandlink Square,"$2,000/mo"
159,Common Room in Simsville,"$2,249/mo"
160,Common Room in Aston Mansions,"$1,450/mo"
161,Common Room in Cassia View,"$1,900/mo"
162,Common Room in Wing Fong Mansions,"$1,580/mo"
163,Room in 119 Aljunied Avenue 2,"$2,800/mo"
164,Room in 122 Geylang East Central,$900/mo
165,Room in 119 Aljunied Avenue 2,"$2,300/mo"
166,Master Room in 119 Aljunied Avenue 2,"$2,700/mo"
167,Common Room in 119 Aljunied Avenue 2,"$2,800/mo"
168,Common Room in Familie Mansions,"$1,000/mo"
169,Master Room in 108 Aljunied Crescent,"$1,400/mo"
170,Master Room in Geylang Conservation Area,"$3,000/mo"
171,Room in Cassia View,"$2,198/mo"
172,Common Room in Palm Lodge,"$1,490/mo"
173,Room in Guillemard Suites,"$2,600/mo"
174,Room in TRE Residences,"$1,888/mo"
175,Master Room in The Sunny Spring,"$1,800/mo"
176,Master Room in Sims Urban Oasis,"$2,699/mo"
177,Master Room in Simsville,"$1,949/mo"
178,Common Room in Grandlink Square,"$1,800/mo"
179,Room in Lotus at Paya Lebar (East Wing),"$4,570/mo"
180,Master Room in Canne Lodge,"$2,350/mo"
181,Common Room in 3A Upper Boon Keng Road,"$1,000/mo"
182,Master Room in 56 Geylang Bahru,"$1,300/mo"
183,Common Room in 48 Circuit Road,$450/mo
184,Common Room in The Amarelle,"$1,650/mo"
185,Master Room in 83B Circuit Road,"$3,000/mo"
186,Common Room in 16 Upper Boon Keng Road,"$2,800/mo"
187,Common Room in Dunman Place,"$1,550/mo"
188,Common Room in Dunman Place,"$1,600/mo"
189,Room in Dunman Place,"$1,750/mo"
190,Master Room in Onan Road,"$2,000/mo"
191,Common Room in Dunman Place,"$1,700/mo"
192,Common Room in Dunman Place,"$1,850/mo"
193,Common Room in 5 Haig Road,"$1,100/mo"
194,Common Room in 8A Upper Boon Keng Road,"$1,198/mo"
195,Common Room in Dunman Place,"$1,850/mo"
196,Master Room in 83B Circuit Road,"$3,000/mo"
197,Common Room in Dunman Place,"$1,600/mo"
198,Common Room in 29 Balam Road,"$1,000/mo"
199,Common Room in 18A Circuit Road,"$1,480/mo"
200,Common Room in Canberlin Lodge,"$1,500/mo"
201,Common Room in Dunman Place,"$1,600/mo"
202,Common Room in Dunman Place,"$1,700/mo"
203,Master Room in Canne Lodge,"$2,008/mo"
204,Room in 3C Upper Boon Keng Road,"$1,100/mo"
205,Common Room in Tanjong Katong Road,"$1,680/mo"
206,Room in 5 Haig Road,"$1,500/mo"
207,Master Room in Sallim Lodge,"$2,000/mo"
208,Common Room in Sallim Lodge,"$1,400/mo"
209,Common Room in Sallim Lodge,"$1,500/mo"
210,Room in Dakota Residences,"$1,800/mo"
211,Common Room in Dawn Ville,"$1,000/mo"
212,Common Room in 56 Geylang Bahru,$550/mo
213,Common Room in 2D Upper Boon Keng Road,"$1,000/mo"
214,Master Room in Onan Road,"$2,200/mo"
215,Master Room in 16 Upper Boon Keng Road,"$2,800/mo"
216,Room in 56 Geylang Bahru,$550/mo
217,Common Room in 2D Upper Boon Keng Road,"$1,100/mo"
218,Room in 3 Joo Chiat Road,"$1,400/mo"
219,Common Room in Canberlin Lodge,"$1,350/mo"
220,Common Room in Waterbank At Dakota,"$1,800/mo"
221,Room in Dunman Place,"$1,400/mo"
222,Common Room in Sennett Estate,"$1,700/mo"
223,Master Room in Canne Lodge,"$2,200/mo"
224,Room in 47 Bendemeer Road,"$1,200/mo"
225,Master Room in Canne Lodge,"$2,200/mo"
226,Common Room in 97 Geylang Bahru,"$1,200/mo"
227,Common Room in Dunman Place,"$2,200/mo"
228,Master Room in Paradise Palms,"$2,499/mo"
229,Common Room in Paradise Palms,"$1,899/mo"
230,Common Room in Canne Lodge,"$1,900/mo"
231,Common Room in 2A Upper Boon Keng Road,"$1,400/mo"
232,Master Room in Canne Lodge,"$1,800/mo"
233,Common Room in 97 Geylang Bahru,"$1,200/mo"
234,Common Room in Canne Lodge,"$1,800/mo"
235,Common Room in Canberlin Lodge,"$1,300/mo"
236,Common Room in Dunman Place,"$1,600/mo"
237,Common Room in Canne Ville,"$2,000/mo"
238,Common Room in Jalan Chengkek,"$1,700/mo"
239,Common Room in 66 Circuit Road,"$1,000/mo"
240,Room in 8B Upper Boon Keng Road,"$1,350/mo"
241,Room in 11 Upper Boon Keng Road,$550/mo
242,Common Room in Sallim Lodge,"$1,500/mo"
243,Common Room in Sallim Lodge,"$1,300/mo"
244,Room in The Antares,"$2,500/mo"
245,Room in 2D Upper Boon Keng Road,"$1,100/mo"
246,Common Room in 83A Circuit Road,"$1,500/mo"
247,Common Room in 8B Upper Boon Keng Road,"$1,400/mo"
248,Master Room in 55 Pipit Road,"$1,100/mo"
249,Room in 112 Lorong 3 Geylang,"$1,000/mo"
250,Common Room in 2D Upper Boon Keng Road,$900/mo
251,Master Room in 16 Upper Boon Keng Road,"$3,200/mo"
252,Master Room in Boon Keng Ville,"$3,500/mo"
253,Common Room in Canne Lodge,"$2,200/mo"
254,Common Room in Canne Lodge,"$1,800/mo"
255,Room in 5 Pine Close,"$1,500/mo"
256,Room in 60 Dakota Crescent,"$1,400/mo"
257,Common Room in 8A Upper Boon Keng Road,"$1,300/mo"
258,Room in 16 Upper Boon Keng Road,"$2,700/mo"
259,Room in Macpherson Garden Estate,"$1,500/mo"
260,Master Room in Sennett Estate,"$1,200/mo"
261,Common Room in Sennett Estate,"$1,600/mo"
262,Common Room in Canne Lodge,"$1,900/mo"
263,Common Room in Canne Lodge,"$1,800/mo"
264,Master Room in Canne Lodge,"$2,300/mo"
265,Master Room in Park Place Residences at Plq,"$2,800/mo"
266,Common Room in 47 Bendemeer Road,"$1,200/mo"
267,Room in 16 Upper Boon Keng Road,"$1,500/mo"
268,Common Room in Macpherson Garden Estate,"$1,300/mo"
269,Room in Fortville,"$3,840/mo"
270,Room in One K Greenlane,"$3,300/mo"
271,Common Room in Jalan Chengkek,"$2,200/mo"
