,Property,Price
0,Common Room in 309A Ang Mo Kio Street 31,$900/mo
1,Master Room in 130 Ang Mo Kio Avenue 3,"$1,500/mo"
2,Master Room in 128 Ang Mo Kio Avenue 3,"$1,500/mo"
3,Common Room in 336 Ang Mo Kio Avenue 1,$750/mo
4,Common Room in 423 Ang Mo Kio Avenue 3,"$1,100/mo"
5,Common Room in 334 Ang Mo Kio Avenue 1,$750/mo
6,Common Room in 570 Ang Mo Kio Avenue 3,$800/mo
7,Common Room in 352 Ang Mo Kio Street 32,"$1,300/mo"
8,Common Room in 700C Ang Mo Kio Avenue 6,"$1,100/mo"
9,Room in 421 Ang Mo Kio Avenue 10,$700/mo
10,Master Room in 121 Ang Mo Kio Avenue 3,"$1,300/mo"
11,Master Room in 215 Ang Mo Kio Avenue 1,"$1,300/mo"
12,Common Room in 210 Ang Mo Kio Avenue 3,$750/mo
13,Room in 423 Ang Mo Kio Avenue 3,"$1,200/mo"
14,Common Room in 333 Ang Mo Kio Avenue 1,$500/mo
15,Master Room in 522 Ang Mo Kio Avenue 5,"$1,500/mo"
16,Common Room in Centro Residences,"$2,000/mo"
17,Common Room in 524 Ang Mo Kio Avenue 5,"$1,000/mo"
18,Master Room in 335 Ang Mo Kio Avenue 1,"$1,500/mo"
19,Master Room in 122 Ang Mo Kio Avenue 3,"$1,200/mo"
20,Room in 522 Ang Mo Kio Avenue 5,"$1,700/mo"
21,Master Room in 210 Ang Mo Kio Avenue 3,"$2,300/mo"
22,Common Room in 332 Ang Mo Kio Avenue 1,$850/mo
23,Room in 561 Ang Mo Kio Avenue 10,"$1,300/mo"
24,Common Room in 431 Ang Mo Kio Avenue 10,"$1,500/mo"
25,Common Room in 354 Ang Mo Kio Street 32,$900/mo
26,Common Room in 214 Ang Mo Kio Avenue 3,$800/mo
27,Room in 565 Ang Mo Kio Avenue 3,$900/mo
28,Common Room in 121 Ang Mo Kio Avenue 3,$900/mo
29,Common Room in 120 Ang Mo Kio Avenue 3,"$1,250/mo"
30,Master Room in 324 Ang Mo Kio Avenue 3,"$1,500/mo"
31,Common Room in 418 Ang Mo Kio Avenue 10,$800/mo
32,Room in 335 Ang Mo Kio Avenue 1,"$1,500/mo"
33,Room in 576 Ang Mo Kio Avenue 10,$900/mo
34,Master Room in 321 Ang Mo Kio Avenue 1,"$1,300/mo"
35,Room in 710 Ang Mo Kio Avenue 8,"$1,300/mo"
36,Master Room in 213 Ang Mo Kio Avenue 3,"$1,300/mo"
37,Room in 522 Ang Mo Kio Avenue 5,"$1,600/mo"
38,Room in 728 Ang Mo Kio Avenue 6,"$2,400/mo"
39,Room in 522 Ang Mo Kio Avenue 5,"$1,100/mo"
40,Room in 445 Ang Mo Kio Avenue 10,$950/mo
41,Room in 728 Ang Mo Kio Avenue 6,"$2,300/mo"
42,Room in 531 Ang Mo Kio Avenue 10,"$2,400/mo"
43,Common Room in 504 Ang Mo Kio Avenue 8,"$1,200/mo"
44,Room in 584 Ang Mo Kio Avenue 3,"$1,200/mo"
45,Common Room in 451 Ang Mo Kio Avenue 10,$980/mo
46,Common Room in 310B Ang Mo Kio Avenue 1,"$1,050/mo"
47,Common Room in 213 Ang Mo Kio Avenue 3,"$1,600/mo"
48,Master Room in 130 Ang Mo Kio Avenue 3,"$1,300/mo"
49,Common Room in 312 Ang Mo Kio Avenue 3,"$1,100/mo"
50,Common Room in 539 Ang Mo Kio Avenue 10,"$1,200/mo"
51,Room in 131 Ang Mo Kio Avenue 3,"$1,250/mo"
52,Room in 134 Ang Mo Kio Avenue 3,"$1,150/mo"
53,Room in 576 Ang Mo Kio Avenue 10,$900/mo
54,Common Room in 438 Ang Mo Kio Avenue 10,$850/mo
55,Common Room in 322 Ang Mo Kio Avenue 3,"$1,100/mo"
56,Common Room in 301 Ang Mo Kio Avenue 3,"$1,100/mo"
57,Master Room in 434 Ang Mo Kio Avenue 10,"$1,200/mo"
58,Room in 352 Ang Mo Kio Street 32,"$1,200/mo"
59,Common Room in 425 Ang Mo Kio Avenue 3,$400/mo
60,Common Room in 425 Ang Mo Kio Avenue 3,$900/mo
61,Common Room in 343 Ang Mo Kio Avenue 3,$980/mo
62,Common Room in 596A Ang Mo Kio Street 52,"$1,200/mo"
63,Common Room in 618 Ang Mo Kio Avenue 4,"$1,200/mo"
64,Master Room in Serangoon Garden Estate,"$1,900/mo"
65,Common Room in 231 Bishan Street 23,$950/mo
66,Common Room in 225 Bishan Street 23,$900/mo
67,Common Room in 476 Ang Mo Kio Avenue 10,$650/mo
68,Common Room in Serangoon Garden Estate,"$1,500/mo"
69,Master Room in 404 Ang Mo Kio Avenue 10,"$1,600/mo"
70,Common Room in Seasons Park,"$1,350/mo"
71,Common Room in Chip Thye Garden,"$1,200/mo"
72,Room in 460 Ang Mo Kio Avenue 10,"$1,200/mo"
73,Master Room in 560 Ang Mo Kio Avenue 10,"$1,400/mo"
74,Common Room in Serangoon Garden Estate,"$1,500/mo"
75,Master Room in Clover By The Park,"$1,600/mo"
76,Common Room in 622 Ang Mo Kio Avenue 9,"$1,488/mo"
77,Common Room in 255 Ang Mo Kio Avenue 4,$850/mo
78,Room in 288 Bishan Street 24,"$1,300/mo"
79,Room in 261 Bishan Street 22,$950/mo
80,Common Room in Sky Habitat,"$1,600/mo"
81,Master Room in 404 Ang Mo Kio Avenue 10,"$1,600/mo"
82,Room in 612 Ang Mo Kio Avenue 4,"$1,100/mo"
83,Room in 182 Ang Mo Kio Avenue 5,"$1,200/mo"
84,Common Room in 260A Ang Mo Kio Street 21,"$1,200/mo"
85,Common Room in 612 Ang Mo Kio Avenue 4,"$1,100/mo"
86,Common Room in 612 Ang Mo Kio Avenue 4,"$1,100/mo"
87,Room in Sky Habitat,"$1,600/mo"
88,Common Room in 116 Ang Mo Kio Avenue 4,"$1,200/mo"
89,Master Room in 603 Ang Mo Kio Avenue 5,"$1,300/mo"
90,Common Room in 287 Bishan Street 24,"$1,100/mo"
91,Common Room in 289 Bishan Street 24,"$1,100/mo"
92,Master Room in 638 Ang Mo Kio Avenue 6,"$1,100/mo"
93,Master Room in 182 Ang Mo Kio Avenue 5,"$1,200/mo"
94,Master Room in 235 Ang Mo Kio Avenue 3,"$1,650/mo"
95,Common Room in 230 Bishan Street 23,$800/mo
96,Room in 156 Ang Mo Kio Avenue 4,"$1,500/mo"
97,Room in 206 Bishan Street 23,"$2,500/mo"
98,Common Room in Horizon Gardens,"$1,800/mo"
99,Master Room in 178 Ang Mo Kio Avenue 4,"$1,200/mo"
100,Room in 646 Ang Mo Kio Avenue 6,$900/mo
101,Room in Far Horizon Garden,"$2,780/mo"
102,Common Room in 472 Ang Mo Kio Avenue 10,$450/mo
103,Common Room in 623 Ang Mo Kio Avenue 9,$850/mo
104,Master Room in 606 Ang Mo Kio Avenue 5,"$1,200/mo"
105,Room in 457 Ang Mo Kio Avenue 10,"$1,550/mo"
106,Room in 646 Ang Mo Kio Avenue 6,"$1,000/mo"
107,Master Room in Serangoon Garden Estate,"$1,400/mo"
108,Common Room in 638 Ang Mo Kio Avenue 6,"$1,100/mo"
109,Common Room in 204 Bishan Street 23,"$1,800/mo"
110,Room in 612 Ang Mo Kio Avenue 4,"$1,300/mo"
111,Master Room in Far Horizon Garden,"$2,780/mo"
112,Common Room in Nuovo,"$1,400/mo"
113,Room in Mayflower Gardens,"$2,500/mo"
114,Master Room in 401 Ang Mo Kio Avenue 10,"$1,100/mo"
115,Master Room in 218 Ang Mo Kio Avenue 1,"$1,200/mo"
116,Master Room in 473 Ang Mo Kio Avenue 10,$800/mo
