,Property,Price
0,Common Room in 224A Compassvale Walk,"$1,000/mo"
1,Common Room in 107D Edgefield Plains,"$1,000/mo"
2,Common Room in 124B Rivervale Drive,$700/mo
3,Common Room in 250D Compassvale Street,"$1,100/mo"
4,Master Room in 209C Compassvale Lane,"$1,200/mo"
5,Common Room in Riversound Residence,"$1,280/mo"
6,Common Room in 180C Rivervale Crescent,$900/mo
7,Common Room in Riversound Residence,"$1,000/mo"
8,Common Room in 225B Compassvale Walk,$850/mo
9,Master Room in Beauty Garden,"$3,000/mo"
10,Master Room in Beauty Garden,"$2,800/mo"
11,Master Room in 228C Compassvale Walk,"$1,600/mo"
12,Common Room in Riversound Residence,"$1,000/mo"
13,Master Room in Beauty Garden,"$3,000/mo"
14,Master Room in Beauty Garden,"$2,800/mo"
15,Common Room in Rivervale Crest,"$1,300/mo"
16,Master Room in 233 Compassvale Walk,$950/mo
17,Master Room in 188C Rivervale Drive,$900/mo
18,Common Room in 142 Rivervale Crescent,"$1,200/mo"
19,Common Room in 239 Compassvale Walk,"$1,000/mo"
20,Common Room in 163A Rivervale Crescent,"$1,150/mo"
21,Master Room in Riversound Residence,"$2,600/mo"
22,Master Room in 119C Rivervale Drive,"$1,500/mo"
23,Room in 224A Compassvale Walk,"$1,000/mo"
24,Master Room in 120B Rivervale Drive,"$1,200/mo"
25,Common Room in 111 Edgefield Plains,"$1,000/mo"
26,Common Room in 104B Edgefield Plains,$900/mo
27,Room in 104B Edgefield Plains,$900/mo
28,Common Room in 230 Compassvale Walk,$950/mo
29,Room in 244 Compassvale Road,"$1,400/mo"
30,Common Room in 207C Compassvale Lane,"$1,000/mo"
31,Room in 122E Rivervale Drive,$900/mo
32,Common Room in 185A Rivervale Crescent,$900/mo
33,Master Room in Riversound Residence,"$2,000/mo"
34,Room in Riversound Residence,"$1,200/mo"
35,Common Room in 104B Edgefield Plains,$900/mo
36,Room in 144 Rivervale Drive,"$1,600/mo"
37,Common Room in 227A Compassvale Drive,"$1,200/mo"
38,Room in 180C Rivervale Crescent,"$1,200/mo"
39,Room in 117B Rivervale Drive,"$1,100/mo"
40,Common Room in 162A Rivervale Crescent,$850/mo
41,Common Room in Austville Residences,"$1,500/mo"
42,Master Room in 155 Rivervale Crescent,"$1,600/mo"
43,Common Room in 207A Compassvale Lane,"$1,000/mo"
44,Common Room in 186D Rivervale Drive,"$1,000/mo"
45,Common Room in 297B Compassvale Street,$800/mo
46,Master Room in 157C Rivervale Crescent,"$1,200/mo"
47,Common Room in Austville Residences,"$1,100/mo"
48,Room in 185D Rivervale Crescent,"$1,000/mo"
49,Common Room in 121 Rivervale Drive,$950/mo
50,Common Room in 121 Rivervale Drive,$950/mo
51,Common Room in Riversound Residence,"$1,300/mo"
52,Common Room in 103 Rivervale Walk,$800/mo
53,Common Room in 202A Punggol Field,"$1,000/mo"
54,Common Room in 195C Punggol Road,"$1,200/mo"
55,Common Room in The Amore,"$1,200/mo"
56,Common Room in 302B Anchorvale Link,"$1,500/mo"
57,Common Room in 216A Compassvale Drive,"$1,100/mo"
58,Common Room in 547 Hougang Street 51,$900/mo
59,Common Room in 295C Compassvale Crescent,"$1,000/mo"
60,Common Room in 473C Upper Serangoon Crescent,$850/mo
61,Common Room in Rio Vista,"$1,500/mo"
62,Common Room in 622C Punggol Central,$900/mo
63,Common Room in 352 Hougang Avenue 7,$800/mo
64,Master Room in Compass Heights,"$1,850/mo"
65,Common Room in 331C Anchorvale Street,$900/mo
66,Common Room in 612C Punggol Drive,$850/mo
67,Common Room in 632B Punggol Drive,$900/mo
68,Common Room in Compass Heights,"$1,200/mo"
69,Common Room in 293C Compassvale Crescent,"$1,100/mo"
70,Common Room in 187 Punggol Central,$800/mo
71,Master Room in 171B Edgedale Plains,"$1,500/mo"
72,Common Room in 281B Sengkang East Avenue,"$1,200/mo"
73,Master Room in Twin Waterfalls,"$1,500/mo"
74,Common Room in 296B Compassvale Crescent,$800/mo
75,Common Room in River Isles,"$2,500/mo"
76,Master Room in 294 Punggol Central,"$2,000/mo"
77,Room in 420 Hougang Avenue 10,"$1,300/mo"
78,Common Room in 213A Punggol Walk,"$1,000/mo"
79,Master Room in Prive,"$2,200/mo"
80,Common Room in 473B Upper Serangoon Crescent,"$1,200/mo"
81,Common Room in The Terrace,"$1,700/mo"
82,Room in Compass Heights,"$1,300/mo"
83,Common Room in 624A Punggol Central,$850/mo
84,Common Room in The Amore,"$1,100/mo"
85,Common Room in The Vales,"$1,600/mo"
86,Common Room in 635C Punggol Drive,$950/mo
87,Common Room in The Terrace,"$1,200/mo"
88,Master Room in 547 Hougang Street 51,$950/mo
89,Room in 128A Punggol Field Walk,$980/mo
90,Common Room in 172C Edgedale Plains,"$1,200/mo"
91,Room in The Quartz,"$1,500/mo"
92,Common Room in 286C Compassvale Crescent,"$1,500/mo"
93,Master Room in Compass Heights,"$1,200/mo"
94,Room in The Terrace,"$1,300/mo"
95,Room in 652 Punggol Central,"$1,200/mo"
96,Room in 445 Hougang Avenue 8,"$2,200/mo"
97,Common Room in 216B Compassvale Drive,"$1,200/mo"
98,Common Room in 216B Compassvale Drive,"$1,200/mo"
99,Common Room in 217B Sumang Walk,$850/mo
100,Master Room in 102B Punggol Field,"$1,000/mo"
101,Room in 306C Anchorvale Link,"$1,000/mo"
102,Room in 203B Compassvale Road,$850/mo
103,Room in 258D Compassvale Road,"$1,500/mo"
104,Common Room in 473C Upper Serangoon Crescent,$900/mo
105,Master Room in 325B Sengkang East Way,"$1,500/mo"
106,Room in 296A Compassvale Crescent,"$1,100/mo"
107,Common Room in 302B Punggol Place,$850/mo
108,Master Room in 420 Hougang Avenue 10,"$1,300/mo"
109,Common Room in 322A Anchorvale Drive,$900/mo
110,Room in 299 Punggol Central,"$1,200/mo"
111,Common Room in The Quartz,"$1,500/mo"
112,Common Room in 166A Punggol Central,"$1,000/mo"
113,Room in 473D Upper Serangoon Crescent,"$1,200/mo"
114,Common Room in 201A Compassvale Drive,$850/mo
115,Common Room in 647 Punggol Central,"$3,800/mo"
116,Common Room in 320B Anchorvale Drive,$900/mo
117,Common Room in 271C Punggol Walk,"$1,100/mo"
118,Common Room in Jewel @ Buangkok,"$1,350/mo"
119,Common Room in 622C Punggol Central,"$1,200/mo"
120,Master Room in Riversails,"$2,000/mo"
121,Common Room in 559 Hougang Street 51,"$1,200/mo"
122,Common Room in River Isles,"$1,300/mo"
123,Common Room in 666A Punggol Drive,$850/mo
124,Common Room in 612C Punggol Drive,$950/mo
125,Common Room in 305B Anchorvale Link,$850/mo
126,Common Room in 269C Punggol Field,"$1,400/mo"
127,Room in 613D Punggol Drive,$950/mo
128,Room in 471A Upper Serangoon Crescent,$900/mo
129,Common Room in 436 Hougang Avenue 8,"$1,000/mo"
130,Common Room in 216A Compassvale Drive,"$1,100/mo"
131,Master Room in 561 Hougang Street 51,"$1,300/mo"
132,Common Room in 292A Compassvale Street,"$1,200/mo"
133,Common Room in Waterbay,"$1,360/mo"
134,Common Room in Jewel @ Buangkok,"$1,350/mo"
135,Common Room in Treasure Crest,$600/mo
136,Common Room in 105B Edgefield Plains,$950/mo
137,Master Room in 211D Punggol Walk,"$1,200/mo"
138,Common Room in 319A Anchorvale Drive,$900/mo
139,Common Room in La Fiesta,"$1,888/mo"
140,Master Room in 332B Anchorvale Link,"$2,200/mo"
141,Common Room in 612C Punggol Drive,$850/mo
142,Master Room in 196D Punggol Field,"$1,200/mo"
143,Common Room in Waterbay,"$1,500/mo"
144,Common Room in 273B Compassvale Link,"$1,400/mo"
145,Common Room in 458 Hougang Avenue 10,$699/mo
146,Room in 352 Hougang Avenue 7,"$2,388/mo"
147,Common Room in 322B Anchorvale Drive,"$1,100/mo"
148,Master Room in 211D Punggol Walk,"$1,350/mo"
149,Room in 641A Punggol Drive,$900/mo
150,Room in 642D Punggol Drive,"$1,000/mo"
151,Room in 416 Hougang Avenue 10,"$1,000/mo"
152,Room in 268A Compassvale Link,$850/mo
153,Room in 261A Sengkang East Way,"$1,100/mo"
154,Common Room in Compass Heights,"$1,400/mo"
155,Common Room in 203B Compassvale Road,"$1,800/mo"
156,Common Room in 619C Punggol Drive,$850/mo
157,Room in La Fiesta,"$3,688/mo"
158,Common Room in 261D Sengkang East Way,"$1,000/mo"
159,Common Room in 207B Punggol Place,"$1,000/mo"
160,Master Room in Kingsford Waterbay,"$3,000/mo"
161,Common Room in 322A Anchorvale Drive,"$1,200/mo"
162,Room in 208B Punggol Place,"$1,400/mo"
163,Room in 278B Compassvale Bow,"$2,200/mo"
164,Master Room in 303B Anchorvale Link,"$1,100/mo"
165,Common Room in 322A Anchorvale Drive,$850/mo
166,Common Room in 473B Upper Serangoon Crescent,"$1,000/mo"
167,Common Room in 319B Anchorvale Drive,$600/mo
168,Room in 642D Punggol Drive,"$1,000/mo"
169,Room in 196C Punggol Field,"$1,300/mo"
170,Common Room in 416 Hougang Avenue 10,"$1,000/mo"
171,Room in 175C Punggol Field,"$1,000/mo"
172,Common Room in 220C Sumang Lane,$900/mo
173,Master Room in 302A Anchorvale Link,"$1,600/mo"
174,Common Room in Ecopolitan,"$1,800/mo"
175,Room in 299 Punggol Central,"$1,000/mo"
176,Common Room in Compass Heights,"$1,300/mo"
177,Common Room in Jewel @ Buangkok,"$1,600/mo"
178,Common Room in Parc Centros,"$2,000/mo"
179,Room in 171A Edgedale Plains,$950/mo
180,Common Room in 209C Punggol Place,$850/mo
181,Common Room in The Terrace,"$1,200/mo"
182,Room in 420 Hougang Avenue 10,"$1,250/mo"
183,Common Room in Flo Residence,"$1,150/mo"
184,Common Room in 195D Punggol Road,"$1,100/mo"
185,Master Room in 171A Edgedale Plains,"$1,200/mo"
186,Common Room in 269B Punggol Field,"$1,000/mo"
187,Common Room in The Vales,"$1,600/mo"
188,Master Room in Rio Vista,"$1,200/mo"
189,Room in Twin Waterfalls,"$1,300/mo"
190,Master Room in 105A Edgefield Plains,"$1,100/mo"
191,Common Room in 268A Compassvale Link,$850/mo
192,Master Room in Twin Waterfalls,"$1,250/mo"
193,Common Room in Treasure Crest,"$1,200/mo"
194,Common Room in 451 Hougang Avenue 10,"$1,100/mo"
195,Room in 303B Anchorvale Link,$800/mo
196,Common Room in 273D Punggol Place,"$1,000/mo"
197,Common Room in 302C Anchorvale Link,$800/mo
198,Room in 216A Compassvale Drive,"$1,100/mo"
199,Common Room in 313B Anchorvale Road,$990/mo
200,Master Room in 475C Upper Serangoon Crescent,"$1,350/mo"
201,Room in 101A Punggol Field,"$1,500/mo"
202,Common Room in The Vales,"$1,000/mo"
203,Common Room in Flo Residence,"$1,500/mo"
204,Master Room in Riversails,"$1,388/mo"
