,Property,Price
0,Common Room in Raya Garden,"$1,500/mo"
1,Common Room in 12 Joo Seng Road,"$1,000/mo"
2,Common Room in 14 Joo Seng Road,$850/mo
3,Common Room in 419 Serangoon Central,$900/mo
4,Master Room in Classical Terrace,"$1,900/mo"
5,Common Room in Bartley Ridge,"$1,700/mo"
6,Master Room in Bartley Rise Estate,"$1,850/mo"
7,Master Room in 3 Lorong Lew Lian,"$1,350/mo"
8,Common Room in 15 Joo Seng Road,"$1,400/mo"
9,Common Room in 419 Serangoon Central,$900/mo
10,Common Room in 425 Serangoon Avenue 1,"$1,000/mo"
11,Master Room in Classical Terrace,"$2,000/mo"
12,Master Room in Bartley Rise Estate,"$1,960/mo"
13,Master Room in Fengli Gardens,"$1,600/mo"
14,Common Room in Rosalia Park,"$1,500/mo"
15,Common Room in Bartley Ridge,"$1,350/mo"
16,Common Room in Cherryhill,"$1,500/mo"
17,Common Room in Bartley Villas,"$1,200/mo"
18,Common Room in Bartley Residences,"$1,550/mo"
19,Common Room in Sunshine Grove,"$1,050/mo"
20,Common Room in The Tre Ver,"$1,800/mo"
21,Common Room in 208 Serangoon Central,$800/mo
22,Common Room in 204 Serangoon Central,"$1,100/mo"
23,Common Room in 113 Potong Pasir Avenue 1,"$1,000/mo"
24,Master Room in Forest Woods,"$2,300/mo"
25,Master Room in Avon Park,"$1,750/mo"
26,Common Room in 139 Potong Pasir Avenue 3,"$1,200/mo"
27,Common Room in 108B Bidadari Park Drive,"$1,200/mo"
28,Master Room in Nin Residence,"$2,500/mo"
29,Master Room in 148 Potong Pasir Avenue 1,"$2,000/mo"
30,Master Room in Fortune View,"$1,600/mo"
31,Common Room in The Tre Ver,"$2,200/mo"
32,Master Room in 174B Hougang Avenue 1,"$1,500/mo"
33,Common Room in 29 Balam Road,"$1,000/mo"
34,Common Room in Kovan Melody,"$1,200/mo"
35,Common Room in 18A Circuit Road,"$1,480/mo"
36,Common Room in Jalan Lateh,"$1,200/mo"
37,Common Room in 218 Serangoon Avenue 4,$900/mo
38,Room in 233 Serangoon Avenue 3,"$1,500/mo"
39,Common Room in 144 Potong Pasir Avenue 2,$950/mo
40,Common Room in Avon Park,"$1,608/mo"
41,Room in 126 Hougang Avenue 1,$800/mo
42,Master Room in Sallim Lodge,"$2,000/mo"
43,Common Room in Sallim Lodge,"$1,400/mo"
44,Common Room in Sallim Lodge,"$1,500/mo"
45,Room in 104 Potong Pasir Avenue 1,"$1,200/mo"
46,Master Room in Kovan Melody,"$1,900/mo"
47,Master Room in Woodsville Mansions,"$1,600/mo"
48,Room in Kovan Melody,"$1,900/mo"
49,Room in The Tre Ver,"$5,200/mo"
50,Room in The Poiz Residences,"$3,800/mo"
51,Master Room in Woodsville Mansions,"$2,000/mo"
52,Room in 210 Serangoon Central,"$1,200/mo"
53,Master Room in 108 Hougang Avenue 1,"$1,200/mo"
54,Room in Primo Residences,"$2,000/mo"
55,Room in Kovan Melody,"$1,900/mo"
56,Common Room in 323 Serangoon Avenue 3,$900/mo
57,Master Room in 108 Hougang Avenue 1,"$1,200/mo"
58,Common Room in Sennett Estate,"$1,700/mo"
59,Common Room in 239 Serangoon Avenue 2,"$1,000/mo"
60,Room in Sennett Residence,"$2,000/mo"
61,Common Room in 216 Serangoon Avenue 4,"$1,000/mo"
62,Room in Avon Park,"$2,300/mo"
63,Room in Sunglade,"$1,420/mo"
64,Common Room in Woodsville 28,"$2,000/mo"
65,Master Room in Lim Tua Tow Road,"$2,100/mo"
66,Master Room in 236 Serangoon Avenue 3,"$1,500/mo"
67,Common Room in 101 Hougang Avenue 1,$550/mo
68,Common Room in Jalan Lateh,"$1,200/mo"
69,Common Room in Jalan Chengkek,"$1,700/mo"
70,Common Room in 66 Circuit Road,"$1,000/mo"
71,Room in The Tre Ver,"$1,800/mo"
72,Room in Joon Hiang Road,"$1,200/mo"
73,Common Room in Sennett Estate,"$1,600/mo"
74,Master Room in Intero,"$4,000/mo"
75,Common Room in Charlton 18,"$1,850/mo"
76,Common Room in 201 Serangoon Central,"$1,300/mo"
77,Common Room in Sallim Lodge,"$1,500/mo"
78,Common Room in Sallim Lodge,"$1,300/mo"
79,Room in The Antares,"$2,500/mo"
80,Master Room in Intero,"$4,000/mo"
81,Common Room in 142 Potong Pasir Avenue 3,"$1,350/mo"
82,Common Room in Golden Heights,"$1,400/mo"
83,Room in Joon Hiang Road,"$1,400/mo"
84,Common Room in 240 Hougang Street 22,"$1,100/mo"
85,Common Room in 155 Hougang Street 11,$800/mo
86,Master Room in Upper Serangoon Road,"$2,600/mo"
87,Room in Upper Serangoon Shopping Centre,"$1,200/mo"
88,Room in Upper Serangoon Shopping Centre,"$2,100/mo"
89,Room in 307 Serangoon Avenue 2,"$1,300/mo"
90,Common Room in Kovan Road,"$1,300/mo"
91,Common Room in Avon Park,"$1,620/mo"
92,Common Room in 135 Lorong Ah Soo,$900/mo
93,Master Room in Spazio @ Kovan,"$2,000/mo"
94,Room in 307 Serangoon Avenue 2,"$1,300/mo"
95,Master Room in 229 Serangoon Avenue 4,"$1,188/mo"
96,Common Room in Avon Park,"$1,500/mo"
97,Room in Sunglade,"$1,420/mo"
98,Common Room in 239 Serangoon Avenue 2,"$1,200/mo"
99,Room in Macpherson Garden Estate,"$1,500/mo"
100,Common Room in 312 Serangoon Avenue 2,"$1,000/mo"
101,Room in 108 Hougang Avenue 1,"$1,300/mo"
102,Master Room in Sennett Estate,"$1,200/mo"
103,Room in The Venue Residences,"$2,300/mo"
104,Common Room in 113 Potong Pasir Avenue 1,$999/mo
105,Common Room in 263 Serangoon Central Drive,$850/mo
106,Master Room in Nin Residence,"$2,900/mo"
107,Common Room in Macpherson Garden Estate,"$1,300/mo"
108,Room in Yio Chu Kang Terrace,"$2,400/mo"
109,Master Room in Highland Close,"$2,000/mo"
110,Common Room in 102B Bidadari Park Drive,"$1,300/mo"
111,Common Room in Jalan Chengkek,"$2,200/mo"
