,Property,Price
0,Common Room in The Sail @ Marina Bay,"$2,700/mo"
1,Common Room in The Sail @ Marina Bay,"$2,500/mo"
2,Common Room in The Sail @ Marina Bay,"$2,700/mo"
3,Master Room in The Sail @ Marina Bay,"$3,500/mo"
4,Master Room in The Sail @ Marina Bay,"$3,500/mo"
5,Common Room in The Sail @ Marina Bay,"$2,500/mo"
6,Common Room in The Sail @ Marina Bay,"$2,500/mo"
7,Common Room in The Sail @ Marina Bay,"$2,500/mo"
8,Master Room in The Sail @ Marina Bay,"$7,000/mo"
9,Common Room in The Sail @ Marina Bay,"$2,800/mo"
10,Master Room in The Sail @ Marina Bay,"$3,950/mo"
11,Common Room in The Sail @ Marina Bay,"$2,750/mo"
12,Master Room in The Sail @ Marina Bay,"$1,900/mo"
13,Common Room in The Sail @ Marina Bay,"$2,500/mo"
14,Room in Kreta Ayer Conservation Area,"$2,333/mo"
15,Room in 32 Tras Street,"$3,981/mo"
16,Room in Furama City Centre Singapore,"$4,600/mo"
17,Room in 12 Queen Street,"$5,000/mo"
18,Master Room in The Riverside Piazza,"$1,600/mo"
19,Master Room in Fook Hai Building,"$1,400/mo"
20,Master Room in Icon,"$2,700/mo"
21,Master Room in The Plaza,"$3,500/mo"
22,Common Room in The Plaza,"$2,800/mo"
23,Common Room in People's Park Complex,"$1,200/mo"
24,Common Room in People's Park Complex,"$1,100/mo"
25,Room in Furama City Centre Singapore,"$3,300/mo"
26,Common Room in The Riverside Piazza,"$1,600/mo"
27,Common Room in People's Park Complex,"$1,200/mo"
28,Common Room in People's Park Complex,"$1,699/mo"
29,Common Room in People's Park Complex,"$2,000/mo"
30,Common Room in 538 Upper Cross Street,"$1,300/mo"
31,Common Room in Emerald Garden,"$2,100/mo"
32,Common Room in Emerald Garden,"$2,300/mo"
33,Master Room in Kreta Ayer Conservation Area,"$4,620/mo"
34,Common Room in Emerald Garden,"$2,100/mo"
35,Common Room in Emerald Garden,"$2,200/mo"
36,Room in Skysuites @ Anson,"$3,000/mo"
37,Common Room in People's Park Complex,"$1,699/mo"
38,Common Room in People's Park Complex,"$1,200/mo"
39,Common Room in People's Park Complex,"$1,699/mo"
40,Common Room in International Plaza,"$1,700/mo"
41,Room in Duo Residences / Duo Tower,"$4,499/mo"
42,Room in Emerald Garden,"$2,100/mo"
43,Master Room in Emerald Garden,"$2,850/mo"
44,Master Room in The Riverside Piazza,"$1,600/mo"
45,Common Room in People's Park Complex,"$1,050/mo"
46,Common Room in 4 Tanjong Pagar Plaza,"$1,500/mo"
47,Common Room in 232 Bain Street,"$1,418/mo"
48,Master Room in Emerald Garden,"$2,950/mo"
49,Common Room in Emerald Garden,"$2,100/mo"
50,Common Room in Emerald Garden,"$2,250/mo"
51,Common Room in Emerald Garden,"$2,200/mo"
52,Common Room in 333 Kreta Ayer Road,"$3,300/mo"
53,Common Room in The Riverside Piazza,"$1,800/mo"
54,Common Room in Emerald Garden,"$2,600/mo"
55,Common Room in Emerald Garden,"$2,100/mo"
56,Master Room in Skysuites @ Anson,"$4,388/mo"
57,Room in V On Shenton,"$4,300/mo"
58,Master Room in International Plaza,"$2,900/mo"
59,Room in One Shenton,"$5,000/mo"
60,Master Room in Skysuites @ Anson,"$4,200/mo"
61,Room in Skysuites @ Anson,"$4,200/mo"
62,Room in Skysuites @ Anson,"$4,500/mo"
63,Master Room in People's Park Complex,"$1,800/mo"
64,Room in 232 Bain Street,"$1,500/mo"
65,Common Room in 4 Tanjong Pagar Plaza,"$1,580/mo"
66,Common Room in 4 Tanjong Pagar Plaza,"$1,500/mo"
67,Master Room in People's Park Complex,"$1,500/mo"
68,Common Room in People's Park Complex,"$1,300/mo"
69,Master Room in 75BR,"$4,200/mo"
70,Master Room in People's Park Complex,"$1,450/mo"
71,Room in V On Shenton,"$4,200/mo"
72,Common Room in 263 Waterloo Street,"$1,400/mo"
73,Master Room in Beach Road Conservation Area,"$3,800/mo"
74,Common Room in 334 Kreta Ayer Road,"$1,200/mo"
75,Room in Skysuites @ Anson,"$4,500/mo"
