,Property,Price
0,Master Room in Springdale Condominium,"$1,800/mo"
1,Common Room in Gardenvista,"$2,000/mo"
2,Common Room in Southaven II,"$1,200/mo"
3,Common Room in Springdale Condominium,"$1,550/mo"
4,Common Room in 5 Toh Yi Drive,"$1,000/mo"
5,Master Room in Sherwood Towers / Bukit Timah Plaza,"$1,700/mo"
6,Master Room in Springdale Condominium,"$1,600/mo"
7,Common Room in Mandarin Park,"$1,500/mo"
8,Common Room in Cheng Soon Garden,"$1,500/mo"
9,Common Room in 2 Toh Yi Drive,"$1,200/mo"
10,Common Room in 6 Toh Yi Drive,$980/mo
11,Common Room in 14 Toh Yi Drive,$950/mo
12,Master Room in Springdale Condominium,"$1,600/mo"
13,Common Room in Beauty World Plaza,"$1,200/mo"
14,Room in Signature Park,"$1,500/mo"
15,Room in 13 Toh Yi Drive,"$1,800/mo"
16,Common Room in Gardenvista,"$2,100/mo"
17,Common Room in Sherwood Towers / Bukit Timah Plaza,"$1,800/mo"
18,Common Room in Le Wood,"$1,500/mo"
19,Common Room in Springdale Condominium,$920/mo
20,Master Room in Daintree Residence,"$2,200/mo"
21,Master Room in Mayfair Modern,"$2,500/mo"
22,Common Room in Sherwood Towers / Bukit Timah Plaza,"$1,600/mo"
23,Common Room in The Creek @ Bukit,"$1,800/mo"
24,Master Room in The Hillford,"$2,500/mo"
25,Common Room in Daintree Residence,"$2,200/mo"
26,Master Room in 288E Bukit Batok Street 25,"$1,300/mo"
27,Room in Hume Park I,"$2,000/mo"
28,Common Room in 269 Bukit Batok East Avenue 4,"$1,000/mo"
29,Room in Clementi Park,"$1,500/mo"
30,Common Room in Clementi Park,$950/mo
31,Master Room in Parkview Apartments,"$1,800/mo"
32,Common Room in Hume Park II,"$1,300/mo"
33,Common Room in Hume Park II,"$1,300/mo"
34,Common Room in 288D Bukit Batok Street 25,$880/mo
35,Master Room in Kismis Place,"$1,800/mo"
36,Room in Hume Park II,"$1,500/mo"
