,Property,Price
0,Common Room in 20 Chai Chee Road,"$1,200/mo"
1,Common Room in 402 Bedok North Avenue 3,"$1,200/mo"
2,Room in 214 Bedok North Street 1,"$2,300/mo"
3,Common Room in Opera Estate,"$1,800/mo"
4,Master Room in Opera Estate,"$1,800/mo"
5,Common Room in 131 Bedok North Avenue 3,$950/mo
6,Common Room in 213 Bedok North Street 1,$950/mo
7,Common Room in 10E Bedok South Avenue 2,$988/mo
8,Master Room in 10E Bedok South Avenue 2,"$1,600/mo"
9,Room in 214 Bedok North Street 1,"$2,600/mo"
10,Master Room in 41 Chai Chee Street,"$2,000/mo"
11,Common Room in 807C Chai Chee Road,$900/mo
12,Master Room in Opera Estate,"$2,350/mo"
13,Master Room in 41 Chai Chee Street,"$1,100/mo"
14,Common Room in 21 Chai Chee Road,$950/mo
15,Master Room in Bedok Residences,"$1,700/mo"
16,Common Room in Casafina,"$1,100/mo"
17,Common Room in 29 Chai Chee Avenue,"$1,200/mo"
18,Master Room in 420 Bedok North Street 1,"$1,200/mo"
19,Master Room in Casafina,"$1,400/mo"
20,Common Room in 428 Bedok North Road,$600/mo
21,Common Room in 422 Bedok North Road,$700/mo
22,Room in 222B Bedok North Drive,"$1,300/mo"
23,Room in 22 Bedok South Avenue 1,"$1,100/mo"
24,Common Room in 32 Chai Chee Avenue,$700/mo
25,Room in 419 Bedok North Street 1,"$1,670/mo"
26,Common Room in 20 Chai Chee Road,$900/mo
27,Master Room in 214 Bedok North Street 1,"$3,600/mo"
28,Room in 547 Bedok North Street 3,$850/mo
29,Common Room in 418 Bedok North Avenue 2,"$1,300/mo"
30,Master Room in 43 Chai Chee Street,"$1,700/mo"
31,Room in 25 Chai Chee Road,$900/mo
32,Room in 214 Bedok North Street 1,"$2,200/mo"
33,Room in 521 Bedok North Avenue 1,"$1,000/mo"
34,Room in 214 Bedok North Street 1,"$2,600/mo"
35,Common Room in 427 Bedok North Road,$980/mo
36,Common Room in 34 Bedok South Avenue 2,"$1,000/mo"
37,Room in 547 Bedok North Street 3,$850/mo
38,Master Room in 129 Bedok North Street 2,"$1,200/mo"
39,Common Room in 20 Chai Chee Road,$750/mo
40,Common Room in Bayshore Park,"$1,380/mo"
41,Common Room in Laguna Park,"$1,950/mo"
42,Master Room in 126 Bedok North Street 2,"$1,250/mo"
43,Common Room in 182 Bedok North Road,"$1,200/mo"
44,Common Room in 61 Chai Chee Road,"$1,200/mo"
45,Common Room in 93 Bedok North Avenue 4,$988/mo
46,Common Room in Fortuna Seaview Villas,"$1,500/mo"
47,Common Room in 701 Bedok Reservoir Road,$900/mo
48,Common Room in Laguna Park,"$1,449/mo"
49,Master Room in Laguna Park,"$2,349/mo"
50,Room in 182 Bedok North Road,"$1,000/mo"
51,Common Room in 613B Bedok Reservoir Road,"$1,050/mo"
52,Master Room in Laguna Park,"$2,000/mo"
53,Common Room in Laguna Park,"$1,500/mo"
54,Common Room in Escada View,"$1,750/mo"
55,Common Room in 126 Bedok North Street 2,"$1,100/mo"
56,Common Room in Laguna Park,"$1,950/mo"
57,Master Room in Laguna Park,"$2,450/mo"
58,Common Room in East Meadows,"$1,350/mo"
59,Common Room in The Clearwater,"$1,599/mo"
60,Common Room in Escada View,"$1,350/mo"
61,Common Room in East Meadows,"$1,300/mo"
62,Common Room in 42 Bedok South Road,"$1,150/mo"
63,Common Room in 761 Bedok Reservoir View,$970/mo
64,Room in Aquarius By The Park,"$1,500/mo"
65,Common Room in The Calypso,"$1,800/mo"
66,Room in Urban Vista,"$1,800/mo"
67,Master Room in Laguna Park,"$1,900/mo"
68,Common Room in 60 New Upper Changi Road,"$1,000/mo"
69,Common Room in 94D Bedok North Avenue 4,"$1,200/mo"
70,Master Room in East Meadows,"$1,700/mo"
71,Common Room in Laguna Park,"$1,350/mo"
72,Common Room in The Tanamera,"$1,290/mo"
73,Common Room in Tanamera Crest,"$1,250/mo"
74,Common Room in Aquarius By The Park,"$2,000/mo"
75,Common Room in 128 Bedok North Street 2,"$1,000/mo"
76,Common Room in Waterfront Gold,"$2,200/mo"
77,Common Room in Waterfront Gold,"$1,250/mo"
78,Master Room in The Calypso,"$1,800/mo"
79,Common Room in East Meadows,"$1,400/mo"
80,Common Room in Lagoon View,"$1,482/mo"
81,Master Room in Bayshore Park,"$2,500/mo"
82,Master Room in 625 Bedok Reservoir Road,"$1,100/mo"
83,Master Room in The Bayshore,"$1,800/mo"
84,Room in 82 Bedok North Road,$600/mo
85,Master Room in Tanamera Crest,"$1,200/mo"
86,Common Room in Escada View,"$1,850/mo"
87,Master Room in Tanah Merah Kechil Road South,"$1,700/mo"
88,Common Room in 65 New Upper Changi Road,"$1,200/mo"
89,Master Room in 529 Bedok North Street 3,"$1,800/mo"
90,Common Room in 528 Bedok North Street 3,"$1,400/mo"
91,Common Room in 701 Bedok Reservoir Road,"$1,300/mo"
92,Common Room in 528 Bedok North Street 3,"$1,388/mo"
93,Room in 632 Bedok Reservoir Road,"$2,100/mo"
94,Room in Seaside Residences,"$3,749/mo"
95,Master Room in 701 Bedok Reservoir Road,"$1,900/mo"
96,Common Room in 125 Bedok North Road,"$1,200/mo"
97,Room in The Bayshore,$850/mo
98,Master Room in 157 Bedok South Avenue 3,"$1,500/mo"
99,Room in The Bayshore,"$1,450/mo"
100,Room in The Bayshore,$850/mo
101,Common Room in 701 Bedok Reservoir Road,"$1,800/mo"
102,Common Room in 82 Bedok North Road,$600/mo
103,Master Room in 534 Bedok North Street 3,$850/mo
104,Room in 180 Bedok North Road,"$1,200/mo"
105,Common Room in East Meadows,"$1,400/mo"
106,Common Room in Siglap V,"$1,550/mo"
107,Common Room in 55 Chai Chee Drive,$900/mo
108,Common Room in Aquarius By The Park,"$1,850/mo"
109,Common Room in Aquarius By The Park,"$1,749/mo"
110,Master Room in 182 Bedok North Road,"$1,300/mo"
111,Master Room in 39 Bedok South Road,$880/mo
112,Common Room in 526 Bedok North Street 3,$800/mo
113,Room in Lagoon View,$880/mo
114,Room in Seaside Residences,"$3,800/mo"
115,Room in 525 Bedok North Street 3,"$1,500/mo"
116,Common Room in Aquarius By The Park,"$1,500/mo"
117,Master Room in East Coast Road,"$2,200/mo"
118,Common Room in 528 Bedok North Street 3,"$1,400/mo"
119,Common Room in East Meadows,"$1,300/mo"
120,Common Room in D - Heritage Apartments,"$1,200/mo"
121,Room in 111 Bedok North Road,"$1,000/mo"
122,Common Room in Upper East Coast Road,"$2,000/mo"
123,Room in 632 Bedok Reservoir Road,"$2,100/mo"
124,Room in Lagoon View,"$1,480/mo"
125,Common Room in Springvale,"$1,900/mo"
126,Common Room in 701 Bedok Reservoir Road,"$1,200/mo"
127,Common Room in Jalan Lapang,$900/mo
128,Room in Flamingo Valley,"$1,900/mo"
129,Master Room in Eight @ East Coast,"$2,800/mo"
130,Room in 59 Chai Chee Road,"$1,500/mo"
131,Common Room in 773 Bedok Reservoir View,"$1,000/mo"
132,Common Room in Aquarius By The Park,"$1,649/mo"
133,Master Room in Aquarius By The Park,"$2,849/mo"
134,Common Room in Aquarius By The Park,"$1,949/mo"
135,Master Room in Aquarius By The Park,"$1,380/mo"
136,Room in 93 Bedok North Avenue 4,$900/mo
137,Common Room in The Clearwater,"$1,280/mo"
138,Common Room in 169 Bedok South Avenue 3,$900/mo
139,Master Room in East Meadows,"$1,650/mo"
140,Master Room in Bedokville,"$2,000/mo"
141,Master Room in Bedokville,"$1,800/mo"
142,Master Room in Aquarius By The Park,"$1,800/mo"
143,Master Room in Seaside Residences,"$4,000/mo"
144,Room in East Village,"$1,800/mo"
145,Common Room in Lengkong Satu,"$1,800/mo"
146,Common Room in East Meadows,"$1,350/mo"
147,Master Room in Frankel Estate,"$2,000/mo"
148,Common Room in 703 Bedok Reservoir Road,"$1,300/mo"
149,Master Room in 709 Bedok Reservoir Road,"$1,200/mo"
150,Room in Jalan Tua Kong,"$1,800/mo"
151,Common Room in Lagoon View,"$1,480/mo"
152,Room in Frankel Estate,"$2,000/mo"
153,Master Room in Frankel Estate,"$2,000/mo"
154,Master Room in Frankel Estate,"$2,100/mo"
155,Common Room in 632 Bedok Reservoir Road,"$1,900/mo"
156,Common Room in The Clearwater,"$1,600/mo"
157,Room in Costa Del Sol,"$3,200/mo"
158,Common Room in Bayshore Park,"$1,500/mo"
159,Master Room in Springvale,"$1,180/mo"
160,Master Room in Tanamera Crest,"$1,900/mo"
161,Common Room in 42 Bedok South Road,"$1,000/mo"
162,Master Room in 40 Bedok South Road,"$1,000/mo"
163,Master Room in Laguna Park,"$2,000/mo"
164,Master Room in Waterfront Waves,"$1,788/mo"
165,Room in East Meadows,"$1,350/mo"
166,Common Room in Escada View,"$1,520/mo"
167,Master Room in 44 Bedok South Road,"$1,600/mo"
168,Common Room in 528 Bedok North Street 3,"$1,200/mo"
169,Room in Jalan Senyum,"$1,350/mo"
170,Common Room in Jalan Tua Kong,"$1,800/mo"
171,Common Room in 619 Bedok Reservoir Road,"$1,050/mo"
