,Property,Price
0,Master Room in 529 Bedok North Street 3,"$1,700/mo"
1,Common Room in 613B Bedok Reservoir Road,"$1,050/mo"
2,Common Room in Escada View,"$1,850/mo"
3,Common Room in 701 Bedok Reservoir Road,$900/mo
4,Common Room in Escada View,"$1,750/mo"
5,Common Room in Escada View,"$1,350/mo"
6,Common Room in 807C Chai Chee Road,$900/mo
7,Common Room in 141 Bedok Reservoir Road,$800/mo
8,Master Room in 625 Bedok Reservoir Road,"$1,100/mo"
9,Common Room in 701 Bedok Reservoir Road,"$1,300/mo"
10,Room in 632 Bedok Reservoir Road,"$2,100/mo"
11,Master Room in 701 Bedok Reservoir Road,"$1,900/mo"
12,Common Room in 701 Bedok Reservoir Road,"$1,800/mo"
13,Master Room in 534 Bedok North Street 3,$850/mo
14,Common Room in 151 Bedok Reservoir Road,$950/mo
15,Common Room in 55 Chai Chee Drive,$900/mo
16,Common Room in 112 Bedok Reservoir Road,"$1,200/mo"
17,Common Room in D - Heritage Apartments,"$1,200/mo"
18,Room in 632 Bedok Reservoir Road,"$2,100/mo"
19,Common Room in 701 Bedok Reservoir Road,"$1,200/mo"
20,Room in 547 Bedok North Street 3,$850/mo
21,Common Room in 147 Bedok Reservoir Road,$900/mo
22,Common Room in 703 Bedok Reservoir Road,"$1,300/mo"
23,Master Room in 131 Bedok Reservoir Road,"$1,200/mo"
24,Common Room in 131 Bedok Reservoir Road,$900/mo
25,Master Room in 709 Bedok Reservoir Road,"$1,200/mo"
26,Common Room in 632 Bedok Reservoir Road,"$1,900/mo"
27,Room in 547 Bedok North Street 3,$850/mo
28,Common Room in Escada View,"$1,520/mo"
29,Common Room in 619 Bedok Reservoir Road,"$1,050/mo"
30,Master Room in Windy Heights,"$1,950/mo"
31,Common Room in 20 Chai Chee Road,"$1,200/mo"
32,Room in 214 Bedok North Street 1,"$2,300/mo"
33,Common Room in Waterfront Gold,"$1,250/mo"
34,Common Room in Windy Heights,"$1,500/mo"
35,Common Room in 61 Chai Chee Road,"$1,200/mo"
36,Common Room in 402 Bedok North Avenue 3,"$1,200/mo"
37,Common Room in 20 Eunos Crescent,$850/mo
38,Master Room in 106 Bedok Reservoir Road,"$1,200/mo"
39,Common Room in Opera Estate,"$1,800/mo"
40,Master Room in Opera Estate,"$1,800/mo"
41,Common Room in 667 Jalan Damai,$700/mo
42,Common Room in 16 Eunos Crescent,$950/mo
43,Common Room in The Clearwater,"$1,599/mo"
44,Common Room in 213 Bedok North Street 1,$950/mo
45,Common Room in 761 Bedok Reservoir View,$970/mo
46,Master Room in Windy Heights,"$1,900/mo"
47,Room in 214 Bedok North Street 1,"$2,600/mo"
48,Master Room in 41 Chai Chee Street,"$2,000/mo"
49,Room in 659 Jalan Tenaga,"$1,150/mo"
50,Common Room in 103 Bedok Reservoir Road,$900/mo
51,Common Room in Waterfront Gold,"$2,200/mo"
52,Common Room in Kembangan Estate,"$1,750/mo"
53,Master Room in Opera Estate,"$2,350/mo"
54,Room in 525 Bedok North Street 3,"$1,500/mo"
55,Master Room in Waterview,"$2,308/mo"
56,Master Room in 41 Chai Chee Street,"$1,100/mo"
57,Master Room in Waterview,"$2,000/mo"
58,Common Room in euHabitat,"$2,000/mo"
59,Common Room in 528 Bedok North Street 3,"$1,400/mo"
60,Common Room in 528 Bedok North Street 3,"$1,388/mo"
61,Common Room in 116 Bedok Reservoir Road,$950/mo
62,Master Room in 330 Ubi Avenue 1,"$1,800/mo"
63,Common Room in 334 Ubi Avenue 1,"$1,150/mo"
64,Master Room in 302 Ubi Avenue 1,"$2,000/mo"
65,Master Room in Bedok Residences,"$1,700/mo"
66,Master Room in 302 Ubi Avenue 1,"$2,000/mo"
67,Master Room in Kembangan Court,"$2,000/mo"
68,Common Room in East Bay Gardens,"$1,950/mo"
69,Common Room in 526 Bedok North Street 3,$800/mo
70,Common Room in 29 Chai Chee Avenue,"$1,200/mo"
71,Master Room in 420 Bedok North Street 1,"$1,200/mo"
72,Common Room in 528 Bedok North Street 3,"$1,400/mo"
73,Room in 111 Bedok North Road,"$1,000/mo"
74,Common Room in 428 Bedok North Road,$600/mo
75,Common Room in 422 Bedok North Road,$700/mo
76,Room in 222B Bedok North Drive,"$1,300/mo"
77,Common Room in Jalan Lapang,$900/mo
78,Room in Flamingo Valley,"$1,900/mo"
79,Room in Waterview,$880/mo
80,Room in 59 Chai Chee Road,"$1,500/mo"
81,Common Room in 32 Chai Chee Avenue,$700/mo
82,Room in 108 Bedok Reservoir Road,$800/mo
83,Room in 419 Bedok North Street 1,"$1,670/mo"
84,Common Room in The Clearwater,"$1,280/mo"
85,Common Room in 20 Chai Chee Road,$900/mo
86,Master Room in 214 Bedok North Street 1,"$3,600/mo"
87,Common Room in 418 Bedok North Avenue 2,"$1,300/mo"
88,Master Room in 43 Chai Chee Street,"$1,700/mo"
89,Common Room in Lengkong Satu,"$1,800/mo"
90,Room in Tropika East,"$3,600/mo"
91,Room in 25 Chai Chee Road,$900/mo
92,Room in 214 Bedok North Street 1,"$2,200/mo"
93,Room in 521 Bedok North Avenue 1,"$1,000/mo"
94,Room in 17 Eunos Crescent,"$1,600/mo"
95,Common Room in Astoria Park,"$1,400/mo"
96,Common Room in 21 Eunos Crescent,"$1,250/mo"
97,Room in 214 Bedok North Street 1,"$2,600/mo"
98,Common Room in The Clearwater,"$1,600/mo"
99,Common Room in 427 Bedok North Road,$980/mo
100,Common Room in 17 Eunos Crescent,$600/mo
101,Master Room in Waterview,"$3,500/mo"
102,Master Room in Waterfront Waves,"$1,788/mo"
103,Common Room in Cascata,"$1,300/mo"
104,Common Room in euHabitat,"$3,577/mo"
105,Common Room in euHabitat,"$2,100/mo"
106,Common Room in 528 Bedok North Street 3,"$1,200/mo"
107,Master Room in 16 Eunos Crescent,"$1,588/mo"
108,Room in Jalan Senyum,"$1,350/mo"
109,Master Room in 302 Ubi Avenue 1,"$2,000/mo"
110,Common Room in 20 Chai Chee Road,$750/mo
