,Property,Price
0,Master Room in 529 Bedok North Street 3,"$1,700/mo"
1,Common Room in Waterfront Gold,"$1,250/mo"
2,Common Room in 402 Bedok North Avenue 3,"$1,200/mo"
3,Common Room in The Clearwater,"$1,599/mo"
4,Common Room in 761 Bedok Reservoir View,$970/mo
5,Room in Aquarius By The Park,"$1,500/mo"
6,Common Room in Aquarius By The Park,"$2,000/mo"
7,Common Room in Waterfront Gold,"$2,200/mo"
8,Room in 525 Bedok North Street 3,"$1,500/mo"
9,Common Room in 528 Bedok North Street 3,"$1,400/mo"
10,Common Room in 528 Bedok North Street 3,"$1,388/mo"
11,Master Room in 534 Bedok North Street 3,$850/mo
12,Common Room in Aquarius By The Park,"$1,850/mo"
13,Common Room in Aquarius By The Park,"$1,749/mo"
14,Common Room in 526 Bedok North Street 3,$800/mo
15,Common Room in Aquarius By The Park,"$1,500/mo"
16,Common Room in 528 Bedok North Street 3,"$1,400/mo"
17,Room in 111 Bedok North Road,"$1,000/mo"
18,Common Room in 428 Bedok North Road,$600/mo
19,Common Room in 422 Bedok North Road,$700/mo
20,Common Room in 773 Bedok Reservoir View,"$1,000/mo"
21,Common Room in Aquarius By The Park,"$1,649/mo"
22,Master Room in Aquarius By The Park,"$2,849/mo"
23,Common Room in Aquarius By The Park,"$1,949/mo"
24,Master Room in Aquarius By The Park,"$1,380/mo"
25,Common Room in The Clearwater,"$1,280/mo"
26,Master Room in Aquarius By The Park,"$1,800/mo"
27,Common Room in 418 Bedok North Avenue 2,"$1,300/mo"
28,Room in 521 Bedok North Avenue 1,"$1,000/mo"
29,Common Room in The Clearwater,"$1,600/mo"
30,Common Room in 427 Bedok North Road,$980/mo
31,Master Room in Waterfront Waves,"$1,788/mo"
32,Common Room in 528 Bedok North Street 3,"$1,200/mo"
33,Common Room in 872 Tampines Street 84,"$1,200/mo"
34,Common Room in 20 Chai Chee Road,"$1,200/mo"
35,Room in 214 Bedok North Street 1,"$2,300/mo"
36,Room in Urban Vista,"$1,800/mo"
37,Master Room in 113 Tampines Street 11,"$1,299/mo"
38,Common Room in 94D Bedok North Avenue 4,"$1,200/mo"
39,Common Room in 613B Bedok Reservoir Road,"$1,050/mo"
40,Common Room in 27 New Upper Changi Road,"$1,000/mo"
41,Common Room in 873 Tampines Street 84,"$1,100/mo"
42,Master Room in 126 Bedok North Street 2,"$1,250/mo"
43,Common Room in 182 Bedok North Road,"$1,300/mo"
44,Common Room in 61 Chai Chee Road,"$1,200/mo"
45,Common Room in 93 Bedok North Avenue 4,$988/mo
46,Common Room in 701 Bedok Reservoir Road,$900/mo
47,Master Room in 842 Tampines Street 82,"$1,500/mo"
48,Common Room in 126 Bedok North Street 2,"$1,100/mo"
49,Common Room in Arc At Tampines,"$1,500/mo"
50,Room in 182 Bedok North Road,"$1,000/mo"
51,Common Room in 131 Bedok North Avenue 3,$950/mo
52,Common Room in East Meadows,"$1,350/mo"
53,Common Room in East Meadows,"$1,300/mo"
54,Common Room in 213 Bedok North Street 1,$950/mo
55,Common Room in 10E Bedok South Avenue 2,$988/mo
56,Common Room in 42 Bedok South Road,"$1,150/mo"
57,Common Room in The Springfield,"$1,500/mo"
58,Master Room in 10E Bedok South Avenue 2,"$1,600/mo"
59,Common Room in 60 New Upper Changi Road,"$1,000/mo"
60,Master Room in East Meadows,"$1,700/mo"
61,Room in 214 Bedok North Street 1,"$2,600/mo"
62,Master Room in 41 Chai Chee Street,"$2,000/mo"
63,Common Room in 807C Chai Chee Road,$900/mo
64,Common Room in The Tanamera,"$1,290/mo"
65,Common Room in Tanamera Crest,"$1,250/mo"
66,Common Room in 128 Bedok North Street 2,"$1,000/mo"
67,Common Room in 836 Tampines Street 82,"$1,000/mo"
68,Room in Siew Lim Park,"$2,200/mo"
69,Common Room in East Meadows,"$1,400/mo"
70,Master Room in Waterview,"$2,308/mo"
71,Master Room in 41 Chai Chee Street,"$1,100/mo"
72,Master Room in Waterview,"$2,000/mo"
73,Master Room in 625 Bedok Reservoir Road,"$1,100/mo"
74,Room in 82 Bedok North Road,$600/mo
75,Master Room in Tanamera Crest,"$1,200/mo"
76,Common Room in 65 New Upper Changi Road,"$1,200/mo"
77,Common Room in 701 Bedok Reservoir Road,"$1,300/mo"
78,Master Room in 701 Bedok Reservoir Road,"$1,900/mo"
79,Common Room in 125 Bedok North Road,"$1,200/mo"
80,Master Room in 847 Tampines Street 83,"$1,300/mo"
81,Master Room in 938 Tampines Avenue 5,"$1,500/mo"
82,Common Room in 147 Tampines Avenue 5,$900/mo
83,Master Room in 847 Tampines Street 83,"$1,300/mo"
84,Common Room in 701 Bedok Reservoir Road,"$1,800/mo"
85,Common Room in 896 Tampines Street 81,$900/mo
86,Common Room in 82 Bedok North Road,$600/mo
87,Room in 180 Bedok North Road,"$1,200/mo"
88,Master Room in Bedok Residences,"$1,700/mo"
89,Master Room in 833 Tampines Street 83,"$1,500/mo"
90,Master Room in 938 Tampines Avenue 5,"$1,500/mo"
91,Room in Bedok Road,"$1,900/mo"
92,Common Room in East Meadows,"$1,400/mo"
93,Common Room in 55 Chai Chee Drive,$900/mo
94,Master Room in Arc At Tampines,"$1,700/mo"
95,Master Room in 182 Bedok North Road,"$1,300/mo"
96,Master Room in 39 Bedok South Road,$880/mo
97,Common Room in Siew Lim Park,"$2,200/mo"
98,Common Room in 29 Chai Chee Avenue,"$1,200/mo"
99,Master Room in 420 Bedok North Street 1,"$1,200/mo"
100,Common Room in 839 Tampines Street 83,$900/mo
101,Common Room in East Meadows,"$1,300/mo"
102,Room in 932 Tampines Street 91,$850/mo
103,Common Room in 890B Tampines Avenue 1,"$1,400/mo"
104,Room in 887A Tampines Street 81,$900/mo
105,Common Room in 701 Bedok Reservoir Road,"$1,200/mo"
106,Room in 222B Bedok North Drive,"$1,300/mo"
107,Room in Waterview,$880/mo
108,Room in 59 Chai Chee Road,"$1,500/mo"
109,Room in 22 Bedok South Avenue 1,"$1,100/mo"
110,Common Room in 32 Chai Chee Avenue,$700/mo
111,Room in 93 Bedok North Avenue 4,$900/mo
112,Room in 419 Bedok North Street 1,"$1,670/mo"
113,Common Room in 20 Chai Chee Road,$900/mo
114,Master Room in 214 Bedok North Street 1,"$3,600/mo"
115,Master Room in East Meadows,"$1,650/mo"
116,Master Room in 924 Tampines Street 91,"$1,200/mo"
117,Room in 547 Bedok North Street 3,$850/mo
118,Room in East Village,"$1,800/mo"
119,Master Room in 43 Chai Chee Street,"$1,700/mo"
120,Room in 25 Chai Chee Road,$900/mo
121,Room in 214 Bedok North Street 1,"$2,200/mo"
122,Common Room in East Meadows,"$1,350/mo"
123,Common Room in 703 Bedok Reservoir Road,"$1,300/mo"
124,Common Room in 885 Tampines Street 83,"$1,200/mo"
125,Room in 214 Bedok North Street 1,"$2,600/mo"
126,Master Room in 709 Bedok Reservoir Road,"$1,200/mo"
127,Master Room in Tanamera Crest,"$1,900/mo"
128,Room in Q Bay Residences,"$2,500/mo"
129,Common Room in 850 Tampines Street 82,$650/mo
130,Common Room in 42 Bedok South Road,"$1,000/mo"
131,Common Room in 34 Bedok South Avenue 2,"$1,000/mo"
132,Master Room in 40 Bedok South Road,"$1,000/mo"
133,Common Room in 801 Tampines Avenue 4,$900/mo
134,Room in 547 Bedok North Street 3,$850/mo
135,Common Room in 876 Tampines Street 84,"$1,500/mo"
136,Master Room in 876 Tampines Street 84,"$1,500/mo"
137,Master Room in Waterview,"$3,500/mo"
138,Room in East Meadows,"$1,350/mo"
139,Master Room in 144 Tampines Street 12,"$1,500/mo"
140,Master Room in 129 Bedok North Street 2,"$1,200/mo"
141,Common Room in 911 Tampines Street 91,$950/mo
142,Common Room in 619 Bedok Reservoir Road,"$1,050/mo"
143,Common Room in 20 Chai Chee Road,$750/mo
