,Property,Price
0,Room in 22 Cavenagh Road,"$3,334/mo"
1,Room in 48 Bencoolen Street,"$4,333/mo"
2,Room in 12 Queen Street,"$5,000/mo"
3,Master Room in Peace Centre/Peace Mansion / Peace Centre,"$1,500/mo"
4,Common Room in Peace Centre/Peace Mansion / Peace Centre,"$1,100/mo"
5,Master Room in One Oxley Rise,"$2,300/mo"
6,Master Room in Former Peace Centre/Peace Mansion,"$2,500/mo"
7,Master Room in Orchard Court,"$2,000/mo"
8,Common Room in Bencoolen House,"$1,600/mo"
9,Master Room in Orchard Court,"$2,000/mo"
10,Common Room in 668 Chander Road,"$2,800/mo"
11,Master Room in Burlington Square,"$2,500/mo"
12,Common Room in Burlington Square,"$1,900/mo"
13,Room in Duo Residences / Duo Tower,"$4,499/mo"
14,Room in 668 Chander Road,"$1,488/mo"
15,Common Room in 232 Bain Street,"$1,418/mo"
16,Common Room in The Bencoolen,"$1,950/mo"
17,Common Room in Little India Conservation Area,"$6,500/mo"
18,Master Room in Burlington Square,"$2,500/mo"
19,Room in Sophia Hills,"$2,400/mo"
20,Common Room in Niven Road,"$1,200/mo"
21,Common Room in Sunshine Plaza,"$1,000/mo"
22,Common Room in Burlington Square,"$1,400/mo"
23,Room in 269B Queen Street,"$1,400/mo"
24,Master Room in Sophia Crest,"$2,400/mo"
25,Common Room in Burlington Square,"$1,900/mo"
26,Master Room in Burlington Square,"$2,600/mo"
27,Master Room in Little India Conservation Area,"$2,000/mo"
28,Room in Burlington Square,"$1,800/mo"
29,Common Room in Wilkie Court,"$1,250/mo"
30,Common Room in Burlington Square,"$1,800/mo"
31,Room in Mackenzie 88,"$3,500/mo"
32,Master Room in One Oxley Rise,"$2,300/mo"
33,Room in Sophia Hills,"$2,500/mo"
34,Common Room in The Mkz,"$1,680/mo"
35,Common Room in Hollywood Apartments,"$1,550/mo"
36,Room in Wilkie Apartments,"$2,350/mo"
37,Room in 232 Bain Street,"$1,500/mo"
38,Master Room in Liv On Wilkie,"$2,500/mo"
39,Master Room in 75BR,"$4,200/mo"
40,Room in 8 Selegie Road,"$1,200/mo"
41,Room in Sophia Hills,"$2,700/mo"
42,Common Room in 263 Waterloo Street,"$1,400/mo"
43,Master Room in Bencoolen House,"$2,200/mo"
44,Master Room in Beach Road Conservation Area,"$3,800/mo"
45,Common Room in Former Peace Centre/Peace Mansion,"$2,300/mo"
46,Room in The Bencoolen,"$2,600/mo"
47,Room in Kreta Ayer Conservation Area,"$2,333/mo"
48,Room in Furama City Centre Singapore,"$4,600/mo"
49,Room in OG Orchard Point,"$8,833/mo"
50,Room in Jalan Besar,"$2,940/mo"
51,Master Room in 813 Jellicoe Road,"$1,300/mo"
52,Master Room in 12 Farrer Park Road,"$2,000/mo"
53,Common Room in 11 Farrer Park Road,"$1,400/mo"
54,Common Room in People's Park Complex,"$1,100/mo"
55,Common Room in UE Square,"$1,950/mo"
56,Common Room in Lucky Plaza,$700/mo
57,Master Room in The Riverside Piazza,"$1,600/mo"
58,Master Room in Fook Hai Building,"$1,400/mo"
59,Common Room in Mirage Tower,"$1,300/mo"
60,Common Room in UE Square,"$1,950/mo"
61,Master Room in The Plaza,"$3,500/mo"
62,Common Room in The Plaza,"$2,800/mo"
63,Common Room in Owen Road,"$2,000/mo"
64,Common Room in Top Ten,"$2,300/mo"
65,Common Room in Kimsia Park,"$1,500/mo"
66,Common Room in People's Park Complex,"$1,200/mo"
67,Master Room in 813 Jellicoe Road,"$1,500/mo"
68,Common Room in 2 Beach Road,"$1,500/mo"
69,Master Room in Kimsia Court,"$2,100/mo"
70,Common Room in Kimsia Court,"$1,700/mo"
71,Master Room in Emerald Hill Conservation Area,"$2,000/mo"
72,Common Room in 683 Tessensohn Road,"$1,100/mo"
73,Room in Furama City Centre Singapore,"$3,300/mo"
74,Common Room in The Riverside Piazza,"$1,600/mo"
75,Master Room in Gloucester Mansions,"$2,700/mo"
76,Common Room in Cavenagh Gardens,"$1,100/mo"
77,Master Room in Sing Avenue,"$2,500/mo"
78,Common Room in People's Park Complex,"$1,200/mo"
79,Common Room in People's Park Complex,"$1,699/mo"
80,Common Room in People's Park Complex,"$2,000/mo"
81,Common Room in Euro-Asia Court,"$1,450/mo"
82,Master Room in Euro-Asia Court,"$2,600/mo"
83,Common Room in 538 Upper Cross Street,"$1,300/mo"
84,Common Room in Elizabeth Towers,"$1,800/mo"
85,Common Room in Emerald Garden,"$2,100/mo"
86,Common Room in Emerald Garden,"$2,300/mo"
87,Master Room in Langston Ville,"$2,700/mo"
88,Master Room in 8 Farrer Suites,"$2,200/mo"
89,Common Room in Parc Centennial,"$2,250/mo"
90,Master Room in Serangoon Road,"$3,000/mo"
91,Master Room in Serangoon Road,"$2,400/mo"
92,Master Room in Studios @ Marne,"$3,500/mo"
93,Common Room in Oleanas Residence,"$1,900/mo"
94,Common Room in Euro-Asia Court,"$1,250/mo"
95,Master Room in 8 Farrer Suites,"$2,300/mo"
96,Master Room in Kreta Ayer Conservation Area,"$4,620/mo"
97,Common Room in 681 Race Course Road,"$1,100/mo"
98,Common Room in Kimsia Court,"$1,700/mo"
99,Room in Uptown @ Farrer,"$3,200/mo"
100,Common Room in Emerald Garden,"$2,100/mo"
101,Common Room in Emerald Garden,"$2,200/mo"
102,Common Room in Kimsia Court,"$1,300/mo"
103,Common Room in UE Square,"$1,950/mo"
104,Common Room in People's Park Complex,"$1,699/mo"
105,Common Room in City Square Residences,"$2,200/mo"
106,Common Room in People's Park Complex,"$1,200/mo"
107,Common Room in UE Square,"$1,950/mo"
108,Common Room in River Valley Court,"$1,280/mo"
109,Room in Kerrisdale,"$1,600/mo"
110,Common Room in Cavenagh Gardens,"$1,480/mo"
111,Common Room in People's Park Complex,"$1,699/mo"
112,Common Room in City Square Residences,"$2,200/mo"
113,Common Room in Sultan Gate Place,"$1,150/mo"
114,Common Room in Kimsia Court,"$1,508/mo"
115,Master Room in Jalan Besar Plaza,"$2,500/mo"
116,Room in Emerald Garden,"$2,100/mo"
117,Room in Langston Ville,"$2,700/mo"
118,Master Room in Emerald Garden,"$2,850/mo"
119,Room in 32 Penhas Road,"$1,449/mo"
120,Master Room in Elizabeth Heights,"$2,000/mo"
121,Room in Fraser Residence Singapore,"$2,900/mo"
122,Master Room in The Riverside Piazza,"$1,600/mo"
123,Room in UE Square,"$2,300/mo"
124,Master Room in Kerrisdale,$900/mo
125,Master Room in Mirage Tower,"$2,700/mo"
126,Common Room in Riverdale Residence,"$1,800/mo"
127,Common Room in City Square Residences,"$2,000/mo"
128,Common Room in City Square Residences,"$2,000/mo"
129,Common Room in Citylights,"$2,000/mo"
130,Room in Illuminaire On Devonshire,"$4,000/mo"
131,Common Room in 52 Kent Road,"$1,500/mo"
132,Common Room in People's Park Complex,"$1,050/mo"
133,Master Room in 8 Farrer Suites,"$2,400/mo"
134,Master Room in Cavenagh Gardens,"$1,300/mo"
135,Common Room in Race Course Mansion,"$1,600/mo"
136,Room in City Square Residences,"$2,600/mo"
137,Room in 32 Penhas Road,"$2,849/mo"
138,Master Room in Emerald Garden,"$2,950/mo"
139,Common Room in Emerald Garden,"$2,100/mo"
140,Master Room in Kerrisdale,"$2,500/mo"
141,Room in City Square Residences,"$2,600/mo"
142,Master Room in 25 Truro Road,"$2,288/mo"
143,Common Room in Emerald Garden,"$2,250/mo"
144,Common Room in Emerald Garden,"$2,200/mo"
145,Room in 466 Crawford Lane,"$1,100/mo"
146,Common Room in The Riverside Piazza,"$1,800/mo"
147,Common Room in 12 Farrer Park Road,"$1,500/mo"
148,Common Room in 51 Kent Road,"$1,200/mo"
149,Common Room in UE Square,"$2,200/mo"
150,Common Room in Emerald Garden,"$2,600/mo"
151,Common Room in Emerald Garden,"$2,100/mo"
152,Master Room in Kerrisdale,"$2,000/mo"
153,Common Room in Kerrisdale,"$1,200/mo"
154,Common Room in Mirage Tower,"$1,850/mo"
155,Common Room in Kimsia Court,"$1,400/mo"
156,Common Room in Aspen Heights,"$1,500/mo"
157,Common Room in Lloyd Mansion,"$2,000/mo"
158,Common Room in Aspen Heights,"$1,200/mo"
159,Common Room in Yong An Park,"$1,650/mo"
160,Master Room in Kentish Lodge,"$2,600/mo"
161,Common Room in Lucky Plaza,"$1,988/mo"
162,Master Room in City Square Residences,"$2,600/mo"
163,Common Room in UE Square,"$2,400/mo"
164,Common Room in UE Square,"$2,100/mo"
165,Common Room in 48A Dorset Road,$950/mo
166,Common Room in City Square Residences,"$1,800/mo"
167,Room in Kentish Green,$850/mo
168,Master Room in 95 Lavender Street,"$1,650/mo"
169,Master Room in City Square Residences,"$2,600/mo"
170,Master Room in City Square Residences,"$2,300/mo"
171,Common Room in City Square Residences,"$1,600/mo"
172,Common Room in 813 Jellicoe Road,"$1,500/mo"
173,Master Room in UE Square,"$2,200/mo"
174,Room in Kerrisdale,"$2,000/mo"
175,Room in 26 Jalan Berseh,"$1,278/mo"
176,Common Room in 26 Jalan Berseh,"$1,200/mo"
177,Master Room in Fraser Residence Singapore,"$2,900/mo"
178,Common Room in City Square Residences,"$2,100/mo"
179,Common Room in 8 Farrer Suites,"$2,399/mo"
180,Master Room in Fraser Residence Singapore,"$2,900/mo"
181,Common Room in Petain Court,"$1,400/mo"
182,Room in UE Square,"$2,000/mo"
183,Room in 8 Farrer Suites,"$2,200/mo"
184,Common Room in Fraser Residence Singapore,"$2,800/mo"
185,Master Room in Lavender Street,"$2,300/mo"
186,Master Room in Kerrisdale,"$1,700/mo"
187,Master Room in People's Park Complex,"$1,800/mo"
188,Common Room in Race Course Mansion,"$1,800/mo"
189,Room in Mirage Tower,"$2,700/mo"
190,Room in Fraser Residence Singapore,"$2,900/mo"
191,Room in Studios @ Marne,"$3,500/mo"
192,Master Room in Fraser Residence Singapore,"$2,900/mo"
193,Common Room in UE Square,"$2,300/mo"
194,Common Room in UE Square,"$2,100/mo"
195,Room in 12 North Bridge Road,"$1,200/mo"
196,Common Room in Kerrisdale,"$1,700/mo"
197,Master Room in People's Park Complex,"$1,500/mo"
198,Master Room in 641 Rowell Road,"$2,200/mo"
199,Common Room in People's Park Complex,"$1,300/mo"
200,Common Room in Kentish Court,"$1,350/mo"
201,Room in Fraser Residence Singapore,"$2,900/mo"
202,Room in The Metz,"$5,500/mo"
203,Master Room in City Square Mall,"$2,900/mo"
204,Master Room in Petain Road/Tyrwhitt Road Conservation Area,"$2,500/mo"
205,Master Room in Fraser Residence Singapore,"$2,900/mo"
206,Common Room in 641 Rowell Road,"$1,700/mo"
207,Common Room in Horizon Towers,"$1,700/mo"
208,Common Room in 642 Rowell Road,"$1,400/mo"
209,Master Room in People's Park Complex,"$1,450/mo"
210,Common Room in City Square Residences,"$1,600/mo"
211,Common Room in City Square Residences,"$1,700/mo"
212,Master Room in Kimsia Court,"$2,500/mo"
213,Room in 8 St Thomas,"$8,000/mo"
214,Room in Cairnhill Nine,"$8,000/mo"
215,Room in OUE Twin Peaks,"$5,300/mo"
216,Common Room in Lucky Plaza,"$2,200/mo"
217,Master Room in Studios @ Marne,"$3,400/mo"
218,Common Room in Citylights,"$1,950/mo"
219,Room in Studios @ Marne,"$3,400/mo"
220,Room in Uptown @ Farrer,"$2,900/mo"
221,Room in Fraser Residence Singapore,"$3,800/mo"
222,Room in Fraser Residence Singapore,"$3,200/mo"
223,Room in Fraser Residence Singapore,"$2,900/mo"
224,Room in 813 Jellicoe Road,"$1,500/mo"
225,Common Room in 684 Race Course Road,"$1,000/mo"
226,Common Room in Joo Avenue,"$1,200/mo"
227,Room in 685 Race Course Road,"$1,800/mo"
228,Common Room in Cavenagh Gardens,"$1,680/mo"
229,Room in 8 Farrer Suites,"$2,200/mo"
