,Property,Price
0,Room in Jalan Besar,"$2,940/mo"
1,Master Room in 813 Jellicoe Road,"$1,300/mo"
2,Common Room in 94 Whampoa Drive,$900/mo
3,Common Room in 5 Saint George's Lane,"$1,200/mo"
4,Common Room in Owen Road,"$2,000/mo"
5,Master Room in Eight Riversuites,"$2,400/mo"
6,Master Room in 813 Jellicoe Road,"$1,500/mo"
7,Common Room in Race Course Road,"$1,500/mo"
8,Master Room in 107 Towner Road,"$2,000/mo"
9,Common Room in 122 Mcnair Road,"$1,500/mo"
10,Common Room in 122 Mcnair Road,"$1,500/mo"
11,Common Room in 5 Saint George's Lane,"$1,200/mo"
12,Common Room in 683 Tessensohn Road,"$1,100/mo"
13,Common Room in 8 Saint George's Lane,"$1,600/mo"
14,Master Room in Sing Avenue,"$2,500/mo"
15,Room in Jalan Besar,
16,Master Room in 8 Farrer Suites,"$2,200/mo"
17,Master Room in Serangoon Road,"$3,000/mo"
18,Master Room in Serangoon Road,"$2,400/mo"
19,Master Room in Studios @ Marne,"$3,500/mo"
20,Common Room in 5 Boon Keng Road,"$1,000/mo"
21,Master Room in 8 Farrer Suites,"$2,300/mo"
22,Common Room in 681 Race Course Road,"$1,100/mo"
23,Room in Uptown @ Farrer,"$3,200/mo"
24,Common Room in 14 Saint George's Road,$500/mo
25,Common Room in City Square Residences,"$2,200/mo"
26,Room in Kerrisdale,"$1,600/mo"
27,Common Room in City Square Residences,"$2,200/mo"
28,Master Room in Jalan Besar Plaza,"$2,500/mo"
29,Common Room in 110 Mcnair Road,"$1,500/mo"
30,Common Room in 34 Whampoa West,$850/mo
31,Room in 32 Penhas Road,"$1,449/mo"
32,Master Room in Kerrisdale,$900/mo
33,Common Room in City Square Residences,"$2,000/mo"
34,Common Room in City Square Residences,"$2,000/mo"
35,Common Room in Citylights,"$2,000/mo"
36,"$2,000/mo","$2,940/mo"
37,Master Room in 813 Jellicoe Road,"$1,300/mo"
38,Common Room in 94 Whampoa Drive,$900/mo
39,Common Room in 5 Saint George's Lane,"$1,200/mo"
40,Common Room in Owen Road,"$2,000/mo"
41,Master Room in Eight Riversuites,"$2,400/mo"
42,Master Room in 813 Jellicoe Road,"$1,500/mo"
43,Common Room in Race Course Road,"$1,500/mo"
44,Master Room in 107 Towner Road,"$2,000/mo"
45,Common Room in 122 Mcnair Road,"$1,500/mo"
46,Common Room in 122 Mcnair Road,"$1,500/mo"
47,Common Room in 5 Saint George's Lane,"$1,200/mo"
48,Common Room in 683 Tessensohn Road,"$1,100/mo"
49,Common Room in 8 Saint George's Lane,"$1,600/mo"
50,Master Room in Sing Avenue,"$2,500/mo"
51,Master Room in 8 Farrer Suites,"$2,200/mo"
52,Master Room in Serangoon Road,"$3,000/mo"
53,Master Room in Serangoon Road,"$2,400/mo"
54,Master Room in Studios @ Marne,"$3,500/mo"
55,Common Room in 5 Boon Keng Road,"$1,000/mo"
56,Master Room in 8 Farrer Suites,"$2,300/mo"
57,Common Room in 681 Race Course Road,"$1,100/mo"
58,Room in Uptown @ Farrer,"$3,200/mo"
59,Common Room in 14 Saint George's Road,$500/mo
60,Common Room in City Square Residences,"$2,200/mo"
61,Room in Kerrisdale,"$1,600/mo"
62,Common Room in City Square Residences,"$2,200/mo"
63,Master Room in Jalan Besar Plaza,"$2,500/mo"
64,Common Room in 110 Mcnair Road,"$1,500/mo"
65,Common Room in 34 Whampoa West,$850/mo
66,Room in 32 Penhas Road,"$1,449/mo"
67,Master Room in Kerrisdale,$900/mo
68,Common Room in City Square Residences,"$2,000/mo"
69,Common Room in City Square Residences,"$2,000/mo"
70,Common Room in Citylights,"$2,000/mo"
71,,
72,Common Room in 6 Saint George's Lane,$900/mo
73,Master Room in 8 Farrer Suites,"$2,400/mo"
74,Room in City Square Residences,"$2,600/mo"
75,Room in 32 Penhas Road,"$2,849/mo"
76,Common Room in 121 Mcnair Road,"$1,200/mo"
77,Master Room in Kerrisdale,"$2,500/mo"
78,Room in City Square Residences,"$2,600/mo"
79,Room in 6 Saint George's Lane,$900/mo
80,Common Room in 105 Towner Road,"$1,500/mo"
81,Master Room in Kerrisdale,"$2,000/mo"
82,Common Room in Kerrisdale,"$1,200/mo"
83,Master Room in 3 Saint George's Road,"$1,200/mo"
84,Master Room in Kentish Lodge,"$2,600/mo"
85,Master Room in City Square Residences,"$2,600/mo"
86,Room in 109 Mcnair Road,$900/mo
87,Common Room in City Square Residences,"$1,800/mo"
88,Common Room in 8 Saint George's Lane,"$1,600/mo"
89,Room in Kentish Green,$850/mo
90,Master Room in 95 Lavender Street,"$1,650/mo"
91,Master Room in City Square Residences,"$2,600/mo"
92,Master Room in City Square Residences,"$2,300/mo"
93,Common Room in City Square Residences,"$1,600/mo"
94,Common Room in 813 Jellicoe Road,"$1,500/mo"
95,Room in Kerrisdale,"$2,000/mo"
96,Master Room in 2 Saint George's Road,$800/mo
97,Common Room in City Square Residences,"$2,100/mo"
98,Common Room in 8 Farrer Suites,"$2,399/mo"
99,Common Room in Petain Court,"$1,400/mo"
100,Room in 8 Farrer Suites,"$2,200/mo"
101,Master Room in Lavender Street,"$2,300/mo"
102,Master Room in Kerrisdale,"$1,700/mo"
103,Master Room in 3 Saint George's Road,"$1,300/mo"
104,Room in Studios @ Marne,"$3,500/mo"
105,Master Room in 110 Mcnair Road,"$1,400/mo"
106,Common Room in 113A Mcnair Road,"$1,200/mo"
107,Common Room in Kerrisdale,"$1,700/mo"
108,Common Room in Kentish Court,"$1,350/mo"
109,Room in 107 Towner Road,"$2,000/mo"
110,Master Room in City Square Mall,"$2,900/mo"
111,Master Room in Petain Road/Tyrwhitt Road Conservation Area,"$2,500/mo"
112,Room in Eight Riversuites,"$1,500/mo"
113,Common Room in 642 Rowell Road,"$1,400/mo"
114,Common Room in City Square Residences,"$1,600/mo"
115,Common Room in City Square Residences,"$1,700/mo"
116,Master Room in Studios @ Marne,"$3,400/mo"
117,Common Room in Citylights,"$1,950/mo"
118,Room in Studios @ Marne,"$3,400/mo"
119,Room in Uptown @ Farrer,"$2,900/mo"
120,Room in 813 Jellicoe Road,"$1,500/mo"
121,Common Room in 684 Race Course Road,"$1,000/mo"
122,Common Room in Joo Avenue,"$1,200/mo"
123,Room in 685 Race Course Road,"$1,800/mo"
124,Room in 8 Farrer Suites,"$2,200/mo"
125,Common Room in Ritz Mansions,"$1,450/mo"
126,Master Room in The Plaza,"$3,500/mo"
127,Common Room in The Plaza,"$2,800/mo"
128,Master Room in Mergui Mansions,"$1,100/mo"
129,Master Room in 12 Farrer Park Road,"$2,000/mo"
130,Common Room in 16 Upper Boon Keng Road,"$2,800/mo"
131,Master Room in The Interweave,"$2,600/mo"
132,Common Room in 11 Farrer Park Road,"$1,400/mo"
133,Master Room in Accord Apartments,"$1,400/mo"
134,Common Room in Ritz Mansions,"$1,380/mo"
135,Common Room in Tianso Heights,"$1,850/mo"
136,Master Room in 101 Jalan Rajah,"$1,200/mo"
137,Common Room in 49 Whampoa South,$850/mo
138,Master Room in 56 Geylang Bahru,"$1,300/mo"
139,Common Room in 241 Kim Keat Link,"$1,300/mo"
140,Common Room in 112 Whampoa Road,"$1,000/mo"
141,Common Room in Balestier Point,"$1,200/mo"
142,Master Room in Canne Lodge,"$2,350/mo"
143,Common Room in 3A Upper Boon Keng Road,"$1,000/mo"
144,Common Room in 2 Beach Road,"$1,500/mo"
145,Master Room in Ava Towers,"$1,850/mo"
146,Common Room in 19 Jalan Tenteram,"$1,000/mo"
147,Common Room in 74 Whampoa Drive,"$1,100/mo"
148,Common Room in 74 Whampoa Drive,$750/mo
149,Common Room in 668 Chander Road,"$2,800/mo"
150,Common Room in 8A Upper Boon Keng Road,"$1,198/mo"
151,Master Room in Ava Towers,"$1,850/mo"
152,Common Room in Bassein Court,$950/mo
153,Common Room in Lorong 9 Geylang,"$1,200/mo"
154,Common Room in The Huntington,"$2,750/mo"
155,Room in 255 Kim Keat Avenue,"$1,200/mo"
156,Common Room in Parc Centennial,"$2,250/mo"
157,Common Room in Regal Court,"$1,000/mo"
158,Master Room in Mandalay Mansion,"$1,600/mo"
159,Common Room in Ritz Mansions,"$1,200/mo"
160,Common Room in Tianso Heights,"$1,850/mo"
161,Master Room in Ava Towers,"$1,850/mo"
162,Master Room in Burlington Square,"$2,500/mo"
163,Common Room in Burlington Square,"$1,900/mo"
164,Room in 54 Jalan Ma'Mor,"$1,050/mo"
165,Master Room in Neem Tree,"$2,100/mo"
166,Common Room in Sultan Gate Place,"$1,150/mo"
167,Master Room in Canne Lodge,"$2,008/mo"
168,Common Room in Kim Keat House,"$1,350/mo"
169,Room in Duo Residences / Duo Tower,"$4,499/mo"
170,Room in 17 Jalan Tenteram,$550/mo
171,Common Room in 17 Jalan Tenteram,$550/mo
172,Room in 668 Chander Road,"$1,488/mo"
173,Room in 3C Upper Boon Keng Road,"$1,100/mo"
174,Room in Soleil @ Sinaran,"$4,280/mo"
175,Master Room in 101 Jalan Rajah,"$1,500/mo"
176,Common Room in Summer Green,"$1,320/mo"
177,Room in Thomson Euro-Asia,"$1,400/mo"
178,Common Room in 52 Kent Road,"$1,500/mo"
179,Room in Lion Towers,"$1,500/mo"
180,Master Room in Woodsville Mansions,"$1,600/mo"
181,Common Room in Race Course Mansion,"$1,600/mo"
182,Common Room in 56 Geylang Bahru,$550/mo
183,Common Room in 2D Upper Boon Keng Road,"$1,000/mo"
184,Room in The Poiz Residences,"$3,800/mo"
185,Master Room in Woodsville Mansions,"$2,000/mo"
186,Master Room in 16 Upper Boon Keng Road,"$2,800/mo"
187,Common Room in The Bencoolen,"$1,950/mo"
188,Common Room in Little India Conservation Area,"$6,500/mo"
189,Room in 56 Geylang Bahru,$550/mo
190,Room in One Saint Michaels,"$1,600/mo"
191,Common Room in 2D Upper Boon Keng Road,"$1,100/mo"
192,Master Room in 25 Truro Road,"$2,288/mo"
193,Master Room in Burlington Square,"$2,500/mo"
194,Room in 466 Crawford Lane,"$1,100/mo"
195,Common Room in 12 Farrer Park Road,"$1,500/mo"
196,Common Room in 51 Kent Road,"$1,200/mo"
197,Common Room in Canberlin Lodge,"$1,350/mo"
198,Master Room in Balestier 288,"$2,000/mo"
199,Master Room in Canne Lodge,"$2,200/mo"
200,Master Room in Shrewsbury Road,"$1,550/mo"
201,Room in 47 Bendemeer Road,"$1,200/mo"
202,Master Room in Canne Lodge,"$2,200/mo"
203,Common Room in Niven Road,"$1,200/mo"
204,Common Room in 97 Geylang Bahru,"$1,200/mo"
205,Common Room in Sunshine Plaza,"$1,000/mo"
206,Common Room in Burlington Square,"$1,400/mo"
207,Room in 269B Queen Street,"$1,400/mo"
208,Common Room in Canne Lodge,"$1,900/mo"
209,Common Room in 2A Upper Boon Keng Road,"$1,400/mo"
210,Room in Thomson Euro-Asia,"$1,700/mo"
211,Common Room in Neem Tree,"$2,100/mo"
212,Common Room in Neem Tree,"$1,600/mo"
213,Common Room in Balestier Plaza,"$1,400/mo"
214,Master Room in Canne Lodge,"$1,800/mo"
215,Room in Goodview Apartments,"$1,800/mo"
216,Common Room in Goodview Apartments,"$1,900/mo"
217,Common Room in 97 Geylang Bahru,"$1,200/mo"
218,Common Room in Mandalay Mansion,"$1,200/mo"
219,Common Room in Woodsville 28,"$2,000/mo"
220,Master Room in One Saint Michaels,"$2,500/mo"
221,Common Room in 48A Dorset Road,$950/mo
222,Common Room in Burlington Square,"$1,900/mo"
223,Master Room in Burlington Square,"$2,600/mo"
224,Master Room in Little India Conservation Area,"$2,000/mo"
225,Common Room in Balestier Plaza,"$1,400/mo"
226,Common Room in De Royale,"$1,750/mo"
227,Common Room in Parc Haven,"$1,000/mo"
228,Master Room in Parc Haven,"$2,700/mo"
229,Common Room in De Royale,"$1,750/mo"
230,Common Room in Parc Haven,"$1,800/mo"
231,Master Room in Parc Haven,"$2,400/mo"
232,Common Room in Canne Lodge,"$1,800/mo"
233,Room in Burlington Square,"$1,800/mo"
234,Common Room in Apleton View,"$1,850/mo"
235,Common Room in Mandalay Mansion,"$1,200/mo"
236,Common Room in Burlington Square,"$1,800/mo"
237,Common Room in Canberlin Lodge,"$1,300/mo"
238,Room in Balestier Plaza,"$1,350/mo"
239,Common Room in Canne Ville,"$2,000/mo"
240,Common Room in Boon Teck Towers,"$1,300/mo"
241,Room in 8B Upper Boon Keng Road,"$1,350/mo"
242,Room in 26 Jalan Berseh,"$1,278/mo"
243,Room in 11 Upper Boon Keng Road,$550/mo
244,Common Room in 26 Jalan Berseh,"$1,200/mo"
245,Master Room in Intero,"$4,000/mo"
246,Room in Mackenzie 88,"$3,500/mo"
247,Master Room in Intero,"$4,000/mo"
248,Room in 2D Upper Boon Keng Road,"$1,100/mo"
249,Room in 45 Sims Drive,"$1,100/mo"
250,Common Room in 8B Upper Boon Keng Road,"$1,400/mo"
251,Common Room in Lorong 13 Geylang,"$2,900/mo"
252,Room in Coliwoo Balestier 320,"$2,700/mo"
253,Master Room in 101 Jalan Rajah,"$1,300/mo"
254,Room in Moulmein Court,"$1,400/mo"
255,Room in 112 Lorong 3 Geylang,"$1,000/mo"
256,Common Room in Thomson Euro-Asia,"$1,700/mo"
257,Common Room in Thomson Euro-Asia,"$1,800/mo"
258,Common Room in 2D Upper Boon Keng Road,$900/mo
259,Common Room in The Mkz,"$1,680/mo"
260,Common Room in Rajah Tower,"$1,800/mo"
261,Master Room in 16 Upper Boon Keng Road,"$3,200/mo"
262,Master Room in Boon Keng Ville,"$3,500/mo"
263,Common Room in Canne Lodge,"$2,200/mo"
264,Common Room in Canne Lodge,"$1,800/mo"
265,Common Room in Race Course Mansion,"$1,800/mo"
266,Master Room in 27 Jalan Bahagia,$800/mo
267,Master Room in The Huntington,"$2,620/mo"
268,Common Room in 8A Upper Boon Keng Road,"$1,300/mo"
269,Room in 16 Upper Boon Keng Road,"$2,700/mo"
270,Master Room in The Elysia,"$2,100/mo"
271,Room in 12 North Bridge Road,"$1,200/mo"
272,Master Room in 641 Rowell Road,"$2,200/mo"
273,Master Room in 69 Moulmein Road,"$2,200/mo"
274,Common Room in Familie Mansions,"$1,000/mo"
275,Master Room in Liv On Wilkie,"$2,500/mo"
276,Common Room in Nova 48,"$1,300/mo"
277,Common Room in Thomson Euro-Asia,"$1,800/mo"
278,Common Room in 641 Rowell Road,"$1,700/mo"
279,Room in 8 Selegie Road,"$1,200/mo"
280,Common Room in Zedge,"$1,850/mo"
281,Common Room in Regal Court,"$1,200/mo"
282,Master Room in Parc Haven,"$2,400/mo"
283,Room in The Venue Residences,"$2,300/mo"
284,Common Room in Canne Lodge,"$1,900/mo"
285,Common Room in Canne Lodge,"$1,800/mo"
286,Master Room in Canne Lodge,"$2,300/mo"
287,Master Room in Birmingham Mansions,"$1,600/mo"
288,Common Room in Balestier Point,"$1,380/mo"
289,Common Room in 47 Bendemeer Road,"$1,200/mo"
290,Room in 16 Upper Boon Keng Road,"$1,500/mo"
291,Common Room in Thomson Euro-Asia,"$1,700/mo"
292,Common Room in 249 Kim Keat Link,$800/mo
293,Common Room in 112A Whampoa Road,"$1,200/mo"
294,Common Room in 93 Whampoa Drive,$550/mo
295,Room in Hanson Court,"$4,400/mo"
296,Common Room in Regal Court,"$1,000/mo"
297,Room in The Bencoolen,"$2,600/mo"
