,Property,Price
0,Room in 22 Cavenagh Road,"$3,334/mo"
1,Room in 48 Bencoolen Street,"$4,333/mo"
2,Room in Kreta Ayer Conservation Area,"$2,333/mo"
3,Room in 32 Tras Street,"$3,981/mo"
4,Room in Furama City Centre Singapore,"$4,600/mo"
5,Room in OG Orchard Point,"$8,833/mo"
6,Room in 12 Queen Street,"$5,000/mo"
7,Room in Green World,"$3,167/mo"
8,Room in Far East Plaza,"$1,667/mo"
9,Room in Jalan Besar,"$2,940/mo"
10,Common Room in 540 Serangoon North Avenue 4,$500/mo
11,Common Room in 873 Tampines Street 84,"$1,100/mo"
12,Master Room in Canne Lodge,"$2,350/mo"
13,Common Room in Simei Green Condominium,"$1,300/mo"
14,Common Room in 256D Sumang Walk,$900/mo
15,Master Room in 679B Jurong West Central 1,Master Room in 679B Jurong West Central 1
16,Common Room in 287 Bishan Street 24,"$1,100/mo"
17,Common Room in 289 Bishan Street 24,"$1,100/mo"
18,Common Room in 188 Bishan Street 13,"$1,100/mo"
19,Master Room in 138 Bishan Street 12,"$1,550/mo"
20,Common Room in 170 Bishan Street 13,"$1,200/mo"
21,Common Room in 206 Toa Payoh North,"$1,200/mo"
22,Room in 134 Bishan Street 12,"$1,500/mo"
23,Common Room in 230 Bishan Street 23,$800/mo
24,Room in 110 Bishan Street 12,"$1,300/mo"
25,Room in 206 Bishan Street 23,"$2,500/mo"
26,Common Room in Bishan 8,"$1,500/mo"
27,Common Room in 138 Bishan Street 12,"$1,550/mo"
28,Master Room in 138 Bishan Street 12,"$1,550/mo"
29,Room in 111 Bishan Street 12,$950/mo
30,Room in Seasons View,"$1,500/mo"
31,Common Room in 107 Bishan Street 12,"$1,800/mo"
32,Common Room in Seasons View,"$1,600/mo"
33,Room in Seasons View,"$1,400/mo"
34,Common Room in Clover Park,"$1,000/mo"
35,Common Room in Rafflesia Condominium,"$1,500/mo"
36,Common Room in 204 Bishan Street 23,"$1,800/mo"
37,Common Room in 501 Bishan Street 11,"$1,800/mo"
38,Common Room in 130 Bishan Street 12,"$1,200/mo"
39,Common Room in 167 Bishan Street 13,"$1,000/mo"
40,Common Room in 85A Lorong 4 Toa Payoh,$800/mo
41,Common Room in 309A Ang Mo Kio Street 31,$900/mo
42,Common Room in 201 Toa Payoh North,$950/mo
43,Common Room in 138C Lorong 1A Toa Payoh,"$1,500/mo"
44,Common Room in Braddell View,"$1,600/mo"
45,Common Room in JadeScape,"$2,050/mo"
46,Common Room in 447 Bright Hill Drive,"$1,100/mo"
47,Common Room in 50 Lorong 5 Toa Payoh,"$1,000/mo"
48,Room in Thomson Imperial Court,"$2,000/mo"
49,Common Room in 336 Ang Mo Kio Avenue 1,$750/mo
50,Common Room in 110 Lorong 1 Toa Payoh,"$1,000/mo"
51,Common Room in JadeScape,"$2,150/mo"
52,Common Room in 112 Lorong 1 Toa Payoh,$550/mo
53,Common Room in 178 Toa Payoh Central,$800/mo
54,Common Room in 305 Shunfu Road,"$1,050/mo"
55,Common Room in Gem Residences,"$1,380/mo"
56,Common Room in Braddell View,"$1,800/mo"
57,Common Room in 12 Lorong 7 Toa Payoh,$600/mo
58,Common Room in 334 Ang Mo Kio Avenue 1,$750/mo
59,Common Room in Braddell View,"$1,600/mo"
60,Common Room in 101B Lorong 2 Toa Payoh,"$1,000/mo"
61,Common Room in 305 Shunfu Road,"$1,050/mo"
62,Common Room in 476 Ang Mo Kio Avenue 10,$650/mo
63,Common Room in 352 Ang Mo Kio Street 32,"$1,300/mo"
64,Master Room in Gem Residences,"$3,100/mo"
65,Common Room in 53 Lorong 5 Toa Payoh,"$1,000/mo"
66,Master Room in 138C Lorong 1A Toa Payoh,"$2,000/mo"
67,Common Room in JadeScape,"$2,250/mo"
68,Master Room in JadeScape,"$3,000/mo"
69,Master Room in 404 Ang Mo Kio Avenue 10,"$1,600/mo"
70,Master Room in 94 Lorong 4 Toa Payoh,"$1,200/mo"
71,Room in 421 Ang Mo Kio Avenue 10,$700/mo
72,Master Room in 215 Ang Mo Kio Avenue 1,"$1,300/mo"
73,Room in 224 Lorong 8 Toa Payoh,$950/mo
74,Common Room in Braddell View,"$1,050/mo"
75,Common Room in 100 Lorong 1 Toa Payoh,$450/mo
76,Common Room in 333 Ang Mo Kio Avenue 1,$500/mo
77,Room in JadeScape,"$5,200/mo"
78,Common Room in Braddell View,"$1,050/mo"
79,Master Room in Clover By The Park,"$1,600/mo"
80,Common Room in 95 Lorong 4 Toa Payoh,"$1,300/mo"
81,Common Room in Braddell View,"$1,480/mo"
82,Common Room in Braddell View,"$1,350/mo"
83,Common Room in 222 Lorong 8 Toa Payoh,$900/mo
84,Common Room in 121 Lorong 2 Toa Payoh,"$1,800/mo"
85,Room in 261 Bishan Street 22,$950/mo
86,Master Room in 404 Ang Mo Kio Avenue 10,"$1,600/mo"
87,Master Room in 335 Ang Mo Kio Avenue 1,"$1,500/mo"
88,Common Room in 222 Lorong 8 Toa Payoh,$900/mo
89,Master Room in Jalan Pacheli,"$2,300/mo"
90,Common Room in Trevista,"$1,600/mo"
91,Common Room in 153 Lorong 2 Toa Payoh,"$1,100/mo"
92,Master Room in Thomson Ridge,"$3,000/mo"
93,Master Room in Thomson Ridge,"$2,500/mo"
94,Master Room in 85C Lorong 4 Toa Payoh,"$1,200/mo"
95,Common Room in 23 Sin Ming Road,"$1,200/mo"
96,Common Room in 110 Lorong 1 Toa Payoh,"$1,100/mo"
97,Common Room in 80A Lorong 4 Toa Payoh,"$1,450/mo"
98,Master Room in 38 Lorong 5 Toa Payoh,"$1,200/mo"
99,Common Room in 332 Ang Mo Kio Avenue 1,$850/mo
100,Common Room in 199 Toa Payoh North,$500/mo
101,Master Room in 154 Lorong 2 Toa Payoh,"$1,800/mo"
102,Common Room in 98 Lorong 1 Toa Payoh,$750/mo
103,Master Room in 152 Lorong 2 Toa Payoh,"$2,000/mo"
104,Master Room in 309 Shunfu Road,"$2,500/mo"
105,Common Room in 94 Lorong 4 Toa Payoh,"$1,050/mo"
106,Common Room in 38 Lorong 5 Toa Payoh,"$1,200/mo"
107,Common Room in 113 Lorong 1 Toa Payoh,"$1,000/mo"
108,Common Room in 354 Ang Mo Kio Street 32,$900/mo
109,Room in 36 Lorong 5 Toa Payoh,"$1,200/mo"
110,Common Room in Braddell View,"$1,500/mo"
111,Master Room in 447 Bright Hill Drive,"$1,500/mo"
112,Common Room in 12 Lorong 7 Toa Payoh,$500/mo
113,Common Room in 11 Lorong 8 Toa Payoh,$988/mo
114,Common Room in 81A Lorong 4 Toa Payoh,"$1,300/mo"
115,Master Room in 324 Ang Mo Kio Avenue 3,"$1,500/mo"
116,Common Room in 101B Lorong 2 Toa Payoh,$900/mo
117,Common Room in Golden Heights,"$1,400/mo"
118,Common Room in 418 Ang Mo Kio Avenue 10,$800/mo
119,Room in 335 Ang Mo Kio Avenue 1,"$1,500/mo"
120,Room in 79A Toa Payoh Central,"$1,300/mo"
121,Room in 25 Sin Ming Road,$800/mo
122,Room in 53 Lorong 5 Toa Payoh,$850/mo
123,Master Room in 321 Ang Mo Kio Avenue 1,"$1,300/mo"
124,Common Room in 472 Ang Mo Kio Avenue 10,$450/mo
125,Master Room in 109 Lorong 1 Toa Payoh,"$3,300/mo"
126,Room in Goldenhill Park Condominium,"$2,080/mo"
127,Common Room in 53 Lorong 5 Toa Payoh,"$1,000/mo"
128,Common Room in 139A Lorong 1A Toa Payoh,"$1,800/mo"
129,Master Room in JadeScape,"$1,900/mo"
130,Common Room in 204 Toa Payoh North,"$1,250/mo"
131,Room in 109 Lorong 1 Toa Payoh,"$2,350/mo"
132,Room in 95 Lorong 4 Toa Payoh,"$1,500/mo"
133,Common Room in 237 Lorong 1 Toa Payoh,"$1,200/mo"
134,Room in 109 Lorong 1 Toa Payoh,"$2,350/mo"
135,Room in 445 Ang Mo Kio Avenue 10,$950/mo
136,Common Room in 109 Lorong 1 Toa Payoh,"$2,800/mo"
137,Common Room in 310B Ang Mo Kio Avenue 1,"$1,050/mo"
138,Common Room in 143 Lorong 2 Toa Payoh,"$1,200/mo"
139,Room in 109 Lorong 1 Toa Payoh,"$2,500/mo"
140,Common Room in 312 Ang Mo Kio Avenue 3,"$1,000/mo"
141,Master Room in 122 Lorong 2 Toa Payoh,"$1,500/mo"
142,Room in JadeScape,"$6,300/mo"
143,Common Room in Jalan Pacheli,"$2,400/mo"
144,Common Room in 151 Bishan Street 11,"$1,000/mo"
145,Common Room in 59 Lorong 5 Toa Payoh,$800/mo
146,Common Room in 438 Ang Mo Kio Avenue 10,$850/mo
147,Common Room in 322 Ang Mo Kio Avenue 3,"$1,100/mo"
148,Common Room in 312 Serangoon Avenue 2,"$1,000/mo"
149,Master Room in 79B Toa Payoh Central,"$1,888/mo"
150,Master Room in Goldenhill Villas,"$2,500/mo"
151,Common Room in 301 Ang Mo Kio Avenue 3,"$1,100/mo"
152,Master Room in 434 Ang Mo Kio Avenue 10,"$1,200/mo"
153,Master Room in 401 Ang Mo Kio Avenue 10,"$1,100/mo"
154,Room in Golden Hill Estate,"$1,500/mo"
155,Room in JadeScape,"$2,000/mo"
156,Master Room in 109 Lorong 1 Toa Payoh,"$1,550/mo"
157,Room in 201 Toa Payoh North,"$1,000/mo"
158,Common Room in 122 Lorong 2 Toa Payoh,$800/mo
159,Room in 152 Lorong 2 Toa Payoh,"$1,400/mo"
160,Room in 352 Ang Mo Kio Street 32,"$1,200/mo"
161,Master Room in 218 Ang Mo Kio Avenue 1,"$1,200/mo"
162,Master Room in Gem Residences,"$2,500/mo"
163,Common Room in The Springbloom,"$1,000/mo"
164,Common Room in 343 Ang Mo Kio Avenue 3,$980/mo
165,Master Room in 447 Bright Hill Drive,"$1,500/mo"
166,Master Room in 473 Ang Mo Kio Avenue 10,$800/mo
167,Common Room in 201 Toa Payoh North,$800/mo
