,Property,Price
0,Common Room in 665A Jurong West Street 64,"$1,000/mo"
1,Master Room in 679B Jurong West Central 1,"$2,000/mo"
2,Master Room in 664A Jurong West Street 64,"$1,500/mo"
3,Common Room in 662C Jurong West Street 64,$450/mo
4,Common Room in 668D Jurong West Street 64,$850/mo
5,Common Room in 665B Jurong West Street 64,"$1,200/mo"
6,Room in 655A Jurong West Street 61,$950/mo
7,Common Room in 679C Jurong West Central 1,"$1,000/mo"
8,Room in Summerdale,"$1,250/mo"
9,Common Room in 660B Jurong West Street 64,$900/mo
10,Common Room in 663C Jurong West Street 65,"$1,200/mo"
11,Master Room in 85 SOHO @ Boon Lay,"$1,700/mo"
12,Common Room in Summerdale,"$1,250/mo"
13,Master Room in 664A Jurong West Street 64,"$1,500/mo"
14,Room in 698A Jurong West Central 3,"$1,000/mo"
15,Room in 693 Jurong West Central 1,$900/mo
16,Common Room in 651B Jurong West Street 61,"$1,200/mo"
17,Common Room in 669A Jurong West Street 64,"$1,000/mo"
18,Common Room in 619 Jurong West Street 65,"$1,020/mo"
19,Common Room in 613A Jurong West Street 62,"$1,150/mo"
20,Common Room in 736 Jurong West Street 75,$950/mo
21,Room in 654C Jurong West Street 61,"$1,680/mo"
22,Common Room in 668C Jurong West Street 64,"$1,400/mo"
23,Master Room in 612 Jurong West Street 65,"$1,200/mo"
24,Common Room in 623 Jurong West Street 61,$850/mo
25,Common Room in Summerdale,"$1,250/mo"
26,Common Room in 663C Jurong West Street 65,"$1,100/mo"
27,Master Room in 85 SOHO @ Boon Lay,"$2,500/mo"
28,Common Room in 688 Jurong West Central 1,"$1,250/mo"
29,Common Room in 174 Boon Lay Drive,$800/mo
30,Common Room in 656D Jurong West Street 61,"$1,350/mo"
31,Room in 85 SOHO @ Boon Lay,"$2,200/mo"
32,Common Room in Summerdale,"$1,175/mo"
33,Common Room in 664C Jurong West Street 64,$800/mo
34,Room in 85 SOHO @ Boon Lay,"$2,200/mo"
35,Common Room in 665B Jurong West Street 64,"$1,100/mo"
36,Common Room in 690 Jurong West Central 1,$800/mo
37,Master Room in The Centris,"$1,700/mo"
38,Common Room in Summerdale,"$1,450/mo"
39,Room in 673A Jurong West Street 65,"$1,000/mo"
40,Common Room in Summerdale,"$1,300/mo"
41,Common Room in Summerdale,"$1,450/mo"
42,Room in Summerdale,"$1,550/mo"
43,Common Room in 632 Jurong West Street 65,"$1,100/mo"
44,Common Room in 262 Boon Lay Drive,"$1,500/mo"
45,Common Room in The Centris,"$1,580/mo"
46,Room in 676A Jurong West Street 64,"$1,600/mo"
47,Common Room in The Centris,"$1,550/mo"
48,Common Room in 669C Jurong West Street 64,"$1,000/mo"
49,Room in 632 Jurong West Street 65,"$1,100/mo"
50,Room in 684 Jurong West Street 64,"$1,000/mo"
51,Common Room in 839 Jurong West Street 81,$800/mo
52,Common Room in 336 Tah Ching Road,$950/mo
53,Common Room in 642 Jurong West Street 61,$980/mo
54,Common Room in 750 Jurong West Street 73,"$1,000/mo"
55,Common Room in Parc Vista,"$1,450/mo"
56,Common Room in 185 Boon Lay Avenue,$500/mo
57,Common Room in 941 Jurong West Street 91,"$1,400/mo"
58,Common Room in Lakepoint Condominium,"$1,300/mo"
59,Common Room in 550 Jurong West Street 42,$700/mo
60,Common Room in 352 Kang Ching Road,$800/mo
61,Master Room in Lakepoint Condominium,"$2,050/mo"
62,Common Room in Lakepoint Condominium,"$1,450/mo"
63,Common Room in Lakepoint Condominium,"$1,250/mo"
64,Common Room in 850 Jurong West Street 81,$700/mo
65,Common Room in Parc Vista,"$1,450/mo"
66,Common Room in 210 Boon Lay Place,$850/mo
67,Master Room in 864 Jurong West Street 81,$900/mo
68,Common Room in 348 Kang Ching Road,"$1,000/mo"
69,Common Room in 987A Jurong West Street 93,"$1,100/mo"
70,Common Room in 533 Jurong West Street 52,$900/mo
71,Room in The Floravale,"$2,380/mo"
72,Room in The Lakefront Residences,"$1,750/mo"
73,Common Room in Parc Vista,"$1,380/mo"
74,Common Room in 523 Jurong West Street 52,$850/mo
75,Common Room in 365 Corporation Drive,"$1,000/mo"
76,Common Room in 814 Jurong West Street 81,$700/mo
77,Common Room in 183D Boon Lay Avenue,$950/mo
78,Common Room in Westville,"$1,300/mo"
79,Master Room in 272B Jurong West Street 24,"$1,200/mo"
80,Room in 517C Jurong West Street 52,"$1,100/mo"
81,Common Room in The Floravale,"$1,800/mo"
82,Common Room in 921 Jurong West Street 92,"$1,200/mo"
83,Common Room in 275B Jurong West Street 25,$750/mo
84,Room in Parc Vista,"$1,450/mo"
85,Room in Parc Vista,"$1,450/mo"
86,Room in Parc Vista,"$1,550/mo"
87,Common Room in Parc Vista,"$1,280/mo"
88,Common Room in Lakeside Grove,"$1,250/mo"
89,Common Room in 961 Jurong West Street 92,$800/mo
90,Common Room in 987C Jurong West Street 93,$900/mo
91,Room in Parc Vista,"$1,550/mo"
92,Room in Parc Vista,"$1,450/mo"
93,Common Room in 503 Jurong West Avenue 1,"$1,500/mo"
94,Common Room in The Floravale,"$1,400/mo"
95,Master Room in 517D Jurong West Street 52,"$1,200/mo"
96,Room in 940 Jurong West Street 91,$800/mo
97,Common Room in 952 Jurong West Street 91,"$1,000/mo"
98,Room in Lakeside Grove,"$1,250/mo"
99,Common Room in 276A Jurong West Street 25,$850/mo
100,Common Room in 653A Jurong West Street 61,$950/mo
101,Common Room in 521 Jurong West Street 52,$900/mo
102,Room in 273D Jurong West Avenue 3,"$1,200/mo"
103,Common Room in 216B Boon Lay Avenue,$850/mo
104,Common Room in The Lakefront Residences,"$1,450/mo"
105,Room in Parc Vista,"$2,400/mo"
106,Common Room in Lakeside Grove,"$2,000/mo"
107,Common Room in Lakepoint Condominium,"$1,200/mo"
108,Common Room in 824 Jurong West Street 81,"$1,200/mo"
109,Common Room in The Floravale,"$1,500/mo"
110,Common Room in 542 Jurong West Avenue 1,"$1,300/mo"
111,Common Room in Westville,"$1,400/mo"
112,Master Room in The Floravale,"$2,500/mo"
113,Common Room in 221 Boon Lay Place,$800/mo
114,Common Room in 352 Kang Ching Road,$800/mo
115,Room in 210 Boon Lay Place,$900/mo
116,Master Room in 361 Yung An Road,"$1,100/mo"
117,Common Room in Westville,$999/mo
118,Room in 815 Jurong West Street 81,$650/mo
119,Room in Lakepoint Condominium,"$1,300/mo"
120,Common Room in 817 Jurong West Street 81,$700/mo
121,Common Room in 751 Jurong West Street 73,$850/mo
122,Common Room in 843 Jurong West Street 81,$900/mo
123,Common Room in 748 Jurong West Street 73,$350/mo
124,Common Room in Yunnan Crescent,$650/mo
125,Common Room in Yunnan Crescent,"$1,000/mo"
126,Common Room in 642 Jurong West Street 61,"$1,000/mo"
127,Common Room in 363 Yung An Road,$800/mo
128,Common Room in 941 Jurong West Street 91,"$1,400/mo"
129,Room in 275B Jurong West Street 25,"$1,000/mo"
130,Common Room in 816 Jurong West Street 81,"$1,200/mo"
131,Room in Lakeholmz,"$1,450/mo"
132,Room in 842 Jurong West Street 81,$450/mo
133,Room in 987C Jurong West Street 93,"$1,100/mo"
134,Room in 206 Boon Lay Drive,$850/mo
135,Room in The Floravale,"$1,480/mo"
136,Common Room in The Floravale,"$1,450/mo"
137,Common Room in 365 Corporation Drive,"$1,000/mo"
138,Master Room in The Floravale,"$1,980/mo"
139,Common Room in The Floravale,"$1,580/mo"
140,Common Room in The Floravale,"$1,380/mo"
141,Room in 273A Jurong West Avenue 3,"$1,300/mo"
142,Common Room in The Lakefront Residences,"$1,200/mo"
143,Room in 823 Jurong West Street 81,$850/mo
144,Common Room in 207 Boon Lay Place,"$1,700/mo"
145,Common Room in 274B Jurong West Street 25,"$1,250/mo"
146,Room in 523 Jurong West Street 52,$850/mo
147,Common Room in 709 Jurong West Street 71,$950/mo
148,Common Room in 987C Jurong West Street 93,"$1,125/mo"
149,Common Room in Corporation Road,"$1,650/mo"
150,Room in The Lakefront Residences,"$1,300/mo"
151,Room in Yunnan Road,$900/mo
152,Room in Yunnan Crescent,"$1,150/mo"
153,Common Room in 276A Jurong West Street 25,$800/mo
154,Room in 338A Tah Ching Road,"$1,200/mo"
155,Common Room in 204 Boon Lay Drive,"$1,300/mo"
156,Room in 275B Jurong West Street 25,"$1,000/mo"
157,Common Room in Lakepoint Condominium,"$1,300/mo"
158,Common Room in 352 Kang Ching Road,$800/mo
159,Common Room in 832 Jurong West Street 81,$750/mo
160,Room in 361 Yung An Road,"$1,500/mo"
161,Room in 829 Jurong West Street 81,"$1,000/mo"
162,Room in 831 Jurong West Street 81,$900/mo
163,Common Room in 268 Boon Lay Drive,$900/mo
164,Room in 177 Yung Sheng Road,"$1,500/mo"
