,Property,Price
0,Common Room in 112 Whampoa Road,"$1,000/mo"
1,Master Room in Eight Riversuites,"$2,400/mo"
2,Common Room in Race Course Road,"$1,500/mo"
3,Master Room in 107 Towner Road,"$2,000/mo"
4,Master Room in 56 Geylang Bahru,"$1,300/mo"
5,Common Room in 19 Jalan Tenteram,"$1,000/mo"
6,Common Room in 5 Saint George's Lane,"$1,200/mo"
7,Common Room in 49 Whampoa South,$850/mo
8,Common Room in 122 Mcnair Road,"$1,500/mo"
9,Common Room in 122 Mcnair Road,"$1,500/mo"
10,Common Room in 683 Tessensohn Road,"$1,100/mo"
11,Common Room in 8 Saint George's Lane,"$1,600/mo"
12,Common Room in 74 Whampoa Drive,"$1,100/mo"
13,Common Room in 74 Whampoa Drive,$750/mo
14,Master Room in Sing Avenue,"$2,500/mo"
15,Master Room in 8 Farrer Suites,"$2,200/mo"
16,Master Room in Serangoon Road,"$3,000/mo"
17,Master Room in Serangoon Road,"$2,400/mo"
18,Master Room in Studios @ Marne,"$3,500/mo"
19,Common Room in 5 Boon Keng Road,"$1,000/mo"
20,Master Room in 8 Farrer Suites,"$2,300/mo"
21,Common Room in 681 Race Course Road,"$1,100/mo"
22,Common Room in 14 Saint George's Road,$500/mo
23,Common Room in 5 Saint George's Lane,"$1,200/mo"
24,Room in Kerrisdale,"$1,600/mo"
25,Room in 17 Jalan Tenteram,$550/mo
26,Common Room in 17 Jalan Tenteram,$550/mo
27,Common Room in 34 Whampoa West,$850/mo
28,Master Room in Kerrisdale,$900/mo
29,Common Room in 6 Saint George's Lane,$900/mo
30,Master Room in 8 Farrer Suites,"$2,400/mo"
31,Common Room in 56 Geylang Bahru,$550/mo
32,Common Room in 121 Mcnair Road,"$1,200/mo"
33,Room in 56 Geylang Bahru,$550/mo
34,Master Room in Kerrisdale,"$2,500/mo"
35,Room in One Saint Michaels,"$1,600/mo"
36,Room in 6 Saint George's Lane,$900/mo
37,Common Room in 105 Towner Road,"$1,500/mo"
38,Master Room in Kerrisdale,"$2,000/mo"
39,Common Room in Kerrisdale,"$1,200/mo"
40,Room in 47 Bendemeer Road,"$1,200/mo"
41,Master Room in 3 Saint George's Road,"$1,200/mo"
42,Master Room in One Saint Michaels,"$2,500/mo"
43,Room in 109 Mcnair Road,$900/mo
44,Common Room in 8 Saint George's Lane,"$1,600/mo"
45,Master Room in 95 Lavender Street,"$1,650/mo"
46,Common Room in 110 Mcnair Road,"$1,500/mo"
47,Common Room in Parc Haven,"$1,000/mo"
48,Master Room in Parc Haven,"$2,700/mo"
49,Common Room in Parc Haven,"$1,800/mo"
50,Master Room in Parc Haven,"$2,400/mo"
51,Room in Kerrisdale,"$2,000/mo"
52,Master Room in 2 Saint George's Road,$800/mo
53,Common Room in 8 Farrer Suites,"$2,399/mo"
54,Common Room in Petain Court,"$1,400/mo"
55,Room in 8 Farrer Suites,"$2,200/mo"
56,Master Room in Lavender Street,"$2,300/mo"
57,Master Room in Kerrisdale,"$1,700/mo"
58,Master Room in 27 Jalan Bahagia,$800/mo
59,Master Room in 3 Saint George's Road,"$1,300/mo"
60,Room in Studios @ Marne,"$3,500/mo"
61,Master Room in 110 Mcnair Road,"$1,400/mo"
62,Common Room in 113A Mcnair Road,"$1,200/mo"
63,Master Room in The Elysia,"$2,100/mo"
64,Common Room in Kerrisdale,"$1,700/mo"
65,Room in 107 Towner Road,"$2,000/mo"
66,Master Room in Petain Road/Tyrwhitt Road Conservation Area,"$2,500/mo"
67,Room in Eight Riversuites,"$1,500/mo"
68,Master Room in Parc Haven,"$2,400/mo"
69,Master Room in Studios @ Marne,"$3,400/mo"
70,Common Room in 47 Bendemeer Road,"$1,200/mo"
71,Room in Studios @ Marne,"$3,400/mo"
72,Common Room in 112A Whampoa Road,"$1,200/mo"
73,Common Room in 93 Whampoa Drive,$550/mo
74,Common Room in 684 Race Course Road,"$1,000/mo"
75,Common Room in Joo Avenue,"$1,200/mo"
76,Room in 685 Race Course Road,"$1,800/mo"
77,Room in 8 Farrer Suites,"$2,200/mo"
78,Room in Jalan Besar,"$2,940/mo"
79,Common Room in Owen Road,"$2,000/mo"
80,Common Room in 11 Farrer Park Road,"$1,400/mo"
81,Common Room in Ritz Mansions,"$1,380/mo"
82,Common Room in Balestier Point,"$1,200/mo"
83,Master Room in Canne Lodge,"$2,350/mo"
84,Common Room in Ritz Mansions,"$1,450/mo"
85,Common Room in 3A Upper Boon Keng Road,"$1,000/mo"
86,Master Room in 813 Jellicoe Road,"$1,500/mo"
87,Common Room in 264 Toa Payoh East,"$1,600/mo"
88,Common Room in 2 Beach Road,"$1,500/mo"
89,Master Room in Ava Towers,"$1,850/mo"
90,Common Room in Tianso Heights,"$1,850/mo"
91,Master Room in 12 Farrer Park Road,"$2,000/mo"
92,Common Room in 16 Upper Boon Keng Road,"$2,800/mo"
93,Master Room in The Interweave,"$2,600/mo"
94,Master Room in Accord Apartments,"$1,400/mo"
95,Common Room in 241 Kim Keat Link,"$1,300/mo"
96,Common Room in The Tre Ver,"$1,800/mo"
97,Common Room in 113 Potong Pasir Avenue 1,"$1,000/mo"
98,Master Room in 101 Jalan Rajah,"$1,200/mo"
99,Common Room in 139 Potong Pasir Avenue 3,"$1,200/mo"
100,Common Room in 668 Chander Road,"$2,800/mo"
101,Common Room in 8A Upper Boon Keng Road,"$1,198/mo"
102,Common Room in 108B Bidadari Park Drive,"$1,200/mo"
103,Master Room in Nin Residence,"$2,500/mo"
104,Master Room in 148 Potong Pasir Avenue 1,"$2,000/mo"
105,Master Room in Ava Towers,"$1,850/mo"
106,Common Room in Bassein Court,$950/mo
107,Common Room in 20 Lorong 7 Toa Payoh,$800/mo
108,Common Room in 12 Lorong 7 Toa Payoh,$600/mo
109,Common Room in Lorong 9 Geylang,"$1,200/mo"
110,Common Room in 25 Toa Payoh East,$900/mo
111,Common Room in The Huntington,"$2,750/mo"
112,Common Room in The Tre Ver,"$2,200/mo"
113,Room in 255 Kim Keat Avenue,"$1,200/mo"
114,Common Room in Regal Court,"$1,000/mo"
115,Master Room in Mandalay Mansion,"$1,600/mo"
116,Common Room in Ritz Mansions,"$1,200/mo"
117,Common Room in Tianso Heights,"$1,850/mo"
118,Master Room in Ava Towers,"$1,850/mo"
119,Room in Uptown @ Farrer,"$3,200/mo"
120,Room in 54 Jalan Ma'Mor,"$1,050/mo"
121,Master Room in Neem Tree,"$2,100/mo"
122,Common Room in City Square Residences,"$2,200/mo"
123,Common Room in City Square Residences,"$2,200/mo"
124,Common Room in 144 Potong Pasir Avenue 2,$950/mo
125,Master Room in Canne Lodge,"$2,008/mo"
126,Common Room in Kim Keat House,"$1,350/mo"
127,Master Room in Jalan Besar Plaza,"$2,500/mo"
128,Room in 668 Chander Road,"$1,488/mo"
129,Room in 3C Upper Boon Keng Road,"$1,100/mo"
130,Room in 32 Penhas Road,"$1,449/mo"
131,Room in Soleil @ Sinaran,"$4,280/mo"
132,Master Room in 101 Jalan Rajah,"$1,500/mo"
133,Master Room in 813 Jellicoe Road,"$1,300/mo"
134,Common Room in Summer Green,"$1,320/mo"
135,Room in Thomson Euro-Asia,"$1,400/mo"
136,Room in 104 Potong Pasir Avenue 1,"$1,200/mo"
137,Common Room in City Square Residences,"$2,000/mo"
138,Common Room in City Square Residences,"$2,000/mo"
139,Common Room in Citylights,"$2,000/mo"
140,Common Room in 52 Kent Road,"$1,500/mo"
141,Room in Lion Towers,"$1,500/mo"
142,Master Room in Woodsville Mansions,"$1,600/mo"
143,Common Room in Race Course Mansion,"$1,600/mo"
144,Room in City Square Residences,"$2,600/mo"
145,Room in The Tre Ver,"$5,200/mo"
146,Room in 32 Penhas Road,"$2,849/mo"
147,Common Room in 2D Upper Boon Keng Road,"$1,000/mo"
148,Room in The Poiz Residences,"$3,800/mo"
149,Master Room in Woodsville Mansions,"$2,000/mo"
150,Master Room in 16 Upper Boon Keng Road,"$2,800/mo"
151,Common Room in Little India Conservation Area,"$6,500/mo"
152,Room in City Square Residences,"$2,600/mo"
153,Common Room in 2D Upper Boon Keng Road,"$1,100/mo"
154,Master Room in 25 Truro Road,"$2,288/mo"
155,Room in 466 Crawford Lane,"$1,100/mo"
156,Common Room in 12 Farrer Park Road,"$1,500/mo"
157,Common Room in 51 Kent Road,"$1,200/mo"
158,Master Room in Balestier 288,"$2,000/mo"
159,Common Room in Sennett Estate,"$1,700/mo"
160,Master Room in Canne Lodge,"$2,200/mo"
161,Master Room in Shrewsbury Road,"$1,550/mo"
162,Room in Sennett Residence,"$2,000/mo"
163,Master Room in Canne Lodge,"$2,200/mo"
164,Common Room in 97 Geylang Bahru,"$1,200/mo"
165,Master Room in 38 Lorong 5 Toa Payoh,"$1,200/mo"
166,Common Room in Canne Lodge,"$1,900/mo"
167,Common Room in 2A Upper Boon Keng Road,"$1,400/mo"
168,Room in Thomson Euro-Asia,"$1,700/mo"
169,Common Room in Neem Tree,"$2,100/mo"
170,Common Room in Neem Tree,"$1,600/mo"
171,Master Room in Kentish Lodge,"$2,600/mo"
172,Common Room in Balestier Plaza,"$1,400/mo"
173,Master Room in City Square Residences,"$2,600/mo"
174,Master Room in Canne Lodge,"$1,800/mo"
175,Room in Goodview Apartments,"$1,800/mo"
176,Common Room in Goodview Apartments,"$1,900/mo"
177,Common Room in 97 Geylang Bahru,"$1,200/mo"
178,Common Room in Mandalay Mansion,"$1,050/mo"
179,Common Room in Mandalay Mansion,"$1,200/mo"
180,Common Room in Woodsville 28,"$2,000/mo"
181,Common Room in 48A Dorset Road,$950/mo
182,Common Room in City Square Residences,"$1,800/mo"
183,Room in Kentish Green,$850/mo
184,Master Room in Little India Conservation Area,"$2,000/mo"
185,Common Room in 38 Lorong 5 Toa Payoh,"$1,200/mo"
186,Master Room in City Square Residences,"$2,600/mo"
187,Master Room in City Square Residences,"$2,300/mo"
188,Common Room in City Square Residences,"$1,600/mo"
189,Common Room in Balestier Plaza,"$1,400/mo"
190,Common Room in De Royale,"$1,750/mo"
191,Common Room in De Royale,"$1,750/mo"
192,Common Room in Canne Lodge,"$1,800/mo"
193,Common Room in 813 Jellicoe Road,"$1,500/mo"
194,Common Room in Apleton View,"$1,850/mo"
195,Common Room in Mandalay Mansion,"$1,200/mo"
196,Master Room in Balestier Plaza,"$2,300/mo"
197,Room in Balestier Plaza,"$1,350/mo"
198,Common Room in Canne Ville,"$2,000/mo"
199,Common Room in 12 Lorong 7 Toa Payoh,$500/mo
200,Room in The Tre Ver,"$1,800/mo"
201,Common Room in Boon Teck Towers,"$1,300/mo"
202,Room in 8B Upper Boon Keng Road,"$1,350/mo"
203,Room in 26 Jalan Berseh,"$1,278/mo"
204,Common Room in 11 Lorong 8 Toa Payoh,$988/mo
205,Room in 11 Upper Boon Keng Road,$550/mo
206,Common Room in 26 Jalan Berseh,"$1,200/mo"
207,Common Room in Sennett Estate,"$1,600/mo"
208,Master Room in Intero,"$4,000/mo"
209,Master Room in Intero,"$4,000/mo"
210,Common Room in City Square Residences,"$2,100/mo"
211,Room in 2D Upper Boon Keng Road,"$1,100/mo"
212,Room in 45 Sims Drive,"$1,100/mo"
213,Common Room in 8B Upper Boon Keng Road,"$1,400/mo"
214,Common Room in Nadia Mansions,"$1,200/mo"
215,Common Room in 142 Potong Pasir Avenue 3,"$1,350/mo"
216,Common Room in Lorong 13 Geylang,"$2,900/mo"
217,Room in Coliwoo Balestier 320,"$2,700/mo"
218,Master Room in 101 Jalan Rajah,"$1,300/mo"
219,Room in Moulmein Court,"$1,400/mo"
220,Room in 112 Lorong 3 Geylang,"$1,000/mo"
221,Room in 120 Potong Pasir Avenue 1,"$1,400/mo"
222,Common Room in Thomson Euro-Asia,"$1,700/mo"
223,Common Room in Thomson Euro-Asia,"$1,800/mo"
224,Common Room in 2D Upper Boon Keng Road,$900/mo
225,Common Room in Rajah Tower,"$1,800/mo"
226,Master Room in 16 Upper Boon Keng Road,"$3,200/mo"
227,Master Room in Boon Keng Ville,"$3,500/mo"
228,Common Room in Canne Lodge,"$2,200/mo"
229,Common Room in Canne Lodge,"$1,800/mo"
230,Master Room in The Huntington,"$2,620/mo"
231,Common Room in 8A Upper Boon Keng Road,"$1,300/mo"
232,Room in 16 Upper Boon Keng Road,"$2,700/mo"
233,Room in 12 North Bridge Road,"$1,200/mo"
234,Master Room in 641 Rowell Road,"$2,200/mo"
235,Common Room in Kentish Court,"$1,350/mo"
236,Master Room in 69 Moulmein Road,"$2,200/mo"
237,Master Room in City Square Mall,"$2,900/mo"
238,Common Room in Nova 48,"$1,300/mo"
239,Common Room in Thomson Euro-Asia,"$1,800/mo"
240,Common Room in 641 Rowell Road,"$1,700/mo"
241,Common Room in 642 Rowell Road,"$1,400/mo"
242,Common Room in Zedge,"$1,850/mo"
243,Common Room in City Square Residences,"$1,600/mo"
244,Common Room in City Square Residences,"$1,700/mo"
245,Common Room in Regal Court,"$1,200/mo"
246,Master Room in Sennett Estate,"$1,200/mo"
247,Common Room in Race Course Mansion,"$1,800/mo"
248,Room in The Venue Residences,"$2,300/mo"
249,Common Room in Canne Lodge,"$1,900/mo"
250,Common Room in Canne Lodge,"$1,800/mo"
251,Master Room in Canne Lodge,"$2,300/mo"
252,Common Room in Nadia Mansions,"$1,600/mo"
253,Master Room in Birmingham Mansions,"$1,600/mo"
254,Common Room in Balestier Point,"$1,380/mo"
255,Common Room in 113 Potong Pasir Avenue 1,$999/mo
256,Common Room in Citylights,"$1,950/mo"
257,Master Room in Nin Residence,"$2,900/mo"
258,Room in 16 Upper Boon Keng Road,"$1,500/mo"
259,Room in Uptown @ Farrer,"$2,900/mo"
260,Common Room in Thomson Euro-Asia,"$1,700/mo"
261,Common Room in 249 Kim Keat Link,$800/mo
262,Common Room in 193 Lorong 4 Toa Payoh,"$1,000/mo"
263,Room in 813 Jellicoe Road,"$1,500/mo"
264,Room in Hanson Court,"$4,400/mo"
265,Common Room in Regal Court,"$1,000/mo"
