,Property,Price
0,Master Room in Dunearn Estate,"$3,300/mo"
1,Master Room in Kheam Hock Road,"$3,200/mo"
2,Room in Lutheran Road,"$1,600/mo"
3,Common Room in Signature @ Lewis,"$2,500/mo"
4,Room in Kheam Hock Road,"$3,200/mo"
5,Master Room in Watten Estate,"$3,800/mo"
6,Room in Lutheran Road,"$1,600/mo"
7,Common Room in Shelford Suites,"$1,900/mo"
8,Common Room in One Duchess,"$2,500/mo"
9,Master Room in The Tresor,"$2,900/mo"
10,Common Room in Chateau Le Fame,"$1,600/mo"
11,Common Room in Victoria Park Road,"$2,800/mo"
12,Common Room in Victoria Park Road,"$2,800/mo"
13,Master Room in Victoria Park Close,"$2,900/mo"
14,Master Room in Spanish Village,"$2,500/mo"
15,Master Room in Victoria Park Close,"$2,600/mo"
16,Common Room in Spanish Village,"$1,600/mo"
17,Common Room in Botanic Gardens Mansion,"$1,600/mo"
18,Common Room in Victoria Park Close,"$2,800/mo"
19,Common Room in 8A Empress Road,"$1,300/mo"
20,Room in 2 Queen's Road,"$1,500/mo"
21,Common Room in Spanish Village,"$2,400/mo"
22,Master Room in Goldhill Avenue,"$2,000/mo"
