,Property,Price
0,Common Room in 85A Lorong 4 Toa Payoh,$800/mo
1,Common Room in 201 Toa Payoh North,$950/mo
2,Common Room in 138C Lorong 1A Toa Payoh,"$1,500/mo"
3,Common Room in Braddell View,"$1,600/mo"
4,Common Room in 50 Lorong 5 Toa Payoh,"$1,000/mo"
5,Master Room in 138 Bishan Street 12,"$1,550/mo"
6,Common Room in 110 Lorong 1 Toa Payoh,"$1,000/mo"
7,Common Room in 157 Lorong 1 Toa Payoh,"$1,200/mo"
8,Common Room in 112 Lorong 1 Toa Payoh,$550/mo
9,Common Room in 178 Toa Payoh Central,$800/mo
10,Common Room in 158 Lorong 1 Toa Payoh,"$2,400/mo"
11,Common Room in Gem Residences,"$1,380/mo"
12,Common Room in Braddell View,"$1,800/mo"
13,Common Room in Braddell View,"$1,600/mo"
14,Common Room in 101B Lorong 2 Toa Payoh,"$1,000/mo"
15,Common Room in 110 Bishan Street 12,"$1,200/mo"
16,Master Room in Gem Residences,"$3,100/mo"
17,Common Room in 53 Lorong 5 Toa Payoh,"$1,000/mo"
18,Master Room in 138C Lorong 1A Toa Payoh,"$2,000/mo"
19,Master Room in 94 Lorong 4 Toa Payoh,"$1,200/mo"
20,Master Room in 205 Toa Payoh North,"$2,400/mo"
21,Common Room in Braddell View,"$1,050/mo"
22,Common Room in 100 Lorong 1 Toa Payoh,$450/mo
23,Common Room in 130 Bishan Street 12,"$1,300/mo"
24,Common Room in Braddell View,"$1,050/mo"
25,Common Room in 95 Lorong 4 Toa Payoh,"$1,300/mo"
26,Common Room in Braddell View,"$1,480/mo"
27,Common Room in Braddell View,"$1,350/mo"
28,Master Room in 138 Bishan Street 12,"$1,550/mo"
29,Common Room in 121 Lorong 2 Toa Payoh,"$1,800/mo"
30,Common Room in 112 Bishan Street 12,"$1,500/mo"
31,Common Room in Trevista,"$1,600/mo"
32,Common Room in Rafflesia Condominium,"$1,190/mo"
33,Common Room in 153 Lorong 2 Toa Payoh,"$1,100/mo"
34,Master Room in 85C Lorong 4 Toa Payoh,"$1,200/mo"
35,Common Room in 110 Lorong 1 Toa Payoh,"$1,100/mo"
36,Common Room in 80A Lorong 4 Toa Payoh,"$1,450/mo"
37,Common Room in 199 Toa Payoh North,$500/mo
38,Master Room in 154 Lorong 2 Toa Payoh,"$1,800/mo"
39,Common Room in 98 Lorong 1 Toa Payoh,$750/mo
40,Master Room in 152 Lorong 2 Toa Payoh,"$2,000/mo"
41,Common Room in 138 Bishan Street 12,"$1,580/mo"
42,Common Room in 94 Lorong 4 Toa Payoh,"$1,050/mo"
43,Common Room in 113 Lorong 1 Toa Payoh,"$1,000/mo"
44,Common Room in Braddell View,"$1,500/mo"
45,Master Room in 138 Bishan Street 12,"$1,550/mo"
46,Common Room in 81A Lorong 4 Toa Payoh,"$1,300/mo"
47,Common Room in 206 Toa Payoh North,"$1,200/mo"
48,Common Room in 101B Lorong 2 Toa Payoh,$900/mo
49,Room in 134 Bishan Street 12,"$1,500/mo"
50,Room in 110 Bishan Street 12,"$1,300/mo"
51,Room in 79A Toa Payoh Central,"$1,300/mo"
52,Common Room in 138 Bishan Street 12,"$1,550/mo"
53,Master Room in 138 Bishan Street 12,"$1,550/mo"
54,Room in 111 Bishan Street 12,$950/mo
55,Room in 53 Lorong 5 Toa Payoh,$850/mo
56,Master Room in 109 Lorong 1 Toa Payoh,"$3,300/mo"
57,Common Room in 107 Bishan Street 12,"$1,800/mo"
58,Common Room in 53 Lorong 5 Toa Payoh,"$1,000/mo"
59,Common Room in 139A Lorong 1A Toa Payoh,"$1,800/mo"
60,Common Room in 204 Toa Payoh North,"$1,250/mo"
61,Room in 109 Lorong 1 Toa Payoh,"$2,350/mo"
62,Room in 163 Lorong 1 Toa Payoh,"$1,200/mo"
63,Room in 95 Lorong 4 Toa Payoh,"$1,500/mo"
64,Common Room in 237 Lorong 1 Toa Payoh,"$1,200/mo"
65,Room in 109 Lorong 1 Toa Payoh,"$2,350/mo"
66,Common Room in 109 Lorong 1 Toa Payoh,"$2,800/mo"
67,Common Room in 143 Lorong 2 Toa Payoh,"$1,200/mo"
68,Room in 109 Lorong 1 Toa Payoh,"$2,500/mo"
69,Master Room in 122 Lorong 2 Toa Payoh,"$1,500/mo"
70,Common Room in Rafflesia Condominium,"$1,500/mo"
71,Common Room in 59 Lorong 5 Toa Payoh,$800/mo
72,Master Room in 79B Toa Payoh Central,"$1,888/mo"
73,Common Room in 501 Bishan Street 11,"$1,800/mo"
74,Master Room in 109 Lorong 1 Toa Payoh,"$1,550/mo"
75,Common Room in 130 Bishan Street 12,"$1,200/mo"
76,Room in 201 Toa Payoh North,"$1,000/mo"
77,Common Room in 122 Lorong 2 Toa Payoh,$800/mo
78,Room in 152 Lorong 2 Toa Payoh,"$1,400/mo"
79,Master Room in Gem Residences,"$2,500/mo"
80,Common Room in 201 Toa Payoh North,$800/mo
81,Common Room in Ritz Mansions,"$1,450/mo"
82,Common Room in Ritz Mansions,"$1,380/mo"
83,Common Room in 264 Toa Payoh East,"$1,600/mo"
84,Common Room in JadeScape,"$2,050/mo"
85,Master Room in The Interweave,"$2,600/mo"
86,Common Room in 241 Kim Keat Link,"$1,300/mo"
87,Room in Thomson Imperial Court,"$2,000/mo"
88,Common Room in JadeScape,"$2,150/mo"
89,Master Room in 101 Jalan Rajah,"$1,200/mo"
90,Common Room in 167 Bishan Street 13,"$1,000/mo"
91,Common Room in Bassein Court,$950/mo
92,Common Room in 231 Bishan Street 23,$950/mo
93,Common Room in 20 Lorong 7 Toa Payoh,$800/mo
94,Common Room in 305 Shunfu Road,"$1,050/mo"
95,Master Room in Vista Residences,"$2,700/mo"
96,Common Room in 12 Lorong 7 Toa Payoh,$600/mo
97,Common Room in 25 Toa Payoh East,$900/mo
98,Common Room in 305 Shunfu Road,"$1,050/mo"
99,Room in 255 Kim Keat Avenue,"$1,200/mo"
100,Common Room in Regal Court,"$1,000/mo"
101,Master Room in Mandalay Mansion,"$1,600/mo"
102,Common Room in Ritz Mansions,"$1,200/mo"
103,Room in 54 Jalan Ma'Mor,"$1,050/mo"
104,Master Room in Neem Tree,"$2,100/mo"
105,Common Room in JadeScape,"$2,250/mo"
106,Master Room in JadeScape,"$3,000/mo"
107,Common Room in Kim Keat House,"$1,350/mo"
108,Room in 224 Lorong 8 Toa Payoh,$950/mo
109,Master Room in 101 Jalan Rajah,"$1,500/mo"
110,Common Room in Summer Green,"$1,320/mo"
111,Common Room in 126 Bishan Street 12,"$1,000/mo"
112,Room in JadeScape,"$5,200/mo"
113,Master Room in Seasons View,"$2,000/mo"
114,Common Room in 222 Lorong 8 Toa Payoh,$900/mo
115,Master Room in Vista Residences,"$2,800/mo"
116,Room in 288 Bishan Street 24,"$1,300/mo"
117,Common Room in Sky Habitat,"$1,600/mo"
118,Common Room in 222 Lorong 8 Toa Payoh,$900/mo
119,Master Room in Thomson Ridge,"$3,000/mo"
120,Master Room in Thomson Ridge,"$2,500/mo"
121,Common Room in 23 Sin Ming Road,"$1,200/mo"
122,Master Room in 38 Lorong 5 Toa Payoh,"$1,200/mo"
123,Common Room in Vista Residences,"$1,800/mo"
124,Room in Sky Habitat,"$1,600/mo"
125,Common Room in Neem Tree,"$2,100/mo"
126,Common Room in Neem Tree,"$1,600/mo"
127,Common Room in Balestier Plaza,"$1,400/mo"
128,Common Room in Mandalay Mansion,"$1,050/mo"
129,Common Room in Mandalay Mansion,"$1,200/mo"
130,Common Room in 102 Jalan Dusun,"$1,200/mo"
131,Master Room in 309 Shunfu Road,"$2,500/mo"
132,Common Room in 38 Lorong 5 Toa Payoh,"$1,200/mo"
133,Common Room in Balestier Plaza,"$1,400/mo"
134,Common Room in De Royale,"$1,750/mo"
135,Common Room in De Royale,"$1,750/mo"
136,Common Room in Mandalay Mansion,"$1,200/mo"
137,Common Room in 101 Ah Hood Road,"$1,100/mo"
138,Common Room in 287 Bishan Street 24,"$1,100/mo"
139,Common Room in 289 Bishan Street 24,"$1,100/mo"
140,Master Room in Balestier Plaza,"$2,300/mo"
141,Common Room in 188 Bishan Street 13,"$1,100/mo"
142,Room in 36 Lorong 5 Toa Payoh,"$1,200/mo"
143,Room in 101 Ah Hood Road,"$1,000/mo"
144,Room in Balestier Plaza,"$1,350/mo"
145,Common Room in 12 Lorong 7 Toa Payoh,$500/mo
146,Common Room in Boon Teck Towers,"$1,300/mo"
147,Common Room in 11 Lorong 8 Toa Payoh,$988/mo
148,Common Room in 170 Bishan Street 13,"$1,200/mo"
149,Master Room in The Whitley Residences,"$2,200/mo"
150,Common Room in Nadia Mansions,"$1,200/mo"
151,Room in Coliwoo Balestier 320,"$2,700/mo"
152,Master Room in 101 Jalan Rajah,"$1,300/mo"
153,Common Room in 230 Bishan Street 23,$800/mo
154,Master Room in Jalan Merlimau,"$1,900/mo"
155,Room in 206 Bishan Street 23,"$2,500/mo"
156,Room in 25 Sin Ming Road,$800/mo
157,Common Room in Bishan 8,"$1,500/mo"
158,Master Room in Vista Residences,"$2,700/mo"
159,Common Room in Rajah Tower,"$1,800/mo"
160,Room in Seasons View,"$1,500/mo"
161,Room in The Arte,"$2,500/mo"
162,Common Room in Seasons View,"$1,600/mo"
163,Master Room in JadeScape,"$1,900/mo"
164,Master Room in The Belleforte,"$1,450/mo"
165,Room in Seasons View,"$1,400/mo"
166,Room in JadeScape,"$6,300/mo"
167,Common Room in Clover Park,"$1,000/mo"
168,Common Room in 151 Bishan Street 11,"$1,000/mo"
169,Common Room in Nova 48,"$1,300/mo"
170,Common Room in 204 Bishan Street 23,"$1,800/mo"
171,Common Room in Regal Court,"$1,200/mo"
172,Room in 102 Jalan Dusun,"$1,400/mo"
173,Room in JadeScape,"$2,000/mo"
174,Common Room in Nadia Mansions,"$1,600/mo"
175,Common Room in 112A Whampoa Road,"$1,200/mo"
176,Common Room in 193 Lorong 4 Toa Payoh,"$1,000/mo"
177,Common Room in 167 Bishan Street 13,"$1,000/mo"
178,Common Room in Regal Court,"$1,000/mo"
