,Property,Price
0,Room in 48 Bencoolen Street,"$4,333/mo"
1,Room in 12 Queen Street,"$5,000/mo"
2,Master Room in Peace Centre/Peace Mansion / Peace Centre,"$1,500/mo"
3,Common Room in Peace Centre/Peace Mansion / Peace Centre,"$1,100/mo"
4,Master Room in Former Peace Centre/Peace Mansion,"$2,500/mo"
5,Common Room in Bencoolen House,"$1,600/mo"
6,Master Room in Burlington Square,"$2,500/mo"
7,Common Room in Burlington Square,"$1,900/mo"
8,Room in Duo Residences / Duo Tower,"$4,499/mo"
9,Common Room in 232 Bain Street,"$1,418/mo"
10,Common Room in The Bencoolen,"$1,950/mo"
11,Master Room in Burlington Square,"$2,500/mo"
12,Room in Sophia Hills,"$2,400/mo"
13,Common Room in Niven Road,"$1,200/mo"
14,Common Room in Sunshine Plaza,"$1,000/mo"
15,Common Room in Burlington Square,"$1,400/mo"
16,Room in 269B Queen Street,"$1,400/mo"
17,Master Room in Sophia Crest,"$2,400/mo"
18,Common Room in Burlington Square,"$1,900/mo"
19,Master Room in Burlington Square,"$2,600/mo"
20,Room in Burlington Square,"$1,800/mo"
21,Common Room in Wilkie Court,"$1,250/mo"
22,Common Room in Burlington Square,"$1,800/mo"
23,Room in Sophia Hills,"$2,500/mo"
24,Common Room in Hollywood Apartments,"$1,550/mo"
25,Room in Wilkie Apartments,"$2,350/mo"
26,Room in 232 Bain Street,"$1,500/mo"
27,Master Room in Liv On Wilkie,"$2,500/mo"
28,Master Room in 75BR,"$4,200/mo"
29,Room in 8 Selegie Road,"$1,200/mo"
30,Room in Sophia Hills,"$2,700/mo"
31,Common Room in 263 Waterloo Street,"$1,400/mo"
32,Master Room in Bencoolen House,"$2,200/mo"
33,Master Room in Beach Road Conservation Area,"$3,800/mo"
34,Common Room in Former Peace Centre/Peace Mansion,"$2,300/mo"
35,Room in The Bencoolen,"$2,600/mo"
36,Room in 22 Cavenagh Road,"$3,334/mo"
37,Room in Kreta Ayer Conservation Area,"$2,333/mo"
38,Room in Furama City Centre Singapore,"$4,600/mo"
39,Room in OG Orchard Point,"$8,833/mo"
40,Room in Jalan Besar,"$2,940/mo"
41,Master Room in The Riverside Piazza,"$1,600/mo"
42,Master Room in Fook Hai Building,"$1,400/mo"
43,Common Room in UE Square,"$1,950/mo"
44,Common Room in Mirage Tower,"$1,300/mo"
45,Master Room in The Plaza,"$3,500/mo"
46,Common Room in The Plaza,"$2,800/mo"
47,Common Room in Owen Road,"$2,000/mo"
48,Common Room in Top Ten,"$2,300/mo"
49,Master Room in Orchard Court,"$2,000/mo"
50,Common Room in 11 Farrer Park Road,"$1,400/mo"
51,Common Room in UE Square,"$1,950/mo"
52,Common Room in People's Park Complex,"$1,200/mo"
53,Master Room in 813 Jellicoe Road,"$1,500/mo"
54,Common Room in 2 Beach Road,"$1,500/mo"
55,Master Room in Emerald Hill Conservation Area,"$2,000/mo"
56,Master Room in 12 Farrer Park Road,"$2,000/mo"
57,Common Room in People's Park Complex,"$1,100/mo"
58,Master Room in One Oxley Rise,"$2,300/mo"
59,Common Room in The Sail @ Marina Bay,"$2,700/mo"
60,Room in Furama City Centre Singapore,"$3,300/mo"
61,Master Room in Orchard Court,"$2,000/mo"
62,Common Room in 668 Chander Road,"$2,800/mo"
63,Common Room in The Riverside Piazza,"$1,600/mo"
64,Common Room in Cavenagh Gardens,"$1,100/mo"
65,Common Room in People's Park Complex,"$1,200/mo"
66,Common Room in People's Park Complex,"$1,699/mo"
67,Common Room in People's Park Complex,"$2,000/mo"
68,Common Room in Euro-Asia Court,"$1,450/mo"
69,Master Room in Euro-Asia Court,"$2,600/mo"
70,Common Room in 538 Upper Cross Street,"$1,300/mo"
71,Common Room in The Sail @ Marina Bay,"$2,500/mo"
72,Common Room in Elizabeth Towers,"$1,800/mo"
73,Common Room in Emerald Garden,"$2,100/mo"
74,Common Room in Emerald Garden,"$2,300/mo"
75,Master Room in Langston Ville,"$2,700/mo"
76,Common Room in Parc Centennial,"$2,250/mo"
77,Master Room in Studios @ Marne,"$3,500/mo"
78,Common Room in The Sail @ Marina Bay,"$2,700/mo"
79,Master Room in The Sail @ Marina Bay,"$3,500/mo"
80,Common Room in Oleanas Residence,"$1,900/mo"
81,Common Room in Euro-Asia Court,"$1,250/mo"
82,Master Room in Kreta Ayer Conservation Area,"$4,620/mo"
83,Common Room in 681 Race Course Road,"$1,100/mo"
84,Room in Uptown @ Farrer,"$3,200/mo"
85,Master Room in The Sail @ Marina Bay,"$3,500/mo"
86,Common Room in Emerald Garden,"$2,100/mo"
87,Common Room in Emerald Garden,"$2,200/mo"
88,Common Room in The Sail @ Marina Bay,"$2,500/mo"
89,Common Room in UE Square,"$1,950/mo"
90,Common Room in The Sail @ Marina Bay,"$2,500/mo"
91,Common Room in The Sail @ Marina Bay,"$2,500/mo"
92,Common Room in People's Park Complex,"$1,699/mo"
93,Common Room in City Square Residences,"$2,200/mo"
94,Common Room in People's Park Complex,"$1,200/mo"
95,Common Room in UE Square,"$1,950/mo"
96,Common Room in River Valley Court,"$1,280/mo"
97,Room in Kerrisdale,"$1,600/mo"
98,Common Room in Cavenagh Gardens,"$1,480/mo"
99,Common Room in People's Park Complex,"$1,699/mo"
100,Common Room in City Square Residences,"$2,200/mo"
101,Common Room in Sultan Gate Place,"$1,150/mo"
102,Master Room in Jalan Besar Plaza,"$2,500/mo"
103,Room in 668 Chander Road,"$1,488/mo"
104,Room in Emerald Garden,"$2,100/mo"
105,Room in Langston Ville,"$2,700/mo"
106,Master Room in Emerald Garden,"$2,850/mo"
107,Room in 32 Penhas Road,"$1,449/mo"
108,Master Room in Elizabeth Heights,"$2,000/mo"
109,Room in Fraser Residence Singapore,"$2,900/mo"
110,Master Room in The Riverside Piazza,"$1,600/mo"
111,Master Room in 813 Jellicoe Road,"$1,300/mo"
112,Room in UE Square,"$2,300/mo"
113,Master Room in Kerrisdale,$900/mo
114,Master Room in Mirage Tower,"$2,700/mo"
115,Common Room in Riverdale Residence,"$1,800/mo"
116,Common Room in City Square Residences,"$2,000/mo"
117,Common Room in City Square Residences,"$2,000/mo"
118,Common Room in Citylights,"$2,000/mo"
119,Room in Illuminaire On Devonshire,"$4,000/mo"
120,Common Room in People's Park Complex,"$1,050/mo"
121,Master Room in Cavenagh Gardens,"$1,300/mo"
122,Common Room in Race Course Mansion,"$1,600/mo"
123,Room in City Square Residences,"$2,600/mo"
124,Room in 32 Penhas Road,"$2,849/mo"
125,Master Room in Emerald Garden,"$2,950/mo"
126,Common Room in Little India Conservation Area,"$6,500/mo"
127,Common Room in Emerald Garden,"$2,100/mo"
128,Master Room in Kerrisdale,"$2,500/mo"
129,Room in City Square Residences,"$2,600/mo"
130,Master Room in 25 Truro Road,"$2,288/mo"
131,Common Room in Emerald Garden,"$2,250/mo"
132,Common Room in Emerald Garden,"$2,200/mo"
133,Room in 466 Crawford Lane,"$1,100/mo"
134,Common Room in The Riverside Piazza,"$1,800/mo"
135,Common Room in 12 Farrer Park Road,"$1,500/mo"
136,Common Room in UE Square,"$2,200/mo"
137,Master Room in The Sail @ Marina Bay,"$7,000/mo"
138,Common Room in The Sail @ Marina Bay,"$2,800/mo"
139,Common Room in Emerald Garden,"$2,600/mo"
140,Common Room in Emerald Garden,"$2,100/mo"
141,Master Room in Kerrisdale,"$2,000/mo"
142,Common Room in Kerrisdale,"$1,200/mo"
143,Common Room in Mirage Tower,"$1,850/mo"
144,Common Room in Aspen Heights,"$1,500/mo"
145,Common Room in Lloyd Mansion,"$2,000/mo"
146,Common Room in Aspen Heights,"$1,200/mo"
147,Common Room in Yong An Park,"$1,650/mo"
148,Master Room in City Square Residences,"$2,600/mo"
149,Common Room in UE Square,"$2,400/mo"
150,Common Room in UE Square,"$2,100/mo"
151,Common Room in 48A Dorset Road,$950/mo
152,Common Room in City Square Residences,"$1,800/mo"
153,Master Room in Little India Conservation Area,"$2,000/mo"
154,Master Room in City Square Residences,"$2,600/mo"
155,Master Room in City Square Residences,"$2,300/mo"
156,Common Room in City Square Residences,"$1,600/mo"
157,Master Room in The Sail @ Marina Bay,"$3,950/mo"
158,Common Room in The Sail @ Marina Bay,"$2,750/mo"
159,Common Room in 813 Jellicoe Road,"$1,500/mo"
160,Master Room in UE Square,"$2,200/mo"
161,Master Room in The Sail @ Marina Bay,"$1,900/mo"
162,Room in Kerrisdale,"$2,000/mo"
163,Room in One Shenton,"$5,000/mo"
164,Room in 26 Jalan Berseh,"$1,278/mo"
165,Common Room in 26 Jalan Berseh,"$1,200/mo"
166,Master Room in Fraser Residence Singapore,"$2,900/mo"
167,Room in Mackenzie 88,"$3,500/mo"
168,Common Room in City Square Residences,"$2,100/mo"
169,Master Room in One Oxley Rise,"$2,300/mo"
170,Common Room in The Sail @ Marina Bay,"$2,500/mo"
171,Master Room in Fraser Residence Singapore,"$2,900/mo"
172,Common Room in Petain Court,"$1,400/mo"
173,Room in UE Square,"$2,000/mo"
174,Common Room in Fraser Residence Singapore,"$2,800/mo"
175,Master Room in Kerrisdale,"$1,700/mo"
176,Common Room in The Mkz,"$1,680/mo"
177,Master Room in People's Park Complex,"$1,800/mo"
178,Common Room in Race Course Mansion,"$1,800/mo"
179,Room in Mirage Tower,"$2,700/mo"
180,Room in Fraser Residence Singapore,"$2,900/mo"
181,Room in Studios @ Marne,"$3,500/mo"
182,Master Room in Fraser Residence Singapore,"$2,900/mo"
183,Common Room in UE Square,"$2,300/mo"
184,Common Room in UE Square,"$2,100/mo"
185,Room in 12 North Bridge Road,"$1,200/mo"
186,Common Room in Kerrisdale,"$1,700/mo"
187,Master Room in People's Park Complex,"$1,500/mo"
188,Master Room in 641 Rowell Road,"$2,200/mo"
189,Common Room in People's Park Complex,"$1,300/mo"
190,Room in Fraser Residence Singapore,"$2,900/mo"
191,Room in The Metz,"$5,500/mo"
192,Master Room in City Square Mall,"$2,900/mo"
193,Master Room in Petain Road/Tyrwhitt Road Conservation Area,"$2,500/mo"
194,Master Room in Fraser Residence Singapore,"$2,900/mo"
195,Common Room in 641 Rowell Road,"$1,700/mo"
196,Common Room in Horizon Towers,"$1,700/mo"
197,Common Room in 642 Rowell Road,"$1,400/mo"
198,Master Room in People's Park Complex,"$1,450/mo"
199,Common Room in City Square Residences,"$1,600/mo"
200,Common Room in City Square Residences,"$1,700/mo"
201,Room in 8 St Thomas,"$8,000/mo"
202,Room in Cairnhill Nine,"$8,000/mo"
203,Room in OUE Twin Peaks,"$5,300/mo"
204,Master Room in Studios @ Marne,"$3,400/mo"
205,Common Room in Citylights,"$1,950/mo"
206,Room in Studios @ Marne,"$3,400/mo"
207,Room in Uptown @ Farrer,"$2,900/mo"
208,Room in Fraser Residence Singapore,"$3,800/mo"
209,Room in Fraser Residence Singapore,"$3,200/mo"
210,Room in Fraser Residence Singapore,"$2,900/mo"
211,Room in 813 Jellicoe Road,"$1,500/mo"
212,Common Room in 334 Kreta Ayer Road,"$1,200/mo"
213,Common Room in Cavenagh Gardens,"$1,680/mo"
