,Property,Price
0,Common Room in Thomson View Condominium,"$1,100/mo"
1,Common Room in 447 Bright Hill Drive,"$1,100/mo"
2,Common Room in Bishan Park Condominium,"$1,500/mo"
3,Common Room in 255 Ang Mo Kio Avenue 4,$850/mo
4,Common Room in 260A Ang Mo Kio Street 21,"$1,200/mo"
5,Common Room in 449 Sin Ming Avenue,"$1,100/mo"
6,Master Room in The Gardens At Bishan,"$2,300/mo"
7,Room in The Gardens At Bishan,"$2,300/mo"
8,Master Room in Thomson View Condominium,"$1,500/mo"
9,Master Room in 447 Bright Hill Drive,"$1,500/mo"
10,Common Room in The Gardens At Bishan,"$1,000/mo"
11,Common Room in 441 Sin Ming Avenue,"$1,400/mo"
12,Common Room in Thomson View Condominium,"$1,480/mo"
13,Master Room in Thomson View Condominium,"$1,980/mo"
14,Master Room in 235 Ang Mo Kio Avenue 3,"$1,650/mo"
15,Room in 441 Sin Ming Avenue,"$1,300/mo"
16,Common Room in Thomson View Condominium,"$2,600/mo"
17,Room in The Gardens At Bishan,"$2,500/mo"
18,Master Room in Thomson View Condominium,"$1,800/mo"
19,Room in Bishan Park Condominium,"$1,400/mo"
20,Room in The Gardens At Bishan,"$1,500/mo"
21,Master Room in 447 Bright Hill Drive,"$1,500/mo"
22,Common Room in 612 Ang Mo Kio Avenue 4,"$1,100/mo"
23,Common Room in 305 Shunfu Road,"$1,050/mo"
24,Common Room in JadeScape,"$2,050/mo"
25,Common Room in 111 Ang Mo Kio Avenue 4,$800/mo
26,Master Room in 210 Ang Mo Kio Avenue 3,"$2,300/mo"
27,Master Room in 128 Ang Mo Kio Avenue 3,"$1,500/mo"
28,Common Room in JadeScape,"$2,150/mo"
29,Common Room in 618 Ang Mo Kio Avenue 4,"$1,200/mo"
30,Common Room in 309A Ang Mo Kio Street 31,$900/mo
31,Master Room in 130 Ang Mo Kio Avenue 3,"$1,500/mo"
32,Room in Thomson Imperial Court,"$2,000/mo"
33,Common Room in 231 Bishan Street 23,$950/mo
34,Common Room in 225 Bishan Street 23,$900/mo
35,Common Room in 612 Ang Mo Kio Avenue 4,"$1,100/mo"
36,Common Room in 305 Shunfu Road,"$1,050/mo"
37,Common Room in JadeScape,"$2,050/mo"
38,Common Room in 111 Ang Mo Kio Avenue 4,$800/mo
39,Master Room in 210 Ang Mo Kio Avenue 3,"$2,300/mo"
40,Master Room in 128 Ang Mo Kio Avenue 3,"$1,500/mo"
41,Common Room in JadeScape,"$2,150/mo"
42,Common Room in 618 Ang Mo Kio Avenue 4,"$1,300/mo"
43,Common Room in 210 Ang Mo Kio Avenue 3,$750/mo
44,Room in JadeScape,"$5,200/mo"
45,Master Room in Clover By The Park,"$1,600/mo"
46,Master Room in Seasons View,"$2,000/mo"
47,Common Room in Centro Residences,"$2,000/mo"
48,Common Room in 120 Ang Mo Kio Avenue 3,"$1,250/mo"
49,Master Room in 324 Ang Mo Kio Avenue 3,"$1,500/mo"
50,Common Room in 230 Bishan Street 23,$800/mo
51,Room in 156 Ang Mo Kio Avenue 4,"$1,500/mo"
52,Room in 206 Bishan Street 23,"$2,500/mo"
53,Room in 25 Sin Ming Road,$800/mo
54,Common Room in Horizon Gardens,"$1,800/mo"
55,Master Room in 178 Ang Mo Kio Avenue 4,"$1,200/mo"
56,Master Room in 321 Ang Mo Kio Avenue 1,"$1,300/mo"
57,Common Room in Thomson Hills Estate,"$1,500/mo"
58,Room in 710 Ang Mo Kio Avenue 8,"$1,300/mo"
59,Room in Seasons View,"$1,500/mo"
60,Master Room in 606 Ang Mo Kio Avenue 5,"$1,200/mo"
61,Common Room in Seasons View,"$1,600/mo"
62,Master Room in 213 Ang Mo Kio Avenue 3,"$1,300/mo"
63,Master Room in JadeScape,"$1,900/mo"
64,Room in 728 Ang Mo Kio Avenue 6,"$2,400/mo"
65,Room in 728 Ang Mo Kio Avenue 6,"$2,300/mo"
66,Common Room in 310B Ang Mo Kio Avenue 1,"$1,050/mo"
67,Room in Seasons View,"$1,400/mo"
68,Common Room in 213 Ang Mo Kio Avenue 3,"$1,600/mo"
69,Master Room in 130 Ang Mo Kio Avenue 3,"$1,300/mo"
70,Common Room in 312 Ang Mo Kio Avenue 3,$950/mo
71,Room in 131 Ang Mo Kio Avenue 3,"$1,250/mo"
72,Room in Teacher's Housing Estate,"$1,950/mo"
73,Master Room in Meadows @ Peirce,"$1,500/mo"
74,Common Room in Sembawang Hills Estate,"$1,200/mo"
75,Room in JadeScape,"$6,300/mo"
76,Common Room in Clover Park,"$1,000/mo"
77,Room in 134 Ang Mo Kio Avenue 3,"$1,150/mo"
78,Master Room in Teacher's Housing Estate,"$2,150/mo"
79,Master Room in Teacher's Housing Estate,"$2,150/mo"
80,Common Room in 204 Bishan Street 23,"$1,800/mo"
81,Room in 612 Ang Mo Kio Avenue 4,"$1,300/mo"
82,Common Room in 322 Ang Mo Kio Avenue 3,"$1,100/mo"
83,Common Room in 301 Ang Mo Kio Avenue 3,"$1,100/mo"
84,Room in Mayflower Gardens,"$2,500/mo"
85,Room in JadeScape,"$2,000/mo"
86,Master Room in 218 Ang Mo Kio Avenue 1,"$1,200/mo"
87,Common Room in 343 Ang Mo Kio Avenue 3,$980/mo
