,Property,Price
0,Common Room in 547 Hougang Street 51,$900/mo
1,Common Room in 224A Compassvale Walk,"$1,000/mo"
2,Common Room in 302B Anchorvale Link,"$1,500/mo"
3,Master Room in 209C Compassvale Lane,"$1,200/mo"
4,Common Room in 424 Hougang Avenue 6,$750/mo
5,Common Room in 225B Compassvale Walk,$850/mo
6,Common Room in 216A Compassvale Drive,"$1,100/mo"
7,Common Room in 281B Sengkang East Avenue,"$1,200/mo"
8,Room in 420 Hougang Avenue 10,"$1,300/mo"
9,Master Room in Hougang Green,"$1,800/mo"
10,Master Room in 547 Hougang Street 51,$950/mo
11,Common Room in Hougang Green,"$1,300/mo"
12,Room in The Quartz,"$1,500/mo"
13,Room in 224A Compassvale Walk,"$1,000/mo"
14,Room in 445 Hougang Avenue 8,"$2,200/mo"
15,Common Room in 216B Compassvale Drive,"$1,200/mo"
16,Common Room in 216B Compassvale Drive,"$1,200/mo"
17,Room in 306C Anchorvale Link,"$1,000/mo"
18,Room in 203B Compassvale Road,$850/mo
19,Master Room in 420 Hougang Avenue 10,"$1,300/mo"
20,Common Room in The Quartz,"$1,500/mo"
21,Master Room in 570 Hougang Street 51,$950/mo
22,Common Room in Hougang Green,$800/mo
23,Common Room in 201A Compassvale Drive,$850/mo
24,Common Room in 207C Compassvale Lane,"$1,000/mo"
25,Common Room in Jewel @ Buangkok,"$1,350/mo"
26,Common Room in 559 Hougang Street 51,"$1,200/mo"
27,Common Room in 305B Anchorvale Link,$850/mo
28,Common Room in 436 Hougang Avenue 8,"$1,000/mo"
29,Common Room in 216A Compassvale Drive,"$1,100/mo"
30,Master Room in 561 Hougang Street 51,"$1,300/mo"
31,Master Room in 524 Hougang Avenue 6,"$2,200/mo"
32,Common Room in 319A Anchorvale Drive,$900/mo
33,Common Room in La Fiesta,"$1,888/mo"
34,Common Room in 273B Compassvale Link,"$1,400/mo"
35,Common Room in Evergreen Park,"$1,150/mo"
36,Common Room in Regentville,"$1,100/mo"
37,Common Room in 326 Hougang Avenue 7,$850/mo
38,Room in 473D Upper Serangoon Crescent,"$1,200/mo"
39,Room in 244 Compassvale Road,"$1,400/mo"
40,Common Room in 306 Hougang Avenue 5,"$1,000/mo"
41,Common Room in 671 Hougang Avenue 8,$900/mo
42,Common Room in 516 Hougang Avenue 10,$800/mo
43,Common Room in Regentville,"$1,250/mo"
44,Room in 914 Hougang Street 91,"$1,000/mo"
45,Common Room in 320B Anchorvale Drive,$900/mo
46,Common Room in Regentville,"$1,000/mo"
47,Room in 122E Rivervale Drive,$900/mo
48,Master Room in Riversound Residence,"$2,000/mo"
49,Common Room in H2O Residences,"$1,350/mo"
50,Common Room in 832 Hougang Central,$900/mo
51,Room in Riversound Residence,"$1,200/mo"
52,Master Room in 351A Anchorvale Road,"$1,600/mo"
53,Master Room in Riversails,"$2,000/mo"
54,Common Room in The Gardens At Gerald,$600/mo
55,Common Room in 328 Hougang Avenue 5,$900/mo
56,Room in 678 Hougang Avenue 8,"$1,600/mo"
57,Room in 471A Upper Serangoon Crescent,$900/mo
58,Common Room in 292A Compassvale Street,"$1,200/mo"
59,Master Room in 674 Hougang Avenue 8,"$1,200/mo"
60,Common Room in Treasure Crest,$600/mo
61,Master Room in 332B Anchorvale Link,"$2,200/mo"
62,Common Room in 950 Hougang Street 91,$950/mo
63,Common Room in 922 Hougang Street 91,$850/mo
64,Room in 316 Hougang Avenue 7,"$1,150/mo"
65,Room in 352 Hougang Avenue 7,"$2,388/mo"
66,Common Room in Bellewaters,"$1,200/mo"
67,Room in 627 Hougang Avenue 8,"$1,300/mo"
68,Room in 144 Rivervale Drive,"$1,600/mo"
69,Room in 261A Sengkang East Way,"$1,100/mo"
70,Common Room in Compass Heights,"$1,400/mo"
71,Room in 711 Hougang Avenue 2,$900/mo
72,Room in 978D Buangkok Crescent,$950/mo
73,Room in 981C Buangkok Crescent,"$1,300/mo"
74,Common Room in 332 Hougang Avenue 5,$850/mo
75,Common Room in 261D Sengkang East Way,"$1,000/mo"
76,Master Room in Kingsford Waterbay,"$3,000/mo"
77,Common Room in 322A Anchorvale Drive,"$1,200/mo"
78,Room in 637 Hougang Avenue 8,$980/mo
79,Common Room in 440C Fernvale Link,"$1,050/mo"
80,Room in 341 Hougang Avenue 7,$950/mo
81,Common Room in 322A Anchorvale Drive,$850/mo
82,Common Room in 473B Upper Serangoon Crescent,"$1,000/mo"
83,Common Room in 319B Anchorvale Drive,$600/mo
84,Room in 709 Hougang Avenue 2,"$1,200/mo"
85,Room in 351A Anchorvale Road,"$1,800/mo"
86,Common Room in 334B Anchorvale Crescent,"$1,500/mo"
87,Room in 117B Rivervale Drive,"$1,100/mo"
88,Common Room in 705 Hougang Avenue 2,$950/mo
89,Common Room in Compass Heights,"$1,300/mo"
90,Common Room in 626 Hougang Avenue 8,$800/mo
91,Common Room in 162A Rivervale Crescent,$850/mo
92,Master Room in 155 Rivervale Crescent,"$1,600/mo"
93,Common Room in 678 Hougang Avenue 8,"$1,000/mo"
94,Common Room in 186D Rivervale Drive,"$1,000/mo"
95,Common Room in 297B Compassvale Street,$800/mo
96,Common Room in The Vales,"$1,600/mo"
97,Master Room in Rio Vista,"$1,200/mo"
98,Room in 708 Hougang Avenue 2,"$1,400/mo"
99,Master Room in 157C Rivervale Crescent,"$1,200/mo"
100,Common Room in Evergreen Park,"$1,088/mo"
101,Room in 185D Rivervale Crescent,"$1,000/mo"
102,Common Room in Treasure Crest,"$1,200/mo"
103,Common Room in 676 Hougang Avenue 8,$950/mo
104,Master Room in Regentville,$999/mo
105,Common Room in 121 Rivervale Drive,$950/mo
106,Common Room in 121 Rivervale Drive,$950/mo
107,Common Room in 630 Hougang Avenue 8,$800/mo
108,Common Room in 603 Hougang Avenue 4,"$1,200/mo"
109,Common Room in Riversound Residence,"$1,300/mo"
110,Room in 311 Hougang Avenue 5,$550/mo
111,Room in Regentville,"$1,100/mo"
112,Common Room in 313B Anchorvale Road,$990/mo
113,Common Room in 981C Buangkok Crescent,$800/mo
114,Master Room in 475C Upper Serangoon Crescent,"$1,350/mo"
115,Room in Regentville,"$1,299/mo"
116,Room in 836 Hougang Central,"$2,200/mo"
117,Common Room in The Vales,"$1,000/mo"
118,Master Room in Riversails,"$1,388/mo"
