,Property,Price
0,Room in 48 Bencoolen Street,"$4,333/mo"
1,Room in 12 Queen Street,"$5,000/mo"
2,Master Room in The Plaza,"$3,500/mo"
3,Common Room in The Plaza,"$2,800/mo"
4,Master Room in 813 Jellicoe Road,"$1,500/mo"
5,Master Room in Peace Centre/Peace Mansion / Peace Centre,"$1,500/mo"
6,Common Room in Peace Centre/Peace Mansion / Peace Centre,"$1,100/mo"
7,Master Room in Former Peace Centre/Peace Mansion,"$2,500/mo"
8,Common Room in Bencoolen House,"$1,600/mo"
9,Common Room in 668 Chander Road,"$2,800/mo"
10,Master Room in Burlington Square,"$2,500/mo"
11,Common Room in Burlington Square,"$1,900/mo"
12,Common Room in Sultan Gate Place,"$1,150/mo"
13,Master Room in Jalan Besar Plaza,"$2,500/mo"
14,Room in Duo Residences / Duo Tower,"$4,499/mo"
15,Room in 668 Chander Road,"$1,488/mo"
16,Master Room in 813 Jellicoe Road,"$1,300/mo"
17,Common Room in 232 Bain Street,"$1,418/mo"
18,Common Room in The Bencoolen,"$1,950/mo"
19,Common Room in Little India Conservation Area,"$6,500/mo"
20,Master Room in Burlington Square,"$2,500/mo"
21,Room in 466 Crawford Lane,"$1,100/mo"
22,Room in Sophia Hills,"$2,400/mo"
23,Common Room in Niven Road,"$1,200/mo"
24,Common Room in Sunshine Plaza,"$1,000/mo"
25,Common Room in Burlington Square,"$1,400/mo"
26,Room in 269B Queen Street,"$1,400/mo"
27,Master Room in Sophia Crest,"$2,400/mo"
28,Common Room in Burlington Square,"$1,900/mo"
29,Master Room in Burlington Square,"$2,600/mo"
30,Master Room in Little India Conservation Area,"$2,000/mo"
31,Room in Burlington Square,"$1,800/mo"
32,Common Room in 813 Jellicoe Road,"$1,500/mo"
33,Common Room in Burlington Square,"$1,800/mo"
34,Master Room in Burlington Square,"$2,600/mo"
35,Room in 26 Jalan Berseh,"$1,278/mo"
36,Common Room in 26 Jalan Berseh,"$1,200/mo"
37,Room in Sophia Hills,"$2,500/mo"
38,Room in Wilkie Apartments,"$2,350/mo"
39,Room in 232 Bain Street,"$1,500/mo"
40,Room in 12 North Bridge Road,"$1,200/mo"
41,Master Room in 641 Rowell Road,"$2,200/mo"
42,Master Room in Liv On Wilkie,"$2,500/mo"
43,Master Room in 75BR,"$4,200/mo"
44,Common Room in 641 Rowell Road,"$1,700/mo"
45,Common Room in 642 Rowell Road,"$1,400/mo"
46,Room in 8 Selegie Road,"$1,200/mo"
47,Room in Sophia Hills,"$2,700/mo"
48,Common Room in 263 Waterloo Street,"$1,400/mo"
49,Master Room in Bencoolen House,"$2,200/mo"
50,Master Room in Beach Road Conservation Area,"$3,800/mo"
51,Room in 813 Jellicoe Road,"$1,500/mo"
52,Common Room in Former Peace Centre/Peace Mansion,"$2,300/mo"
53,Room in The Bencoolen,"$2,600/mo"
54,Room in 22 Cavenagh Road,"$3,334/mo"
55,Room in OG Orchard Point,"$8,833/mo"
56,Room in Jalan Besar,"$2,940/mo"
57,Common Room in Owen Road,"$2,000/mo"
58,Common Room in Top Ten,"$2,300/mo"
59,Master Room in Orchard Court,"$2,000/mo"
60,Common Room in 11 Farrer Park Road,"$1,400/mo"
61,Common Room in UE Square,"$1,950/mo"
62,Master Room in The Riverside Piazza,"$1,600/mo"
63,Common Room in Race Course Road,"$1,500/mo"
64,Common Room in 2 Beach Road,"$1,500/mo"
65,Master Room in Emerald Hill Conservation Area,"$2,000/mo"
66,Master Room in 12 Farrer Park Road,"$2,000/mo"
67,Master Room in One Oxley Rise,"$2,300/mo"
68,Common Room in 683 Tessensohn Road,"$1,100/mo"
69,Common Room in UE Square,"$1,950/mo"
70,Master Room in Orchard Court,"$2,000/mo"
71,Common Room in The Riverside Piazza,"$1,600/mo"
72,Common Room in Cavenagh Gardens,"$1,100/mo"
73,Master Room in Sing Avenue,"$2,500/mo"
74,Master Room in 8 Farrer Suites,"$2,200/mo"
75,Common Room in Parc Centennial,"$2,250/mo"
76,Master Room in Serangoon Road,"$3,000/mo"
77,Master Room in Serangoon Road,"$2,400/mo"
78,Master Room in Studios @ Marne,"$3,500/mo"
79,Common Room in 5 Boon Keng Road,"$1,000/mo"
80,Master Room in 8 Farrer Suites,"$2,300/mo"
81,Common Room in 681 Race Course Road,"$1,100/mo"
82,Room in Uptown @ Farrer,"$3,200/mo"
83,Common Room in UE Square,"$1,950/mo"
84,Common Room in City Square Residences,"$2,200/mo"
85,Common Room in UE Square,"$1,950/mo"
86,Room in Kerrisdale,"$1,600/mo"
87,Common Room in Cavenagh Gardens,"$1,480/mo"
88,Common Room in City Square Residences,"$2,200/mo"
89,Room in 32 Penhas Road,"$1,449/mo"
90,Master Room in The Riverside Piazza,"$1,600/mo"
91,Room in UE Square,"$2,300/mo"
92,Master Room in Kerrisdale,$900/mo
93,Common Room in City Square Residences,"$2,000/mo"
94,Common Room in City Square Residences,"$2,000/mo"
95,Common Room in Citylights,"$2,000/mo"
96,Common Room in 52 Kent Road,"$1,500/mo"
97,Master Room in 8 Farrer Suites,"$2,400/mo"
98,Master Room in Cavenagh Gardens,"$1,300/mo"
99,Common Room in Race Course Mansion,"$1,600/mo"
100,Room in City Square Residences,"$2,600/mo"
101,Room in 32 Penhas Road,"$2,849/mo"
102,Master Room in Kerrisdale,"$2,500/mo"
103,Room in City Square Residences,"$2,600/mo"
104,Master Room in 25 Truro Road,"$2,288/mo"
105,Common Room in The Riverside Piazza,"$1,800/mo"
106,Common Room in 12 Farrer Park Road,"$1,500/mo"
107,Common Room in 51 Kent Road,"$1,200/mo"
108,Common Room in UE Square,"$2,200/mo"
109,Master Room in Kerrisdale,"$2,000/mo"
110,Common Room in Kerrisdale,"$1,200/mo"
111,Master Room in Water Place,"$7,000/mo"
112,Common Room in Aspen Heights,"$1,500/mo"
113,Common Room in Lloyd Mansion,"$2,000/mo"
114,Common Room in Aspen Heights,"$1,200/mo"
115,Master Room in Kentish Lodge,"$2,600/mo"
116,Master Room in City Square Residences,"$2,600/mo"
117,Common Room in UE Square,"$2,400/mo"
118,Common Room in UE Square,"$2,100/mo"
119,Common Room in 48A Dorset Road,$950/mo
120,Common Room in City Square Residences,"$1,800/mo"
121,Room in Kentish Green,$850/mo
122,Master Room in 95 Lavender Street,"$1,650/mo"
123,Master Room in City Square Residences,"$2,600/mo"
124,Master Room in City Square Residences,"$2,300/mo"
125,Common Room in City Square Residences,"$1,600/mo"
126,Common Room in Wilkie Court,"$1,250/mo"
127,Master Room in UE Square,"$2,200/mo"
128,Room in Kerrisdale,"$2,000/mo"
129,Room in Mackenzie 88,"$3,500/mo"
130,Common Room in City Square Residences,"$2,100/mo"
131,Common Room in 8 Farrer Suites,"$2,399/mo"
132,Master Room in One Oxley Rise,"$2,300/mo"
133,Common Room in Petain Court,"$1,400/mo"
134,Room in UE Square,"$2,000/mo"
135,Room in 8 Farrer Suites,"$2,200/mo"
136,Master Room in Lavender Street,"$2,300/mo"
137,Master Room in Kerrisdale,"$1,700/mo"
138,Common Room in The Mkz,"$1,680/mo"
139,Common Room in Hollywood Apartments,"$1,550/mo"
140,Room in Studios @ Marne,"$3,500/mo"
141,Common Room in UE Square,"$2,300/mo"
142,Common Room in UE Square,"$2,100/mo"
143,Common Room in Kerrisdale,"$1,700/mo"
144,Common Room in Kentish Court,"$1,350/mo"
145,Master Room in City Square Mall,"$2,900/mo"
146,Master Room in Petain Road/Tyrwhitt Road Conservation Area,"$2,500/mo"
147,Common Room in City Square Residences,"$1,600/mo"
148,Common Room in City Square Residences,"$1,700/mo"
149,Common Room in Race Course Mansion,"$1,800/mo"
150,Master Room in Studios @ Marne,"$3,400/mo"
151,Common Room in Parkshore,"$2,200/mo"
152,Common Room in Citylights,"$1,950/mo"
153,Room in Studios @ Marne,"$3,400/mo"
154,Room in Uptown @ Farrer,"$2,900/mo"
155,Common Room in 684 Race Course Road,"$1,000/mo"
156,Common Room in Joo Avenue,"$1,200/mo"
157,Room in 685 Race Course Road,"$1,800/mo"
158,Common Room in Cavenagh Gardens,"$1,680/mo"
159,Room in 8 Farrer Suites,"$2,200/mo"
