,Property,Price
0,Common Room in 544 Jelapang Road,"$1,050/mo"
1,Common Room in 540 Jelapang Road,$888/mo
2,Common Room in 150 Petir Road,$750/mo
3,Common Room in 148 Gangsa Road,$850/mo
4,Common Room in 177 Lompang Road,$900/mo
5,Common Room in 124 Pending Road,$450/mo
6,Common Room in Hazel Park Condominium,"$1,500/mo"
7,Common Room in 170 Gangsa Road,$900/mo
8,Common Room in 173 Gangsa Road,$950/mo
9,Master Room in 148 Gangsa Road,"$1,050/mo"
10,Master Room in 11 Teck Whye Lane,"$1,200/mo"
11,Master Room in 131 Cashew Road,$850/mo
12,Common Room in 241 Bukit Panjang Ring Road,$700/mo
13,Common Room in Bukit 828,"$1,600/mo"
14,Common Room in 606 Senja Road,$800/mo
15,Common Room in 101 Gangsa Road,$900/mo
16,Common Room in 437 Fajar Road,"$1,200/mo"
17,Common Room in 133 Cashew Road,$900/mo
18,Common Room in 621 Senja Road,$850/mo
19,Master Room in Phoenix Heights,"$2,200/mo"
20,Common Room in 102 Gangsa Road,$950/mo
21,Common Room in 150 Petir Road,$800/mo
22,Common Room in Cashew Heights Condominium,"$1,500/mo"
23,Master Room in 175 Lompang Road,$908/mo
24,Common Room in 420 Fajar Road,$650/mo
25,Master Room in The Linear,"$1,800/mo"
26,Common Room in Cashew Heights Condominium,"$1,260/mo"
27,Common Room in 164 Gangsa Road,$700/mo
28,Common Room in 154 Jalan Teck Whye,$850/mo
29,Common Room in Maysprings,"$1,299/mo"
30,Common Room in 110 Gangsa Road,"$1,300/mo"
31,Master Room in Maysprings,"$1,299/mo"
32,Room in 611 Bukit Panjang Ring Road,"$1,700/mo"
33,Common Room in Hillsta,"$1,400/mo"
34,Common Room in Hazel Park Condominium,"$1,100/mo"
35,Room in Maysprings,"$1,100/mo"
36,Common Room in 412 Saujana Road,$950/mo
37,Room in 619 Bukit Panjang Ring Road,$800/mo
38,Room in 619 Bukit Panjang Ring Road,$900/mo
39,Common Room in 237 Bukit Panjang Ring Road,$900/mo
40,Master Room in 150 Petir Road,"$1,000/mo"
41,Room in 236 Bukit Panjang Ring Road,"$1,600/mo"
42,Common Room in 14 Teck Whye Lane,$900/mo
43,Room in 544 Jelapang Road,"$1,050/mo"
44,Common Room in Nicon Gardens,"$1,900/mo"
45,Master Room in 502 Jelapang Road,$830/mo
46,Common Room in 123 Pending Road,"$1,100/mo"
47,Common Room in Maysprings,"$1,099/mo"
48,Common Room in 168 Petir Road,"$1,100/mo"
49,Common Room in 620 Bukit Panjang Ring Road,"$1,000/mo"
50,Room in Maysprings,"$1,500/mo"
51,Room in Hazel Park Condominium,"$1,800/mo"
52,Common Room in Maysprings,"$1,400/mo"
53,Master Room in 13 Teck Whye Lane,$850/mo
54,Common Room in 620 Bukit Panjang Ring Road,"$1,000/mo"
55,Common Room in 11 Teck Whye Lane,$900/mo
56,Common Room in 533 Bukit Panjang Ring Road,$950/mo
57,Common Room in 175 Lompang Road,$800/mo
58,Room in The Linear,"$2,500/mo"
59,Room in 611 Bukit Panjang Ring Road,"$1,300/mo"
60,Common Room in Cashew Park Condominium,"$1,450/mo"
61,Common Room in 124 Pending Road,$800/mo
62,Common Room in 412 Saujana Road,$950/mo
63,Common Room in 437 Fajar Road,"$1,000/mo"
64,Common Room in 237 Bukit Panjang Ring Road,$980/mo
65,Common Room in 545 Bukit Panjang Ring Road,"$1,200/mo"
66,Master Room in Cashew Villas,"$2,500/mo"
67,Common Room in 124 Pending Road,"$1,000/mo"
68,Room in 237 Bukit Panjang Ring Road,$950/mo
69,Room in 406 Fajar Road,$800/mo
70,Common Room in Maysprings,"$1,100/mo"
71,Master Room in 143 Petir Road,"$1,000/mo"
72,Room in 622 Senja Road,$900/mo
73,Common Room in 544 Jelapang Road,"$1,000/mo"
74,Master Room in Phoenix Heights,"$2,200/mo"
75,Master Room in 11 Teck Whye Lane,$900/mo
76,Common Room in 139 Petir Road,"$1,000/mo"
77,Master Room in 619 Bukit Panjang Ring Road,"$1,600/mo"
78,Common Room in 621 Senja Road,"$1,000/mo"
79,Room in 611 Bukit Panjang Ring Road,$900/mo
80,Common Room in 11 Teck Whye Lane,$900/mo
81,Common Room in 416 Saujana Road,"$1,100/mo"
82,Master Room in 154 Jalan Teck Whye,"$1,000/mo"
83,Common Room in 507 Jelapang Road,$900/mo
84,Common Room in 519 Jelapang Road,"$1,000/mo"
85,Common Room in 132 Choa Chu Kang Avenue 1,$900/mo
86,Common Room in 205 Choa Chu Kang Central,$850/mo
87,Common Room in 230 Choa Chu Kang Central,$700/mo
88,Common Room in 515 Jelapang Road,$850/mo
89,Common Room in Sol Acres,"$1,300/mo"
90,Common Room in 386 Bukit Batok West Avenue 5,"$1,100/mo"
91,Master Room in 548A Segar Road,"$1,300/mo"
92,Common Room in Foresque Residences,"$1,250/mo"
93,Common Room in 230 Choa Chu Kang Central,$800/mo
94,Common Room in 631 Senja Road,"$1,100/mo"
95,Common Room in 641A Senja Close,$900/mo
96,Master Room in 250 Bangkit Road,$950/mo
97,Common Room in 132 Choa Chu Kang Avenue 1,$900/mo
98,Common Room in 476 Segar Road,$850/mo
99,Common Room in 509 Jelapang Road,$650/mo
100,Master Room in 231 Choa Chu Kang Central,"$1,400/mo"
101,Master Room in Sol Acres,"$1,180/mo"
102,Master Room in The Dairy Farm,"$1,500/mo"
103,Common Room in 629 Senja Road,$900/mo
104,Common Room in The Skywoods,"$1,550/mo"
105,Common Room in 476 Segar Road,$850/mo
106,Room in Sol Acres,"$1,400/mo"
107,Room in 815B Choa Chu Kang Avenue 7,$850/mo
108,Common Room in Sol Acres,"$1,180/mo"
109,Common Room in 633A Senja Road,$900/mo
110,Common Room in 808C Choa Chu Kang Avenue 1,$890/mo
111,Common Room in 546A Segar Road,$800/mo
112,Common Room in Hillview Park,"$2,000/mo"
113,Master Room in 118 Teck Whye Lane,"$1,700/mo"
114,Common Room in 110 Teck Whye Lane,$750/mo
115,Room in 476 Segar Road,$850/mo
116,Common Room in 647B Senja Close,"$1,400/mo"
117,Common Room in 631 Senja Road,"$1,000/mo"
118,Room in 275 Bangkit Road,"$1,200/mo"
119,Room in 272 Bangkit Road,$900/mo
120,Master Room in 120 Teck Whye Lane,"$1,800/mo"
121,Common Room in 119 Teck Whye Lane,$700/mo
122,Common Room in Wandervale,$900/mo
123,Master Room in Pavilion Park,"$2,200/mo"
124,Common Room in 213 Petir Road,$750/mo
125,Common Room in 254 Bangkit Road,"$1,500/mo"
126,Common Room in 816B Keat Hong Link,$800/mo
127,Common Room in 647B Senja Close,"$1,400/mo"
128,Master Room in 548A Segar Road,"$1,200/mo"
129,Common Room in Mi Casa,"$1,400/mo"
130,Common Room in 817B Keat Hong Link,$700/mo
131,Common Room in 468 Segar Road,$800/mo
132,Common Room in 120 Teck Whye Lane,"$1,800/mo"
133,Common Room in 549A Segar Road,$800/mo
134,Common Room in 477 Segar Road,"$1,100/mo"
135,Master Room in 3 Teck Whye Avenue,$850/mo
136,Common Room in 212 Choa Chu Kang Central,"$1,200/mo"
137,Common Room in 629 Senja Road,$900/mo
138,Common Room in Chestervale,"$1,400/mo"
139,Master Room in 390 Bukit Batok West Avenue 5,"$1,300/mo"
140,Room in 204 Petir Road,"$1,000/mo"
141,Common Room in 211 Choa Chu Kang Central,$850/mo
142,Common Room in 211 Choa Chu Kang Central,$850/mo
143,Common Room in The Rainforest,"$1,250/mo"
144,Room in 636B Senja Road,$990/mo
145,Room in 386 Bukit Batok West Avenue 5,$800/mo
146,Common Room in 205 Petir Road,$750/mo
147,Master Room in 257 Bangkit Road,"$1,000/mo"
148,Master Room in ESPA,"$1,350/mo"
149,Room in 548A Segar Road,"$1,300/mo"
150,Common Room in Eco Sanctuary,"$1,180/mo"
151,Room in 233 Choa Chu Kang Central,$900/mo
152,Master Room in The Dairy Farm,"$1,250/mo"
153,Master Room in 113 Teck Whye Lane,"$1,500/mo"
154,Common Room in 386 Bukit Batok West Avenue 5,$850/mo
155,Room in 631 Senja Road,"$1,000/mo"
156,Master Room in 227 Choa Chu Kang Central,"$1,500/mo"
157,Common Room in Eco Sanctuary,"$1,180/mo"
158,Common Room in Wandervale,"$1,050/mo"
159,Room in Cashew Garden,"$1,339/mo"
160,Common Room in 110 Teck Whye Lane,$700/mo
161,Common Room in Chestervale,"$1,100/mo"
162,Master Room in 810A Choa Chu Kang Avenue 7,"$1,100/mo"
163,Room in 123 Teck Whye Lane,$750/mo
164,Room in 507 Jelapang Road,$750/mo
165,Room in 630 Senja Road,"$1,000/mo"
166,Room in 818B Choa Chu Kang Avenue 1,"$1,000/mo"
167,Room in 275 Bangkit Road,"$1,000/mo"
168,Room in 214 Choa Chu Kang Central,"$1,000/mo"
169,Common Room in 655 Senja Road,$850/mo
170,Common Room in 209 Choa Chu Kang Central,"$1,050/mo"
171,Common Room in Pavilion Park,"$1,500/mo"
172,Room in The Rainforest,"$2,800/mo"
173,Common Room in 510A Jelapang Road,$800/mo
174,Common Room in 105 Teck Whye Lane,$850/mo
175,Room in Blossom Residences,"$1,300/mo"
