,Property,Price
0,Common Room in 370 Bukit Batok Street 31,$850/mo
1,Common Room in 386 Bukit Batok West Avenue 5,"$1,100/mo"
2,Common Room in 366 Bukit Batok Street 31,"$1,000/mo"
3,Common Room in 534 Bukit Batok Street 51,$950/mo
4,Master Room in 422 Bukit Batok West Avenue 2,"$1,500/mo"
5,Common Room in 384 Bukit Batok West Avenue 5,$900/mo
6,Master Room in 540 Bukit Batok Street 52,"$1,200/mo"
7,Room in 385 Bukit Batok West Avenue 5,$900/mo
8,Common Room in 385 Bukit Batok West Avenue 5,$900/mo
9,Common Room in 358 Bukit Batok Street 31,$800/mo
10,Master Room in 240 Bukit Batok East Avenue 5,"$1,500/mo"
11,Common Room in 395 Bukit Batok West Avenue 5,$600/mo
12,Common Room in 384 Bukit Batok West Avenue 5,$900/mo
13,Common Room in 528 Bukit Batok Street 51,$400/mo
14,Common Room in 322 Bukit Batok Street 33,$800/mo
15,Common Room in The Madeira,"$1,300/mo"
16,Master Room in 383 Bukit Batok West Avenue 5,"$1,500/mo"
17,Master Room in 338 Bukit Batok Street 34,"$1,100/mo"
18,Common Room in 322 Bukit Batok Street 33,$950/mo
19,Master Room in 370 Bukit Batok Street 31,"$1,200/mo"
20,Common Room in 322 Bukit Batok Street 33,$800/mo
21,Master Room in 426 Bukit Batok West Avenue 2,"$1,000/mo"
22,Master Room in 338 Bukit Batok Street 34,"$1,100/mo"
23,Common Room in 417 Bukit Batok West Avenue 4,$950/mo
24,Room in Regent Heights,"$7,000/mo"
25,Room in Regent Heights,"$1,400/mo"
26,Room in Regent Heights,"$1,700/mo"
27,Room in Merawoods,$850/mo
28,Master Room in Regent Heights,"$2,200/mo"
29,Common Room in The Madeira,"$1,550/mo"
30,Common Room in The Madeira,"$1,500/mo"
31,Common Room in 323 Bukit Batok Street 33,$900/mo
32,Common Room in 324 Bukit Batok Street 33,$800/mo
33,Common Room in 240 Bukit Batok East Avenue 5,$450/mo
34,Common Room in The Madeira,"$1,600/mo"
35,Common Room in The Madeira,"$1,550/mo"
36,Common Room in Montrosa,"$1,100/mo"
37,Master Room in 240 Bukit Batok East Avenue 5,"$1,500/mo"
38,Common Room in 333 Bukit Batok Street 32,$800/mo
39,Common Room in 338 Bukit Batok Street 34,$900/mo
40,Master Room in Guilin View,"$1,720/mo"
41,Master Room in 390 Bukit Batok West Avenue 5,"$1,300/mo"
42,Common Room in Guilin View,"$1,720/mo"
43,Common Room in 420 Bukit Batok West Avenue 2,$900/mo
44,Room in 372 Bukit Batok Street 31,$350/mo
45,Room in 386 Bukit Batok West Avenue 5,$800/mo
46,Common Room in Guilin View,"$1,000/mo"
47,Room in 383 Bukit Batok West Avenue 5,$950/mo
48,Common Room in 323 Bukit Batok Street 33,$988/mo
49,Common Room in 467A Bukit Batok West Avenue 9,$900/mo
50,Common Room in Hillview Garden Estate,"$1,500/mo"
51,Common Room in 384 Bukit Batok West Avenue 5,"$1,000/mo"
52,Common Room in 386 Bukit Batok West Avenue 5,$850/mo
53,Common Room in 507 Bukit Batok Street 52,$950/mo
54,Common Room in 333 Bukit Batok Street 32,$900/mo
55,Master Room in 313 Bukit Batok Street 32,"$1,400/mo"
56,Common Room in Guilin View,"$1,500/mo"
57,Common Room in 315 Bukit Batok Street 32,$500/mo
58,Room in 383 Bukit Batok West Avenue 5,$950/mo
59,Common Room in 315 Bukit Batok Street 32,$500/mo
60,Master Room in 424 Bukit Batok West Avenue 2,"$1,200/mo"
61,Master Room in 288E Bukit Batok Street 25,"$1,300/mo"
62,Common Room in 206 Bukit Batok Street 21,"$1,100/mo"
63,Master Room in 164 Bukit Batok Street 11,"$2,600/mo"
64,Common Room in 164 Bukit Batok Street 11,"$2,000/mo"
65,Common Room in Sol Acres,"$1,300/mo"
66,Common Room in 133 Bukit Batok West Avenue 6,$900/mo
67,Common Room in 134 Bukit Batok West Avenue 6,"$1,200/mo"
68,Common Room in 172 Bukit Batok West Avenue 8,"$1,100/mo"
69,Master Room in 161 Bukit Batok Street 11,"$1,200/mo"
70,Master Room in Sol Acres,"$1,180/mo"
71,Common Room in Hume Park II,"$1,300/mo"
72,Common Room in Hume Park II,"$1,300/mo"
73,Master Room in The Jade,"$2,000/mo"
74,Common Room in 809B Choa Chu Kang Avenue 1,"$1,000/mo"
75,Common Room in 805B Keat Hong Close,$800/mo
76,Common Room in Upper Bukit Timah Road,$850/mo
77,Common Room in 164 Bukit Batok Street 11,"$2,000/mo"
78,Master Room in 164 Bukit Batok Street 11,"$2,600/mo"
79,Master Room in Hillington Green,"$2,500/mo"
80,Room in Sol Acres,"$1,400/mo"
81,Room in Hume Park I,"$2,000/mo"
82,Common Room in 450C Bukit Batok West Avenue 6,"$1,000/mo"
83,Common Room in 213 Bukit Batok Street 21,"$1,218/mo"
84,Common Room in Sol Acres,"$1,180/mo"
85,Common Room in 808C Choa Chu Kang Avenue 1,$890/mo
86,Room in Parc Palais,"$1,400/mo"
87,Common Room in Hillview Park,"$2,000/mo"
88,Common Room in 269 Bukit Batok East Avenue 4,"$1,000/mo"
89,Room in Hills Twoone,"$2,300/mo"
90,Common Room in Hillsta,"$1,400/mo"
91,Master Room in Hillview Regency,"$2,180/mo"
92,Common Room in 215 Bukit Batok Street 21,$900/mo
93,Common Room in 189 Bukit Batok West Avenue 6,$998/mo
94,Master Room in 296A Bukit Batok Street 22,"$1,999/mo"
95,Room in The Jade,"$1,250/mo"
96,Room in 247 Bukit Batok East Avenue 5,"$1,500/mo"
97,Master Room in 250 Bukit Batok East Avenue 5,"$1,100/mo"
98,Master Room in Pavilion Park,"$2,200/mo"
99,Common Room in 816B Keat Hong Link,$800/mo
100,Common Room in 290D Bukit Batok East Avenue 3,$950/mo
101,Room in Hillview Regency,"$1,200/mo"
102,Common Room in 805D Keat Hong Close,"$1,200/mo"
103,Common Room in 461B Bukit Batok West Avenue 8,$780/mo
104,Common Room in 288D Bukit Batok Street 25,$880/mo
105,Common Room in 116 Bukit Batok West Avenue 6,$750/mo
106,Common Room in 445A Bukit Batok West Avenue 8,"$1,000/mo"
107,Master Room in 248 Bukit Batok East Avenue 5,"$1,400/mo"
108,Common Room in 439B Bukit Batok West Avenue 8,$950/mo
109,Master Room in 146 Bukit Batok West Avenue 6,"$1,100/mo"
110,Common Room in 176 Bukit Batok West Avenue 8,$999/mo
111,Room in 172 Bukit Batok West Avenue 8,$900/mo
112,Room in Hillview Regency,"$1,500/mo"
113,Room in 164 Bukit Batok Street 11,"$2,000/mo"
114,Master Room in ESPA,"$1,350/mo"
115,Room in 804A Keat Hong Close,"$1,200/mo"
116,Common Room in The Jade,"$1,400/mo"
117,Common Room in 212 Bukit Batok Street 21,$850/mo
118,Room in 171 Bukit Batok West Avenue 8,"$1,600/mo"
119,Common Room in 639 Bukit Batok Central,"$1,200/mo"
120,Common Room in Hillview Regency,"$1,500/mo"
121,Room in 134 Bukit Batok West Avenue 6,"$1,000/mo"
122,Room in 138 Bukit Batok West Avenue 6,"$1,000/mo"
123,Common Room in 408 Bukit Batok West Avenue 4,"$1,200/mo"
124,Common Room in Hillview Regency,"$1,500/mo"
125,Master Room in 439B Bukit Batok West Avenue 8,"$1,999/mo"
126,Common Room in The Jade,"$1,460/mo"
127,Master Room in 131 Bukit Batok West Avenue 6,"$1,200/mo"
128,Common Room in Summerhill,"$1,090/mo"
129,Common Room in 273 Toh Guan Road,"$1,200/mo"
130,Common Room in 448C Bukit Batok West Avenue 9,$900/mo
131,Common Room in Hillbrooks,"$1,300/mo"
132,Common Room in 803A Keat Hong Close,$850/mo
133,Common Room in 202 Bukit Batok Street 21,$960/mo
134,Master Room in 810A Choa Chu Kang Avenue 7,"$1,100/mo"
135,Common Room in 250 Bukit Batok East Avenue 5,"$1,200/mo"
136,Room in 131 Bukit Batok West Avenue 6,"$1,000/mo"
137,Room in Hillview Regency,$900/mo
138,Room in Hume Park II,"$1,500/mo"
139,Room in 161 Bukit Batok Street 11,"$1,200/mo"
140,Room in 202 Bukit Batok Street 21,$999/mo
141,Common Room in The Jade,"$1,300/mo"
142,Common Room in Pavilion Park,"$1,500/mo"
