,Property,Price
0,Common Room in 206 Bukit Batok Street 21,"$1,100/mo"
1,Master Room in 164 Bukit Batok Street 11,"$2,600/mo"
2,Common Room in 164 Bukit Batok Street 11,"$2,000/mo"
3,Common Room in 133 Bukit Batok West Avenue 6,$900/mo
4,Common Room in 534 Bukit Batok Street 51,$950/mo
5,Common Room in 269 Toh Guan Road,"$1,000/mo"
6,Common Room in 134 Bukit Batok West Avenue 6,"$1,200/mo"
7,Master Room in 540 Bukit Batok Street 52,"$1,200/mo"
8,Master Room in 240 Bukit Batok East Avenue 5,"$1,500/mo"
9,Master Room in 161 Bukit Batok Street 11,"$1,200/mo"
10,Common Room in 528 Bukit Batok Street 51,$400/mo
11,Master Room in The Jade,"$2,000/mo"
12,Common Room in The Madeira,"$1,300/mo"
13,Common Room in 279 Toh Guan Road,"$1,500/mo"
14,Common Room in 164 Bukit Batok Street 11,"$2,000/mo"
15,Master Room in 164 Bukit Batok Street 11,"$2,600/mo"
16,Common Room in 450C Bukit Batok West Avenue 6,"$1,000/mo"
17,Common Room in 213 Bukit Batok Street 21,"$1,218/mo"
18,Room in Regent Heights,"$7,000/mo"
19,Room in Regent Heights,"$1,400/mo"
20,Room in Regent Heights,"$1,700/mo"
21,Master Room in Regent Heights,"$2,200/mo"
22,Common Room in 215 Bukit Batok Street 21,$900/mo
23,Common Room in 189 Bukit Batok West Avenue 6,$998/mo
24,Master Room in 296A Bukit Batok Street 22,"$1,999/mo"
25,Common Room in The Madeira,"$1,550/mo"
26,Common Room in The Madeira,"$1,500/mo"
27,Room in The Jade,"$1,250/mo"
28,Room in 247 Bukit Batok East Avenue 5,"$1,500/mo"
29,Master Room in 250 Bukit Batok East Avenue 5,"$1,100/mo"
30,Common Room in 240 Bukit Batok East Avenue 5,$450/mo
31,Common Room in The Madeira,"$1,600/mo"
32,Common Room in The Madeira,"$1,550/mo"
33,Common Room in 276 Toh Guan Road,$750/mo
34,Master Room in 240 Bukit Batok East Avenue 5,"$1,500/mo"
35,Common Room in 116 Bukit Batok West Avenue 6,$750/mo
36,Master Room in Guilin View,"$1,720/mo"
37,Common Room in Guilin View,"$1,720/mo"
38,Master Room in 248 Bukit Batok East Avenue 5,"$1,400/mo"
39,Master Room in 146 Bukit Batok West Avenue 6,"$1,100/mo"
40,Common Room in 176 Bukit Batok West Avenue 8,$999/mo
41,Room in 164 Bukit Batok Street 11,"$2,000/mo"
42,Common Room in The Jade,"$1,400/mo"
43,Common Room in Guilin View,"$1,000/mo"
44,Common Room in 212 Bukit Batok Street 21,$850/mo
45,Common Room in 639 Bukit Batok Central,"$1,200/mo"
46,Room in 134 Bukit Batok West Avenue 6,"$1,000/mo"
47,Room in 138 Bukit Batok West Avenue 6,"$1,000/mo"
48,Common Room in 507 Bukit Batok Street 52,$950/mo
49,Common Room in The Jade,"$1,460/mo"
50,Master Room in 131 Bukit Batok West Avenue 6,"$1,200/mo"
51,Common Room in Guilin View,"$1,500/mo"
52,Common Room in 273 Toh Guan Road,"$1,200/mo"
53,Common Room in 202 Bukit Batok Street 21,$960/mo
54,Common Room in 250 Bukit Batok East Avenue 5,"$1,200/mo"
55,Room in 131 Bukit Batok West Avenue 6,"$1,000/mo"
56,Room in 161 Bukit Batok Street 11,"$1,200/mo"
57,Room in 202 Bukit Batok Street 21,$999/mo
58,Common Room in The Jade,"$1,300/mo"
59,Common Room in 279 Toh Guan Road,$800/mo
60,Common Room in 370 Bukit Batok Street 31,$850/mo
61,Master Room in 288E Bukit Batok Street 25,"$1,300/mo"
62,Common Room in 386 Bukit Batok West Avenue 5,"$1,100/mo"
63,Common Room in 339 Jurong East Avenue 1,"$1,000/mo"
64,Master Room in 208 Jurong East Street 21,"$1,200/mo"
65,Common Room in 309 Jurong East Street 32,"$1,100/mo"
66,Common Room in 366 Bukit Batok Street 31,"$1,000/mo"
67,Common Room in The Mayfair,"$1,300/mo"
68,Master Room in 422 Bukit Batok West Avenue 2,"$1,500/mo"
69,Common Room in 265 Toh Guan Road,"$1,200/mo"
70,Common Room in 384 Bukit Batok West Avenue 5,$900/mo
71,Room in 385 Bukit Batok West Avenue 5,$900/mo
72,Common Room in 385 Bukit Batok West Avenue 5,$900/mo
73,Common Room in 172 Bukit Batok West Avenue 8,"$1,100/mo"
74,Common Room in 358 Bukit Batok Street 31,$800/mo
75,Common Room in 307 Jurong East Street 32,$900/mo
76,Common Room in 113 Jurong East Street 13,$800/mo
77,Common Room in 307 Jurong East Street 32,$900/mo
78,Room in 249 Jurong East Street 24,"$1,400/mo"
79,Common Room in 395 Bukit Batok West Avenue 5,$600/mo
80,Common Room in Parc Oasis,"$1,300/mo"
81,Common Room in 384 Bukit Batok West Avenue 5,$900/mo
82,Common Room in 301 Jurong East Street 32,"$1,000/mo"
83,Common Room in 314 Jurong East Street 32,"$1,000/mo"
84,Common Room in 322 Bukit Batok Street 33,$800/mo
85,Master Room in 383 Bukit Batok West Avenue 5,"$1,500/mo"
86,Common Room in 261 Jurong East Street 24,$800/mo
87,Master Room in Parc Oasis,"$2,300/mo"
88,Master Room in 288C Jurong East Street 21,"$1,600/mo"
89,Common Room in 307 Jurong East Street 32,$900/mo
90,Common Room in 339 Jurong East Avenue 1,$750/mo
91,Common Room in 116 Jurong East Street 13,"$1,000/mo"
92,Master Room in 338 Bukit Batok Street 34,"$1,100/mo"
93,Common Room in 322 Bukit Batok Street 33,$950/mo
94,Room in 205 Jurong East Street 21,"$1,400/mo"
95,Master Room in 370 Bukit Batok Street 31,"$1,200/mo"
96,Common Room in 322 Bukit Batok Street 33,$800/mo
97,Master Room in 426 Bukit Batok West Avenue 2,"$1,000/mo"
98,Master Room in 338 Bukit Batok Street 34,"$1,100/mo"
99,Common Room in The Mayfair,"$1,250/mo"
100,Common Room in 417 Bukit Batok West Avenue 4,$950/mo
101,Room in Parc Palais,"$1,400/mo"
102,Room in Merawoods,$850/mo
103,Common Room in 269 Bukit Batok East Avenue 4,"$1,000/mo"
104,Room in Hills Twoone,"$2,300/mo"
105,Common Room in Parc Oasis,"$1,450/mo"
106,Common Room in The Mayfair,"$1,300/mo"
107,Master Room in 303 Jurong East Street 32,"$1,300/mo"
108,Room in Parc Oasis,"$1,400/mo"
109,Common Room in The Mayfair,"$1,300/mo"
110,Common Room in 339 Jurong East Avenue 1,$750/mo
111,Master Room in Hillview Regency,"$2,180/mo"
112,Common Room in 309 Jurong East Street 32,"$1,100/mo"
113,Common Room in The Mayfair,"$1,300/mo"
114,Common Room in 323 Bukit Batok Street 33,$900/mo
115,Common Room in Parc Oasis,"$1,600/mo"
116,Common Room in 324 Bukit Batok Street 33,$800/mo
117,Common Room in 113 Jurong East Street 13,"$1,200/mo"
118,Common Room in 339 Jurong East Avenue 1,$800/mo
119,Master Room in Parkview Apartments,"$1,800/mo"
120,Common Room in 301 Jurong East Street 32,"$1,200/mo"
121,Common Room in Parc Oasis,"$1,400/mo"
122,Master Room in 238 Jurong East Street 21,"$3,500/mo"
123,Common Room in 339 Jurong East Avenue 1,$650/mo
124,Common Room in 208 Jurong East Street 21,"$1,300/mo"
125,Common Room in 290D Bukit Batok East Avenue 3,$950/mo
126,Room in Hillview Regency,"$1,200/mo"
127,Master Room in 283 Toh Guan Road,"$1,200/mo"
128,Master Room in Parc Oasis,"$1,500/mo"
129,Common Room in Montrosa,"$1,100/mo"
130,Common Room in 461B Bukit Batok West Avenue 8,$780/mo
131,Common Room in 244 Jurong East Street 24,$900/mo
132,Common Room in 333 Bukit Batok Street 32,$800/mo
133,Common Room in 113 Jurong East Street 13,$800/mo
134,Common Room in 338 Bukit Batok Street 34,$900/mo
135,Common Room in 288D Bukit Batok Street 25,$880/mo
136,Common Room in The Mayfair,"$1,250/mo"
137,Master Room in Parc Oasis,"$2,100/mo"
138,Master Room in Parc Oasis,"$2,000/mo"
139,Common Room in Westmere,"$1,550/mo"
140,Common Room in 445A Bukit Batok West Avenue 8,"$1,000/mo"
141,Master Room in 390 Bukit Batok West Avenue 5,"$1,300/mo"
142,Master Room in Parc Oasis,"$2,100/mo"
143,Common Room in 439B Bukit Batok West Avenue 8,$950/mo
144,Common Room in 285A Toh Guan Road,"$1,000/mo"
145,Common Room in 420 Bukit Batok West Avenue 2,$900/mo
146,Room in 172 Bukit Batok West Avenue 8,$900/mo
147,Room in 264 Jurong East Street 24,"$1,200/mo"
148,Room in 257 Jurong East Street 24,$450/mo
149,Room in 372 Bukit Batok Street 31,$350/mo
150,Room in 386 Bukit Batok West Avenue 5,$800/mo
151,Room in Hillview Regency,"$1,500/mo"
152,Common Room in 108 Jurong East Street 13,"$1,100/mo"
153,Common Room in Parc Oasis,"$1,300/mo"
154,Common Room in 257 Jurong East Street 24,$800/mo
155,Master Room in 259 Jurong East Street 24,"$3,500/mo"
156,Common Room in Parc Oasis,"$1,500/mo"
157,Common Room in Parc Oasis,"$1,410/mo"
158,Room in The Mayfair,"$1,770/mo"
159,Master Room in Westmere,"$1,350/mo"
160,Common Room in 107 Jurong East Street 13,$800/mo
161,Master Room in Parc Oasis,"$1,580/mo"
162,Room in 171 Bukit Batok West Avenue 8,"$1,600/mo"
163,Room in 216 Jurong East Street 21,"$1,000/mo"
164,Room in 259 Jurong East Street 24,"$2,700/mo"
165,Master Room in 226 Jurong East Street 21,"$1,400/mo"
166,Common Room in Parc Oasis,"$1,460/mo"
167,Common Room in Hillview Regency,"$1,500/mo"
168,Room in 383 Bukit Batok West Avenue 5,$950/mo
169,Common Room in 323 Bukit Batok Street 33,$988/mo
170,Common Room in 467A Bukit Batok West Avenue 9,$900/mo
171,Common Room in Parc Oasis,"$1,400/mo"
172,Common Room in J Gateway,"$1,480/mo"
173,Common Room in Hillview Garden Estate,"$1,500/mo"
174,Common Room in 384 Bukit Batok West Avenue 5,"$1,000/mo"
175,Common Room in 386 Bukit Batok West Avenue 5,$850/mo
176,Common Room in 408 Bukit Batok West Avenue 4,"$1,200/mo"
177,Common Room in 303 Jurong East Street 32,"$1,000/mo"
178,Common Room in The Mayfair,"$1,770/mo"
179,Common Room in 333 Bukit Batok Street 32,$900/mo
180,Common Room in Hillview Regency,"$1,500/mo"
181,Master Room in 248 Jurong East Street 24,"$1,600/mo"
182,Master Room in 313 Bukit Batok Street 32,"$1,400/mo"
183,Master Room in 439B Bukit Batok West Avenue 8,"$1,999/mo"
184,Room in J Gateway,"$6,500/mo"
185,Room in Westmere,"$2,000/mo"
186,Common Room in 339 Jurong East Avenue 1,$650/mo
187,Common Room in 339 Jurong East Avenue 1,$750/mo
188,Common Room in 339 Jurong East Avenue 1,$650/mo
189,Master Room in 301 Jurong East Street 32,"$1,400/mo"
190,Common Room in 448C Bukit Batok West Avenue 9,$900/mo
191,Common Room in Hillbrooks,"$1,300/mo"
192,Room in 211 Jurong East Street 21,"$1,000/mo"
193,Common Room in 315 Bukit Batok Street 32,$500/mo
194,Room in Hillview Regency,$900/mo
195,Room in 383 Bukit Batok West Avenue 5,$950/mo
196,Common Room in 315 Bukit Batok Street 32,$500/mo
197,Common Room in 301 Jurong East Street 32,$700/mo
198,Master Room in 240 Jurong East Street 21,$900/mo
199,Common Room in 339 Jurong East Avenue 1,$400/mo
200,Master Room in 229 Jurong East Street 21,"$1,800/mo"
201,Master Room in 424 Bukit Batok West Avenue 2,"$1,200/mo"
