,Property,Price
0,Common Room in 126D Canberra Street,$800/mo
1,Common Room in 114 Yishun Ring Road,$600/mo
2,Common Room in Sembawang Springs Estate,"$1,200/mo"
3,Master Room in 124 Yishun Street 11,"$1,200/mo"
4,Common Room in 123 Yishun Street 11,$700/mo
5,Common Room in Eight Courtyards,"$1,600/mo"
6,Common Room in 113 Yishun Ring Road,$750/mo
7,Common Room in 314 Sembawang Drive,$650/mo
8,Master Room in The Nautical,"$2,000/mo"
9,Common Room in Eight Courtyards,"$1,300/mo"
10,Common Room in 118 Yishun Ring Road,$800/mo
11,Common Room in Eight Courtyards,"$2,180/mo"
12,Room in The Nautical,"$2,000/mo"
13,Common Room in Yishun Emerald,$900/mo
14,Common Room in 118 Yishun Ring Road,$800/mo
15,Common Room in 589A Montreal Drive,$800/mo
16,Room in 120 Yishun Ring Road,$850/mo
17,Master Room in 104A Canberra Street,"$1,350/mo"
18,Common Room in 1 Canberra,"$1,300/mo"
19,Common Room in 104A Canberra Street,$950/mo
20,Room in Yishun Sapphire,"$1,888/mo"
21,Master Room in Sembawang Springs Estate,"$1,500/mo"
22,Common Room in 120 Yishun Ring Road,$850/mo
23,Room in The Nautical,"$1,300/mo"
24,Room in Eight Courtyards,"$1,400/mo"
25,Room in 115C Canberra Walk,"$1,200/mo"
26,Common Room in The Visionaire,"$1,150/mo"
27,Common Room in 104A Canberra Street,"$1,100/mo"
28,Master Room in 115 Canberra Walk,"$1,200/mo"
29,Common Room in Eight Courtyards,"$2,600/mo"
30,Common Room in The Visionaire,"$1,300/mo"
31,Room in 299 Yishun Street 20,$950/mo
32,Common Room in 128B Canberra Street,$800/mo
33,Common Room in 1 Canberra,"$1,000/mo"
34,Common Room in 104A Canberra Street,"$1,300/mo"
35,Master Room in Yishun Sapphire,"$1,550/mo"
36,Common Room in 128B Canberra Street,"$1,000/mo"
37,Common Room in 115 Yishun Ring Road,$800/mo
38,Master Room in 130A Canberra Crescent,"$1,350/mo"
39,Master Room in Countryview,"$1,300/mo"
40,Room in 129C Canberra Street,$850/mo
41,Room in 588A Montreal Drive,"$1,000/mo"
42,Room in 120 Yishun Ring Road,$850/mo
43,Master Room in 104A Canberra Street,"$1,350/mo"
44,Master Room in 107B Canberra Street,"$1,100/mo"
45,Common Room in 590C Montreal Link,"$1,000/mo"
46,Common Room in Eight Courtyards,"$1,300/mo"
47,Common Room in Sembawang Springs Estate,$900/mo
48,Common Room in 1 Canberra,"$1,300/mo"
49,Common Room in The Visionaire,"$1,200/mo"
50,Master Room in The Brownstone,"$1,500/mo"
51,Room in 117 Yishun Ring Road,"$1,200/mo"
52,Room in 125 Yishun Street 11,$850/mo
53,Common Room in 120 Yishun Ring Road,$900/mo
54,Common Room in The Visionaire,"$1,100/mo"
55,Room in 1 Canberra,"$1,000/mo"
56,Common Room in 360B Admiralty Drive,$950/mo
57,Master Room in 329 Sembawang Close,"$1,500/mo"
58,Common Room in North Park Residences,"$1,650/mo"
59,Common Room in 335 Sembawang Close,"$1,200/mo"
60,Common Room in 353B Admiralty Drive,$800/mo
61,Master Room in 315A Yishun Avenue 9,"$1,200/mo"
62,Common Room in 501A Wellington Circle,$450/mo
63,Common Room in 283 Yishun Avenue 6,"$1,000/mo"
64,Common Room in 145 Yishun Street 11,$750/mo
65,Room in North Park Residences,"$2,000/mo"
66,Common Room in 413 Sembawang Drive,$750/mo
67,Master Room in Symphony Suites,"$1,800/mo"
68,Master Room in Straits Gardens,"$1,500/mo"
69,Common Room in 720 Yishun Street 71,$700/mo
70,Master Room in 219 Yishun Street 21,"$1,200/mo"
71,Master Room in 288 Yishun Avenue 6,"$1,500/mo"
72,Common Room in 257 Yishun Ring Road,$800/mo
73,Common Room in 283 Yishun Avenue 6,$550/mo
74,Room in Symphony Suites,"$4,200/mo"
75,Room in North Park Residences,"$3,500/mo"
76,Common Room in 352B Canberra Road,$900/mo
77,Common Room in 751 Yishun Street 72,"$1,058/mo"
78,Room in 706 Yishun Avenue 5,$850/mo
79,Common Room in 229 Yishun Street 21,"$1,300/mo"
80,Common Room in 312 Yishun Ring Road,"$1,200/mo"
81,Common Room in 353C Admiralty Drive,"$1,100/mo"
82,Common Room in 467 Admiralty Drive,$950/mo
83,Common Room in 255 Yishun Ring Road,$500/mo
84,Common Room in 284 Yishun Avenue 6,$850/mo
85,Common Room in 231 Yishun Street 21,"$1,200/mo"
86,Common Room in 504B Montreal Drive,$800/mo
87,Common Room in Skypark Residences,"$1,000/mo"
88,Common Room in Skypark Residences,"$1,580/mo"
89,Room in 115A Yishun Ring Road,$900/mo
90,Master Room in 284 Yishun Avenue 6,$650/mo
91,Common Room in 218 Yishun Street 21,$950/mo
92,Common Room in 340A Sembawang Close,$850/mo
93,Master Room in 407 Sembawang Drive,"$1,200/mo"
94,Master Room in Symphony Suites,"$1,400/mo"
95,Common Room in 757 Yishun Street 72,"$1,200/mo"
96,Common Room in Skypark Residences,"$1,400/mo"
97,Common Room in 468C Admiralty Drive,$800/mo
98,Common Room in 322 Sembawang Close,$850/mo
99,Room in Parc Life,"$1,299/mo"
100,Common Room in Symphony Suites,"$2,000/mo"
101,Master Room in 407 Sembawang Drive,"$1,200/mo"
102,Common Room in Straits Gardens,"$1,500/mo"
103,Common Room in 479 Sembawang Drive,$850/mo
104,Common Room in 328 Sembawang Crescent,"$1,400/mo"
105,Common Room in 328 Sembawang Crescent,"$1,000/mo"
106,Common Room in 150 Yishun Street 11,$800/mo
107,Common Room in 405 Admiralty Link,$850/mo
108,Common Room in 360A Admiralty Drive,$850/mo
109,Room in 731 Yishun Street 72,"$2,100/mo"
110,Room in 716 Yishun Street 71,"$1,400/mo"
111,Room in 309 Yishun Ring Road,"$1,100/mo"
112,Master Room in 405 Admiralty Link,"$1,200/mo"
113,Master Room in Straits Gardens,"$1,300/mo"
114,Room in 278 Yishun Street 22,$800/mo
115,Room in 247 Yishun Avenue 9,$450/mo
116,Master Room in Kandis Residence,"$1,650/mo"
117,Common Room in 319 Sembawang Close,$850/mo
118,Master Room in 286 Yishun Avenue 6,"$1,500/mo"
119,Room in 706 Yishun Avenue 5,"$1,600/mo"
120,Room in 357C Admiralty Drive,$800/mo
121,Common Room in 706 Yishun Avenue 5,$400/mo
122,Room in 417 Canberra Road,$850/mo
123,Room in 503B Canberra Link,"$1,380/mo"
124,Master Room in 115A Yishun Ring Road,"$1,200/mo"
125,Room in 357C Admiralty Drive,$900/mo
126,Room in 101B Canberra Street,$900/mo
127,Common Room in North Park Residences,"$2,500/mo"
128,Master Room in 318B Yishun Avenue 9,$750/mo
129,Master Room in 407 Sembawang Drive,"$1,000/mo"
130,Common Room in 327 Sembawang Crescent,$850/mo
131,Master Room in 707 Yishun Avenue 5,"$1,400/mo"
132,Common Room in 319 Sembawang Close,$850/mo
133,Master Room in 254 Yishun Ring Road,"$1,200/mo"
134,Master Room in 328 Sembawang Crescent,$750/mo
135,Master Room in 247 Yishun Avenue 9,"$1,400/mo"
136,Master Room in 288 Yishun Avenue 6,$900/mo
137,Common Room in 728 Yishun Street 71,$800/mo
138,Common Room in 101 Yishun Avenue 5,"$1,050/mo"
139,Master Room in 340B Sembawang Close,$900/mo
140,Common Room in 328 Sembawang Crescent,"$1,100/mo"
141,Common Room in 249 Yishun Avenue 9,$888/mo
142,Common Room in 245 Yishun Avenue 9,$850/mo
143,Room in North Park Residences,"$2,500/mo"
144,Room in 926 Yishun Central 1,$950/mo
145,Common Room in 704 Yishun Avenue 5,"$1,200/mo"
146,Common Room in 334 Sembawang Close,"$1,500/mo"
147,Common Room in 134 Yishun Street 11,"$1,300/mo"
148,Common Room in Sembawang Park,$900/mo
149,Room in 758 Yishun Street 72,"$1,100/mo"
150,Common Room in 406 Sembawang Drive,$750/mo
151,Common Room in 341A Sembawang Close,$850/mo
152,Room in 302 Yishun Central,"$1,100/mo"
153,Common Room in 326 Sembawang Crescent,$800/mo
154,Room in 303 Yishun Central,"$1,200/mo"
