,Property,Price
0,Common Room in 150 Petir Road,$750/mo
1,Common Room in 148 Gangsa Road,$850/mo
2,Common Room in Hazel Park Condominium,"$1,500/mo"
3,Master Room in 148 Gangsa Road,"$1,050/mo"
4,Master Room in 131 Cashew Road,$850/mo
5,Common Room in Bukit 828,"$1,600/mo"
6,Common Room in 133 Cashew Road,$900/mo
7,Common Room in 150 Petir Road,$800/mo
8,Common Room in Cashew Heights Condominium,"$1,500/mo"
9,Master Room in The Dairy Farm,"$1,500/mo"
10,Master Room in The Linear,"$1,800/mo"
11,Common Room in Cashew Heights Condominium,"$1,260/mo"
12,Common Room in The Skywoods,"$1,550/mo"
13,Common Room in 164 Gangsa Road,$700/mo
14,Common Room in Maysprings,"$1,299/mo"
15,Common Room in Hillview Park,"$2,000/mo"
16,Master Room in Maysprings,"$1,299/mo"
17,Common Room in Hazel Park Condominium,"$1,100/mo"
18,Room in Maysprings,"$1,100/mo"
19,Master Room in 150 Petir Road,"$1,000/mo"
20,Common Room in Maysprings,"$1,099/mo"
21,Common Room in 168 Petir Road,"$1,100/mo"
22,Room in Maysprings,"$1,500/mo"
23,Room in Hazel Park Condominium,"$1,800/mo"
24,Common Room in Maysprings,"$1,400/mo"
25,Room in The Linear,"$2,500/mo"
26,Common Room in Cashew Park Condominium,"$1,450/mo"
27,Master Room in Cashew Villas,"$2,500/mo"
28,Common Room in Maysprings,"$1,100/mo"
29,Master Room in ESPA,"$1,350/mo"
30,Master Room in 143 Petir Road,"$1,000/mo"
31,Master Room in The Dairy Farm,"$1,250/mo"
32,Common Room in 139 Petir Road,"$1,000/mo"
33,Room in Cashew Garden,"$1,339/mo"
34,Common Room in 544 Jelapang Road,"$1,050/mo"
35,Common Room in 540 Jelapang Road,$888/mo
36,Common Room in 507 Jelapang Road,$900/mo
37,Common Room in 177 Lompang Road,$900/mo
38,Common Room in Sol Acres,"$1,300/mo"
39,Common Room in 124 Pending Road,$450/mo
40,Common Room in 170 Gangsa Road,$900/mo
41,Common Room in 173 Gangsa Road,$950/mo
42,Common Room in 386 Bukit Batok West Avenue 5,"$1,100/mo"
43,Master Room in 11 Teck Whye Lane,"$1,200/mo"
44,Common Room in 241 Bukit Panjang Ring Road,$700/mo
45,Common Room in 606 Senja Road,$800/mo
46,Common Room in Foresque Residences,"$1,250/mo"
47,Common Room in 384 Bukit Batok West Avenue 5,$900/mo
48,Room in 385 Bukit Batok West Avenue 5,$900/mo
49,Common Room in 385 Bukit Batok West Avenue 5,$900/mo
50,Common Room in 101 Gangsa Road,$900/mo
51,Common Room in 437 Fajar Road,"$1,200/mo"
52,Common Room in 621 Senja Road,$850/mo
53,Master Room in Phoenix Heights,"$2,200/mo"
54,Master Room in 250 Bangkit Road,$950/mo
55,Common Room in 102 Gangsa Road,$950/mo
56,Common Room in 358 Bukit Batok Street 31,$800/mo
57,Master Room in Sol Acres,"$1,180/mo"
58,Master Room in 175 Lompang Road,$908/mo
59,Common Room in 384 Bukit Batok West Avenue 5,$900/mo
60,Common Room in 420 Fajar Road,$650/mo
61,Master Room in 383 Bukit Batok West Avenue 5,"$1,500/mo"
62,Common Room in Upper Bukit Timah Road,$850/mo
63,Master Room in 338 Bukit Batok Street 34,"$1,100/mo"
64,Master Room in Hillington Green,"$2,500/mo"
65,Room in Sol Acres,"$1,400/mo"
66,Room in Hume Park I,"$2,000/mo"
67,Master Room in 338 Bukit Batok Street 34,"$1,100/mo"
68,Common Room in 154 Jalan Teck Whye,$850/mo
69,Common Room in Sol Acres,"$1,180/mo"
70,Common Room in 633A Senja Road,$900/mo
71,Room in Parc Palais,"$1,400/mo"
72,Room in Merawoods,$850/mo
73,Room in Hills Twoone,"$2,300/mo"
74,Common Room in 110 Gangsa Road,"$1,300/mo"
75,Master Room in 118 Teck Whye Lane,"$1,700/mo"
76,Room in 611 Bukit Panjang Ring Road,"$1,700/mo"
77,Common Room in Hillsta,"$1,400/mo"
78,Common Room in 110 Teck Whye Lane,$750/mo
79,Common Room in 412 Saujana Road,$950/mo
80,Room in 619 Bukit Panjang Ring Road,$800/mo
81,Room in 619 Bukit Panjang Ring Road,$900/mo
82,Room in 275 Bangkit Road,"$1,200/mo"
83,Master Room in Hillview Regency,"$2,180/mo"
84,Common Room in 237 Bukit Panjang Ring Road,$900/mo
85,Room in 272 Bangkit Road,$900/mo
86,Room in 236 Bukit Panjang Ring Road,"$1,600/mo"
87,Common Room in 14 Teck Whye Lane,$900/mo
88,Room in 544 Jelapang Road,"$1,050/mo"
89,Common Room in Nicon Gardens,"$1,900/mo"
90,Master Room in 502 Jelapang Road,$830/mo
91,Common Room in 123 Pending Road,"$1,100/mo"
92,Master Room in 120 Teck Whye Lane,"$1,800/mo"
93,Common Room in 620 Bukit Panjang Ring Road,"$1,000/mo"
94,Common Room in 119 Teck Whye Lane,$700/mo
95,Master Room in Pavilion Park,"$2,200/mo"
96,Common Room in 213 Petir Road,$750/mo
97,Common Room in 254 Bangkit Road,"$1,500/mo"
98,Common Room in 816B Keat Hong Link,$800/mo
99,Master Room in 13 Teck Whye Lane,$850/mo
100,Common Room in 620 Bukit Panjang Ring Road,"$1,000/mo"
101,Room in Hillview Regency,"$1,200/mo"
102,Common Room in 11 Teck Whye Lane,$900/mo
103,Common Room in 533 Bukit Panjang Ring Road,$950/mo
104,Common Room in 175 Lompang Road,$800/mo
105,Common Room in 120 Teck Whye Lane,"$1,800/mo"
106,Common Room in Montrosa,"$1,100/mo"
107,Common Room in Hume Park II,"$1,300/mo"
108,Common Room in Hume Park II,"$1,300/mo"
109,Common Room in 333 Bukit Batok Street 32,$800/mo
110,Room in 611 Bukit Panjang Ring Road,"$1,300/mo"
111,Common Room in 338 Bukit Batok Street 34,$900/mo
112,Common Room in 124 Pending Road,$800/mo
113,Common Room in 412 Saujana Road,$950/mo
114,Common Room in Chestervale,"$1,400/mo"
115,Master Room in 390 Bukit Batok West Avenue 5,"$1,300/mo"
116,Room in 204 Petir Road,"$1,000/mo"
117,Common Room in 437 Fajar Road,"$1,000/mo"
118,Common Room in 237 Bukit Panjang Ring Road,$980/mo
119,Common Room in 545 Bukit Panjang Ring Road,"$1,200/mo"
120,Room in 372 Bukit Batok Street 31,$350/mo
121,Common Room in 124 Pending Road,"$1,000/mo"
122,Room in 237 Bukit Panjang Ring Road,$950/mo
123,Room in 386 Bukit Batok West Avenue 5,$800/mo
124,Room in Hillview Regency,"$1,500/mo"
125,Common Room in 205 Petir Road,$750/mo
126,Room in 406 Fajar Road,$800/mo
127,Master Room in 257 Bangkit Road,"$1,000/mo"
128,Common Room in Eco Sanctuary,"$1,180/mo"
129,Room in 622 Senja Road,$900/mo
130,Common Room in Hillview Regency,"$1,500/mo"
131,Room in 383 Bukit Batok West Avenue 5,$950/mo
132,Common Room in 544 Jelapang Road,"$1,000/mo"
133,Master Room in Phoenix Heights,"$2,200/mo"
134,Master Room in 113 Teck Whye Lane,"$1,500/mo"
135,Common Room in Hillview Garden Estate,"$1,500/mo"
136,Common Room in 384 Bukit Batok West Avenue 5,"$1,000/mo"
137,Common Room in 386 Bukit Batok West Avenue 5,$850/mo
138,Common Room in 333 Bukit Batok Street 32,$900/mo
139,Common Room in Hillview Regency,"$1,500/mo"
140,Master Room in 11 Teck Whye Lane,$900/mo
141,Common Room in Eco Sanctuary,"$1,180/mo"
142,Common Room in Summerhill,"$1,090/mo"
143,Master Room in 619 Bukit Panjang Ring Road,"$1,600/mo"
144,Common Room in 621 Senja Road,"$1,000/mo"
145,Common Room in Hillbrooks,"$1,300/mo"
146,Common Room in 110 Teck Whye Lane,$700/mo
147,Room in 611 Bukit Panjang Ring Road,$900/mo
148,Common Room in Chestervale,"$1,100/mo"
149,Room in 507 Jelapang Road,$750/mo
150,Room in Hillview Regency,$900/mo
151,Room in Hume Park II,"$1,500/mo"
152,Room in 275 Bangkit Road,"$1,000/mo"
153,Common Room in 11 Teck Whye Lane,$900/mo
154,Common Room in 416 Saujana Road,"$1,100/mo"
155,Room in 383 Bukit Batok West Avenue 5,$950/mo
156,Master Room in 154 Jalan Teck Whye,"$1,000/mo"
157,Common Room in Pavilion Park,"$1,500/mo"
158,Common Room in 105 Teck Whye Lane,$850/mo
