,Property,Price
0,Common Room in 302B Anchorvale Link,"$1,500/mo"
1,Master Room in 313D Anchorvale Road,"$1,200/mo"
2,Common Room in 216A Compassvale Drive,"$1,100/mo"
3,Master Room in Bellewaters,"$1,500/mo"
4,Common Room in 250D Compassvale Street,"$1,100/mo"
5,Common Room in 256D Sumang Walk,$900/mo
6,Common Room in 295C Compassvale Crescent,"$1,000/mo"
7,Master Room in Compass Heights,"$1,850/mo"
8,Master Room in Beauty Garden,"$3,000/mo"
9,Master Room in Beauty Garden,"$2,800/mo"
10,Common Room in 331C Anchorvale Street,$900/mo
11,Common Room in Compass Heights,"$1,200/mo"
12,Common Room in 293C Compassvale Crescent,"$1,100/mo"
13,Master Room in Twin Waterfalls,"$1,500/mo"
14,Common Room in 296B Compassvale Crescent,$800/mo
15,Master Room in Beauty Garden,"$3,000/mo"
16,Master Room in Beauty Garden,"$2,800/mo"
17,Common Room in 213A Punggol Walk,"$1,000/mo"
18,Room in Compass Heights,"$1,300/mo"
19,Common Room in The Vales,"$1,600/mo"
20,Common Room in 239 Compassvale Walk,"$1,000/mo"
21,Common Room in 286C Compassvale Crescent,"$1,500/mo"
22,Master Room in Compass Heights,"$1,200/mo"
23,Room in 334B Anchorvale Crescent,"$1,800/mo"
24,Common Room in 216B Compassvale Drive,"$1,200/mo"
25,Common Room in 216B Compassvale Drive,"$1,200/mo"
26,Common Room in 217B Sumang Walk,$850/mo
27,Room in 306C Anchorvale Link,"$1,000/mo"
28,Room in 258D Compassvale Road,"$1,500/mo"
29,Master Room in 325B Sengkang East Way,"$1,500/mo"
30,Room in 296A Compassvale Crescent,"$1,100/mo"
31,Common Room in 322A Anchorvale Drive,$900/mo
32,Room in 244 Compassvale Road,"$1,400/mo"
33,Common Room in 201A Compassvale Drive,$850/mo
34,Common Room in 320B Anchorvale Drive,$900/mo
35,Master Room in 351A Anchorvale Road,"$1,600/mo"
36,Common Room in 305B Anchorvale Link,$850/mo
37,Common Room in 269C Punggol Field,"$1,400/mo"
38,Common Room in 216A Compassvale Drive,"$1,100/mo"
39,Common Room in 292A Compassvale Street,"$1,200/mo"
40,Master Room in 256D Sumang Walk,$900/mo
41,Common Room in Treasure Crest,$600/mo
42,Master Room in 211D Punggol Walk,"$1,200/mo"
43,Common Room in 319A Anchorvale Drive,$900/mo
44,Common Room in La Fiesta,"$1,888/mo"
45,Master Room in 332B Anchorvale Link,"$2,200/mo"
46,Common Room in Bellewaters,"$1,200/mo"
47,Common Room in 322B Anchorvale Drive,"$1,100/mo"
48,Master Room in 211D Punggol Walk,"$1,350/mo"
49,Room in 261A Sengkang East Way,"$1,100/mo"
50,Common Room in Compass Heights,"$1,400/mo"
51,Room in La Fiesta,"$3,688/mo"
52,Common Room in 261D Sengkang East Way,"$1,000/mo"
53,Common Room in 207B Punggol Place,"$1,000/mo"
54,Common Room in 322A Anchorvale Drive,"$1,200/mo"
55,Room in 208B Punggol Place,"$1,400/mo"
56,Common Room in 322A Anchorvale Drive,$850/mo
57,Common Room in 319B Anchorvale Drive,$600/mo
58,Room in 351A Anchorvale Road,"$1,800/mo"
59,Common Room in 334B Anchorvale Crescent,"$1,500/mo"
60,Common Room in 228B Punggol Field,$800/mo
61,Common Room in 220C Sumang Lane,$900/mo
62,Common Room in Ecopolitan,"$1,800/mo"
63,Common Room in Compass Heights,"$1,300/mo"
64,Common Room in 209C Punggol Place,$850/mo
65,Common Room in 269B Punggol Field,"$1,000/mo"
66,Common Room in 297B Compassvale Street,$800/mo
67,Common Room in The Vales,"$1,600/mo"
68,Room in Twin Waterfalls,"$1,300/mo"
69,Master Room in Twin Waterfalls,"$1,250/mo"
70,Common Room in Treasure Crest,"$1,200/mo"
71,Master Room in 228B Punggol Field,"$1,500/mo"
72,Common Room in 302C Anchorvale Link,$800/mo
73,Room in 216A Compassvale Drive,"$1,100/mo"
74,Common Room in 313B Anchorvale Road,$990/mo
75,Common Room in The Vales,"$1,000/mo"
76,Common Room in 224A Compassvale Walk,"$1,000/mo"
77,Common Room in 202A Punggol Field,"$1,000/mo"
78,Common Room in 195C Punggol Road,"$1,200/mo"
79,Common Room in 414B Fernvale Link,"$1,000/mo"
80,Common Room in 107D Edgefield Plains,"$1,000/mo"
81,Common Room in 124B Rivervale Drive,$700/mo
82,Common Room in 547 Hougang Street 51,$900/mo
83,Common Room in 308C Anchorvale Road,"$1,000/mo"
84,Common Room in 310B Punggol Walk,"$1,200/mo"
85,Master Room in 209C Compassvale Lane,"$1,200/mo"
86,Common Room in Riversound Residence,"$1,280/mo"
87,Common Room in 266C Punggol Way,"$1,200/mo"
88,Common Room in 180C Rivervale Crescent,$900/mo
89,Common Room in 468B Fernvale Link,$850/mo
90,Common Room in 469B Sengkang West Way,$700/mo
91,Common Room in 622C Punggol Central,$900/mo
92,Common Room in Riversound Residence,"$1,000/mo"
93,Common Room in 225B Compassvale Walk,$850/mo
94,Common Room in 311D Anchorvale Lane,$900/mo
95,Common Room in 470B Fernvale Link,$850/mo
96,Common Room in 308C Punggol Walk,$850/mo
97,Common Room in 612C Punggol Drive,$850/mo
98,Common Room in 313C Sumang Link,$900/mo
99,Common Room in 313C Sumang Link,$900/mo
100,Common Room in 187 Punggol Central,$800/mo
101,Common Room in 412B Fernvale Link,"$1,150/mo"
102,Common Room in 281B Sengkang East Avenue,"$1,200/mo"
103,Master Room in 228C Compassvale Walk,"$1,600/mo"
104,Common Room in Riversound Residence,"$1,000/mo"
105,Common Room in Rivertrees Residences,"$1,100/mo"
106,Common Room in Rivervale Crest,"$1,300/mo"
107,Master Room in 294 Punggol Central,"$2,000/mo"
108,Master Room in A Treasure Trove,"$1,500/mo"
109,Master Room in Prive,"$2,200/mo"
110,Master Room in 233 Compassvale Walk,$950/mo
111,Master Room in 188C Rivervale Drive,$900/mo
112,Common Room in 261B Punggol Way,$800/mo
113,Master Room in Hougang Green,"$1,800/mo"
114,Room in 314B Punggol Way,"$1,600/mo"
115,Master Room in 547 Hougang Street 51,$950/mo
116,Common Room in Hougang Green,"$1,300/mo"
117,Room in 305D Punggol Drive,$950/mo
118,Common Room in 142 Rivervale Crescent,"$1,200/mo"
119,Room in The Quartz,"$1,500/mo"
120,Common Room in 163A Rivervale Crescent,"$1,150/mo"
121,Master Room in Riversound Residence,"$2,600/mo"
122,Master Room in 119C Rivervale Drive,"$1,500/mo"
123,Room in 224A Compassvale Walk,"$1,000/mo"
124,Master Room in 120B Rivervale Drive,"$1,200/mo"
125,Room in 445 Hougang Avenue 8,"$2,200/mo"
126,Common Room in 111 Edgefield Plains,"$1,000/mo"
127,Common Room in 314A Punggol Way,$800/mo
128,Master Room in 102B Punggol Field,"$1,000/mo"
129,Common Room in 104B Edgefield Plains,$900/mo
130,Room in 203B Compassvale Road,$850/mo
131,Room in 104B Edgefield Plains,$900/mo
132,Common Room in 230 Compassvale Walk,$950/mo
133,Common Room in 430B Fernvale Link,$900/mo
134,Master Room in 308C Punggol Walk,"$1,800/mo"
135,Common Room in 302B Punggol Place,$850/mo
136,Room in 299 Punggol Central,"$1,200/mo"
137,Common Room in The Quartz,"$1,500/mo"
138,Common Room in Hougang Green,$800/mo
139,Common Room in 207C Compassvale Lane,"$1,000/mo"
140,Room in 122E Rivervale Drive,$900/mo
141,Common Room in 271C Punggol Walk,"$1,100/mo"
142,Common Room in 185A Rivervale Crescent,$900/mo
143,Common Room in Jewel @ Buangkok,"$1,350/mo"
144,Common Room in 622C Punggol Central,"$1,200/mo"
145,Common Room in Lush Acres,"$1,000/mo"
146,Master Room in Riversound Residence,"$2,000/mo"
147,Common Room in H2O Residences,"$1,350/mo"
148,Room in Riversound Residence,"$1,200/mo"
149,Common Room in 104B Edgefield Plains,$900/mo
150,Common Room in 559 Hougang Street 51,"$1,200/mo"
151,Common Room in 612C Punggol Drive,$950/mo
152,Room in 613D Punggol Drive,$950/mo
153,Master Room in 561 Hougang Street 51,"$1,300/mo"
154,Common Room in Waterbay,"$1,360/mo"
155,Common Room in Jewel @ Buangkok,"$1,350/mo"
156,Common Room in 105B Edgefield Plains,$950/mo
157,Common Room in 612C Punggol Drive,$850/mo
158,Master Room in 196D Punggol Field,"$1,200/mo"
159,Common Room in Waterbay,"$1,500/mo"
160,Common Room in 273B Compassvale Link,"$1,400/mo"
161,Common Room in A Treasure Trove,"$1,500/mo"
162,Room in 470B Fernvale Link,$850/mo
163,Room in 144 Rivervale Drive,"$1,600/mo"
164,Room in 268A Compassvale Link,$850/mo
165,Common Room in 227A Compassvale Drive,"$1,200/mo"
166,Common Room in 203B Compassvale Road,"$1,800/mo"
167,Common Room in 619C Punggol Drive,$850/mo
168,Room in 180C Rivervale Crescent,"$1,200/mo"
169,Common Room in 440C Fernvale Link,"$1,050/mo"
170,Room in 278B Compassvale Bow,"$2,200/mo"
171,Master Room in 303B Anchorvale Link,"$1,100/mo"
172,Room in 196C Punggol Field,"$1,300/mo"
173,Common Room in 434A Fernvale Road,$950/mo
174,Room in 175C Punggol Field,"$1,000/mo"
175,Master Room in 314B Punggol Way,"$1,400/mo"
176,Room in 117B Rivervale Drive,"$1,100/mo"
177,Master Room in 302A Anchorvale Link,"$1,600/mo"
178,Room in 299 Punggol Central,"$1,000/mo"
179,Common Room in A Treasure Trove,"$1,500/mo"
180,Common Room in 256B Sumang Walk,$900/mo
181,Common Room in A Treasure Trove,"$1,750/mo"
182,Common Room in Jewel @ Buangkok,"$1,600/mo"
183,Common Room in Parc Centros,"$2,000/mo"
184,Common Room in 162A Rivervale Crescent,$850/mo
185,Common Room in Austville Residences,"$1,500/mo"
186,Master Room in 155 Rivervale Crescent,"$1,600/mo"
187,Common Room in 207A Compassvale Lane,"$1,000/mo"
188,Common Room in 195D Punggol Road,"$1,100/mo"
189,Common Room in 186D Rivervale Drive,"$1,000/mo"
190,Master Room in Hougang Green,"$1,350/mo"
191,Master Room in 157C Rivervale Crescent,"$1,200/mo"
192,Common Room in 305D Punggol Drive,$950/mo
193,Master Room in 105A Edgefield Plains,"$1,100/mo"
194,Common Room in Austville Residences,"$1,100/mo"
195,Room in 185D Rivervale Crescent,"$1,000/mo"
196,Common Room in 268A Compassvale Link,$850/mo
197,Common Room in 451 Hougang Avenue 10,"$1,100/mo"
198,Room in 303B Anchorvale Link,$800/mo
199,Common Room in 273D Punggol Place,"$1,000/mo"
200,Common Room in 121 Rivervale Drive,$950/mo
201,Common Room in 121 Rivervale Drive,$950/mo
202,Common Room in Riversound Residence,"$1,300/mo"
203,Common Room in 103 Rivervale Walk,$800/mo
204,Room in 101A Punggol Field,"$1,500/mo"
