,Property,Price
0,Room in Kreta Ayer Conservation Area,"$2,333/mo"
1,Room in 32 Tras Street,"$3,981/mo"
2,Room in Furama City Centre Singapore,"$4,600/mo"
3,Common Room in UE Square,"$1,950/mo"
4,Common Room in People's Park Complex,"$1,200/mo"
5,Master Room in The Riverside Piazza,"$1,600/mo"
6,Master Room in Fook Hai Building,"$1,400/mo"
7,Common Room in People's Park Complex,"$1,100/mo"
8,Common Room in UE Square,"$1,950/mo"
9,Room in Furama City Centre Singapore,"$3,300/mo"
10,Common Room in The Riverside Piazza,"$1,600/mo"
11,Common Room in People's Park Complex,"$1,200/mo"
12,Common Room in People's Park Complex,"$1,699/mo"
13,Common Room in People's Park Complex,"$2,000/mo"
14,Common Room in 538 Upper Cross Street,"$1,300/mo"
15,Common Room in Emerald Garden,"$2,100/mo"
16,Common Room in Emerald Garden,"$2,300/mo"
17,Master Room in Kreta Ayer Conservation Area,"$4,620/mo"
18,Common Room in Emerald Garden,"$2,100/mo"
19,Common Room in Emerald Garden,"$2,200/mo"
20,Common Room in UE Square,"$1,950/mo"
21,Common Room in People's Park Complex,"$1,699/mo"
22,Common Room in People's Park Complex,"$1,200/mo"
23,Common Room in UE Square,"$1,950/mo"
24,Common Room in People's Park Complex,"$1,699/mo"
25,Common Room in International Plaza,"$1,700/mo"
26,Room in Emerald Garden,"$2,100/mo"
27,Master Room in Emerald Garden,"$2,850/mo"
28,Master Room in The Riverside Piazza,"$1,600/mo"
29,Room in UE Square,"$2,300/mo"
30,Common Room in People's Park Complex,"$1,050/mo"
31,Common Room in 4 Tanjong Pagar Plaza,"$1,500/mo"
32,Master Room in Emerald Garden,"$2,950/mo"
33,Common Room in Emerald Garden,"$2,100/mo"
34,Common Room in Emerald Garden,"$2,250/mo"
35,Common Room in Emerald Garden,"$2,200/mo"
36,Common Room in 333 Kreta Ayer Road,"$3,300/mo"
37,Common Room in The Riverside Piazza,"$1,800/mo"
38,Common Room in UE Square,"$2,200/mo"
39,Common Room in Emerald Garden,"$2,600/mo"
40,Common Room in Emerald Garden,"$2,100/mo"
41,Common Room in UE Square,"$2,400/mo"
42,Common Room in UE Square,"$2,100/mo"
43,Master Room in UE Square,"$2,200/mo"
44,Master Room in International Plaza,"$2,900/mo"
45,Room in One Shenton,"$5,000/mo"
46,Room in 1F Cantonment Road,"$1,800/mo"
47,Room in UE Square,"$2,000/mo"
48,Master Room in People's Park Complex,"$1,800/mo"
49,Common Room in 4 Tanjong Pagar Plaza,"$1,580/mo"
50,Common Room in 1A Cantonment Road,"$1,900/mo"
51,Common Room in 4 Tanjong Pagar Plaza,"$1,500/mo"
52,Common Room in UE Square,"$2,300/mo"
53,Common Room in UE Square,"$2,100/mo"
54,Master Room in People's Park Complex,"$1,500/mo"
55,Common Room in People's Park Complex,"$1,300/mo"
56,Room in 1 Cantonment Road,"$1,949/mo"
57,Master Room in People's Park Complex,"$1,450/mo"
58,Common Room in 1 Cantonment Road,"$1,650/mo"
59,Room in 1F Cantonment Road,"$1,850/mo"
60,Common Room in 334 Kreta Ayer Road,"$1,200/mo"
61,Room in 22 Cavenagh Road,"$3,334/mo"
62,Room in 48 Bencoolen Street,"$4,333/mo"
63,Room in OG Orchard Point,"$8,833/mo"
64,Room in 12 Queen Street,"$5,000/mo"
65,Room in Green World,"$3,167/mo"
66,Master Room in Icon,"$2,700/mo"
67,Common Room in 55 Tiong Bahru Road,"$2,000/mo"
68,Master Room in Orchard Court,"$2,000/mo"
69,Master Room in Tiara,"$2,600/mo"
70,Common Room in Central Green Condominium,"$1,950/mo"
71,Common Room in Central Green Condominium,"$1,950/mo"
72,Master Room in 142 Jalan Bukit Merah,"$1,200/mo"
73,Common Room in 2 Tanjong Pagar Plaza,"$1,500/mo"
74,Common Room in 77 Indus Road,"$1,200/mo"
75,Common Room in 2 Delta Avenue,"$1,500/mo"
76,Master Room in Peace Centre/Peace Mansion / Peace Centre,"$1,500/mo"
77,Common Room in Peace Centre/Peace Mansion / Peace Centre,"$1,100/mo"
78,Master Room in One Oxley Rise,"$2,300/mo"
79,Master Room in Former Peace Centre/Peace Mansion,"$2,500/mo"
80,Common Room in 56 Havelock Road,"$1,200/mo"
81,Common Room in The Sail @ Marina Bay,"$2,700/mo"
82,Common Room in Bencoolen House,"$1,600/mo"
83,Master Room in Orchard Court,"$2,000/mo"
84,Common Room in Euro-Asia Court,"$1,450/mo"
85,Master Room in Euro-Asia Court,"$2,600/mo"
86,Common Room in The Sail @ Marina Bay,"$2,500/mo"
87,Common Room in Spottiswoode Park,"$1,600/mo"
88,Master Room in Langston Ville,"$2,700/mo"
89,Common Room in The Sail @ Marina Bay,"$2,700/mo"
90,Master Room in The Sail @ Marina Bay,"$3,500/mo"
91,Common Room in Oleanas Residence,"$1,900/mo"
92,Common Room in Euro-Asia Court,"$1,250/mo"
93,Master Room in The Sail @ Marina Bay,"$3,500/mo"
94,Room in Skysuites @ Anson,"$3,000/mo"
95,Common Room in 144 Jalan Bukit Merah,"$1,000/mo"
96,Common Room in The Sail @ Marina Bay,"$2,500/mo"
97,Common Room in The Sail @ Marina Bay,"$2,500/mo"
98,Common Room in The Sail @ Marina Bay,"$2,500/mo"
99,Common Room in The Sail @ Marina Bay,"$2,500/mo"
100,Common Room in River Valley Court,"$1,280/mo"
101,Room in Langston Ville,"$2,700/mo"
102,Room in 4B Boon Tiong Road,"$1,300/mo"
103,Master Room in 107 Spottiswoode Park Road,"$1,600/mo"
104,Common Room in Great World City,"$1,950/mo"
105,Master Room in Mirage Tower,"$2,700/mo"
106,Common Room in Riverdale Residence,"$1,800/mo"
107,Room in Illuminaire On Devonshire,"$4,000/mo"
108,Common Room in 232 Bain Street,"$1,418/mo"
109,Common Room in Spottiswoode Park,"$1,350/mo"
110,Room in 2 Delta Avenue,"$1,400/mo"
111,Common Room in 2 Tanjong Pagar Plaza,"$1,500/mo"
112,Master Room in The Sail @ Marina Bay,"$7,000/mo"
113,Common Room in The Sail @ Marina Bay,"$2,800/mo"
114,Room in Sophia Hills,"$2,400/mo"
115,Master Room in Skysuites @ Anson,"$4,388/mo"
116,Master Room in Kai Fook Mansion,"$2,000/mo"
117,Common Room in Kai Fook Mansion,"$1,500/mo"
118,Master Room in Kai Fook Mansion,"$2,500/mo"
119,Common Room in Mirage Tower,"$1,850/mo"
120,Master Room in 22 Havelock Road,"$1,800/mo"
121,Room in V On Shenton,"$4,300/mo"
122,Common Room in Aspen Heights,"$1,500/mo"
123,Common Room in Sunshine Plaza,"$1,000/mo"
124,Common Room in Lloyd Mansion,"$2,000/mo"
125,Common Room in 22 Havelock Road,"$1,300/mo"
126,Common Room in 1557 Keppel Road,"$3,500/mo"
127,Common Room in Aspen Heights,"$1,200/mo"
128,Common Room in Yong An Park,"$1,650/mo"
129,Common Room in 22 Havelock Road,"$1,350/mo"
130,Master Room in Sophia Crest,"$2,400/mo"
131,Common Room in Tiara,"$1,000/mo"
132,Master Room in The Sail @ Marina Bay,"$3,950/mo"
133,Common Room in The Sail @ Marina Bay,"$2,750/mo"
134,Room in Raeburn Park,"$3,500/mo"
135,Master Room in The Sail @ Marina Bay,"$1,900/mo"
136,Common Room in Kellock Lodge,"$1,500/mo"
137,Common Room in 25A Jalan Membina,"$1,400/mo"
138,Common Room in Emerald Park,"$1,090/mo"
139,Master Room in 9A Boon Tiong Road,"$1,600/mo"
140,Common Room in 18 Cantonment Close,"$1,600/mo"
141,Master Room in One Oxley Rise,"$2,300/mo"
142,Master Room in Skysuites @ Anson,"$4,200/mo"
143,Common Room in The Sail @ Marina Bay,"$2,500/mo"
144,Master Room in Spottiswoode Park,"$1,200/mo"
145,Room in Skysuites @ Anson,"$4,200/mo"
146,Room in Sophia Hills,"$2,500/mo"
147,Room in Skysuites @ Anson,"$4,500/mo"
148,Master Room in 141 Jalan Bukit Merah,$800/mo
149,Master Room in 118D Jalan Membina,"$2,500/mo"
150,Common Room in Hollywood Apartments,"$1,550/mo"
151,Room in Mirage Tower,"$2,700/mo"
152,Master Room in 66 Eng Watt Street,"$2,600/mo"
153,Room in 232 Bain Street,"$1,500/mo"
154,Common Room in Kai Fook Mansion,"$1,590/mo"
155,Room in The Metz,"$5,500/mo"
156,Master Room in 38 Beo Crescent,"$2,200/mo"
157,Master Room in 118C Jalan Membina,"$1,311/mo"
158,Common Room in Hoot Kiam Mansion,"$1,700/mo"
159,Common Room in Horizon Towers,"$1,700/mo"
160,Room in 8 St Thomas,"$8,000/mo"
161,Room in OUE Twin Peaks,"$5,300/mo"
162,Room in Emerald Park,"$1,688/mo"
163,Room in V On Shenton,"$4,200/mo"
164,Room in Sophia Hills,"$2,700/mo"
165,Room in 38 Beo Crescent,"$1,300/mo"
166,Common Room in 263 Waterloo Street,"$1,400/mo"
167,Master Room in Bencoolen House,"$2,200/mo"
168,Common Room in 22 Havelock Road,$500/mo
169,Common Room in 8 Cantonment Close,"$1,600/mo"
170,Common Room in Former Peace Centre/Peace Mansion,"$2,300/mo"
171,Common Room in 2 Tanjong Pagar Plaza,"$1,900/mo"
172,Common Room in 5 Delta Avenue,"$1,100/mo"
173,Common Room in 5 Delta Avenue,$800/mo
174,Room in Skysuites @ Anson,"$4,500/mo"
