,Property,Price
0,Master Room in Parc Oasis,"$2,300/mo"
1,Master Room in Ivory Heights,"$1,500/mo"
2,Common Room in 339 Jurong East Avenue 1,"$1,000/mo"
3,Common Room in 309 Jurong East Street 32,"$1,100/mo"
4,Common Room in The Mayfair,"$1,300/mo"
5,Common Room in 172 Bukit Batok West Avenue 8,"$1,100/mo"
6,Common Room in 113 Jurong East Street 13,$800/mo
7,Common Room in 307 Jurong East Street 32,$900/mo
8,Common Room in 307 Jurong East Street 32,$900/mo
9,Room in 249 Jurong East Street 24,"$1,400/mo"
10,Common Room in Parc Oasis,"$1,300/mo"
11,Master Room in Lakeville,"$2,000/mo"
12,Common Room in 301 Jurong East Street 32,"$1,000/mo"
13,Common Room in 314 Jurong East Street 32,"$1,000/mo"
14,Master Room in Ivory Heights,"$2,000/mo"
15,Common Room in 261 Jurong East Street 24,$800/mo
16,Common Room in 307 Jurong East Street 32,$900/mo
17,Common Room in 339 Jurong East Avenue 1,$750/mo
18,Common Room in 116 Jurong East Street 13,"$1,000/mo"
19,Common Room in 489 Jurong West Avenue 1,"$1,500/mo"
20,Master Room in Ivory Heights,"$1,800/mo"
21,Master Room in Ivory Heights,"$1,400/mo"
22,Common Room in The Mayfair,"$1,250/mo"
23,Common Room in Parc Oasis,"$1,450/mo"
24,Common Room in Ivory Heights,"$1,050/mo"
25,Common Room in The Mayfair,"$1,300/mo"
26,Master Room in 303 Jurong East Street 32,"$1,300/mo"
27,Room in Parc Oasis,"$1,400/mo"
28,Common Room in The Mayfair,"$1,300/mo"
29,Common Room in 339 Jurong East Avenue 1,$750/mo
30,Common Room in Ivory Heights,"$1,300/mo"
31,Common Room in 309 Jurong East Street 32,"$1,100/mo"
32,Common Room in The Mayfair,"$1,300/mo"
33,Common Room in Lake Grande,"$1,700/mo"
34,Common Room in Parc Oasis,"$1,600/mo"
35,Common Room in 113 Jurong East Street 13,"$1,200/mo"
36,Common Room in Lakeside Tower,"$1,200/mo"
37,Common Room in 339 Jurong East Avenue 1,$800/mo
38,Common Room in 301 Jurong East Street 32,"$1,200/mo"
39,Common Room in Parc Oasis,"$1,400/mo"
40,Master Room in 238 Jurong East Street 21,"$3,500/mo"
41,Common Room in Lake Grande,"$1,800/mo"
42,Common Room in 339 Jurong East Avenue 1,$650/mo
43,Master Room in Ivory Heights,"$1,750/mo"
44,Master Room in Parc Oasis,"$1,500/mo"
45,Common Room in 113 Jurong East Street 13,$800/mo
46,Common Room in The Mayfair,"$1,250/mo"
47,Master Room in Parc Oasis,"$2,100/mo"
48,Master Room in Parc Oasis,"$2,000/mo"
49,Common Room in Westmere,"$1,550/mo"
50,Master Room in Parc Oasis,"$2,100/mo"
51,Room in 172 Bukit Batok West Avenue 8,$900/mo
52,Room in 257 Jurong East Street 24,$450/mo
53,Common Room in 108 Jurong East Street 13,"$1,100/mo"
54,Common Room in 327 Jurong East Street 31,"$1,000/mo"
55,Master Room in Ivory Heights,"$1,300/mo"
56,Common Room in Parc Oasis,"$1,300/mo"
57,Common Room in 257 Jurong East Street 24,$800/mo
58,Master Room in 259 Jurong East Street 24,"$3,500/mo"
59,Common Room in Parc Oasis,"$1,500/mo"
60,Common Room in Parc Oasis,"$1,410/mo"
61,Room in The Mayfair,"$1,770/mo"
62,Master Room in Westmere,"$1,350/mo"
63,Common Room in 107 Jurong East Street 13,$800/mo
64,Master Room in Parc Oasis,"$1,580/mo"
65,Room in 171 Bukit Batok West Avenue 8,"$1,600/mo"
66,Room in 216 Jurong East Street 21,"$1,000/mo"
67,Room in 259 Jurong East Street 24,"$2,700/mo"
68,Master Room in 226 Jurong East Street 21,"$1,400/mo"
69,Common Room in Parc Oasis,"$1,460/mo"
70,Common Room in Parc Oasis,"$1,400/mo"
71,Common Room in 303 Jurong East Street 32,"$1,000/mo"
72,Common Room in The Mayfair,"$1,770/mo"
73,Master Room in 248 Jurong East Street 24,"$1,600/mo"
74,Room in Westmere,"$2,000/mo"
75,Common Room in 339 Jurong East Avenue 1,$650/mo
76,Common Room in 339 Jurong East Avenue 1,$750/mo
77,Common Room in 339 Jurong East Avenue 1,$650/mo
78,Master Room in 301 Jurong East Street 32,"$1,400/mo"
79,Room in 211 Jurong East Street 21,"$1,000/mo"
80,Common Room in 301 Jurong East Street 32,$700/mo
81,Common Room in 339 Jurong East Avenue 1,$400/mo
82,Master Room in 229 Jurong East Street 21,"$1,800/mo"
83,Common Room in 336 Tah Ching Road,$950/mo
84,Common Room in 133 Bukit Batok West Avenue 6,$900/mo
85,Common Room in 206 Bukit Batok Street 21,"$1,100/mo"
86,Common Room in Parc Vista,"$1,450/mo"
87,Master Room in 208 Jurong East Street 21,"$1,200/mo"
88,Master Room in 164 Bukit Batok Street 11,"$2,600/mo"
89,Common Room in 164 Bukit Batok Street 11,"$2,000/mo"
90,Common Room in Lakepoint Condominium,"$1,300/mo"
91,Common Room in 134 Bukit Batok West Avenue 6,"$1,200/mo"
92,Common Room in 140A Corporation Drive,$900/mo
93,Common Room in 269 Toh Guan Road,"$1,000/mo"
94,Common Room in 352 Kang Ching Road,$800/mo
95,Common Room in 332 Jurong East Avenue 1,"$1,000/mo"
96,Common Room in 265 Toh Guan Road,"$1,200/mo"
97,Master Room in Lakepoint Condominium,"$2,050/mo"
98,Common Room in Lakepoint Condominium,"$1,450/mo"
99,Common Room in Lakepoint Condominium,"$1,250/mo"
100,Common Room in Parc Vista,"$1,450/mo"
101,Master Room in 161 Bukit Batok Street 11,"$1,200/mo"
102,Common Room in 348 Kang Ching Road,"$1,000/mo"
103,Master Room in Lake Life,"$1,500/mo"
104,Common Room in 533 Jurong West Street 52,$900/mo
105,Master Room in The Jade,"$2,000/mo"
106,Room in The Lakefront Residences,"$1,750/mo"
107,Common Room in Parc Vista,"$1,380/mo"
108,Common Room in 523 Jurong West Street 52,$850/mo
109,Master Room in 555 Jurong West Street 42,"$1,350/mo"
110,Common Room in 279 Toh Guan Road,"$1,500/mo"
111,Master Room in 288C Jurong East Street 21,"$1,600/mo"
112,Common Room in 365 Corporation Drive,"$1,000/mo"
113,Room in 517C Jurong West Street 52,"$1,100/mo"
114,Common Room in 164 Bukit Batok Street 11,"$2,000/mo"
115,Master Room in 164 Bukit Batok Street 11,"$2,600/mo"
116,Room in 205 Jurong East Street 21,"$1,400/mo"
117,Common Room in 450C Bukit Batok West Avenue 6,"$1,000/mo"
118,Room in Parc Vista,"$1,450/mo"
119,Room in Parc Vista,"$1,450/mo"
120,Room in Parc Vista,"$1,550/mo"
121,Common Room in Parc Vista,"$1,280/mo"
122,Common Room in Lakeside Grove,"$1,250/mo"
123,Common Room in 419 Jurong West Street 42,$800/mo
124,Room in Parc Vista,"$1,550/mo"
125,Room in Parc Vista,"$1,450/mo"
126,Common Room in 503 Jurong West Avenue 1,"$1,500/mo"
127,Room in 140A Corporation Drive,"$1,200/mo"
128,Common Room in 425 Jurong West Avenue 1,$850/mo
129,Master Room in 517D Jurong West Street 52,"$1,200/mo"
130,Common Room in 189 Bukit Batok West Avenue 6,$998/mo
131,Master Room in 296A Bukit Batok Street 22,"$1,999/mo"
132,Room in 422 Jurong West Street 42,$900/mo
133,Room in Lakeside Grove,"$1,250/mo"
134,Common Room in 521 Jurong West Street 52,$900/mo
135,Room in The Jade,"$1,250/mo"
136,Common Room in 458 Jurong West Street 41,"$1,200/mo"
137,Common Room in 402 Jurong West Street 42,$900/mo
138,Common Room in The Lakefront Residences,"$1,450/mo"
139,Room in Parc Vista,"$2,400/mo"
140,Common Room in 208 Jurong East Street 21,"$1,300/mo"
141,Common Room in Lakeside Grove,"$2,000/mo"
142,Common Room in 409 Jurong West Street 42,$900/mo
143,Common Room in Lakepoint Condominium,"$1,200/mo"
144,Common Room in 561A Jurong West Street 42,$950/mo
145,Master Room in 283 Toh Guan Road,"$1,200/mo"
146,Common Room in 276 Toh Guan Road,$750/mo
147,Common Room in 461B Bukit Batok West Avenue 8,$780/mo
148,Common Room in 244 Jurong East Street 24,$900/mo
149,Common Room in 352 Kang Ching Road,$800/mo
150,Master Room in 361 Yung An Road,"$1,100/mo"
151,Common Room in 409 Jurong West Street 42,"$1,350/mo"
152,Common Room in 332 Jurong East Avenue 1,"$1,200/mo"
153,Room in Lakepoint Condominium,"$1,300/mo"
154,Master Room in 460 Jurong West Street 41,"$1,500/mo"
155,Common Room in 116 Bukit Batok West Avenue 6,$750/mo
156,Common Room in 445A Bukit Batok West Avenue 8,"$1,000/mo"
157,Master Room in 208 Jurong East Street 21,"$1,200/mo"
158,Common Room in 363 Yung An Road,$800/mo
159,Common Room in 439B Bukit Batok West Avenue 8,$950/mo
160,Common Room in 417 Jurong West Street 42,$850/mo
161,Common Room in 285A Toh Guan Road,"$1,000/mo"
162,Master Room in 146 Bukit Batok West Avenue 6,"$1,100/mo"
163,Common Room in 176 Bukit Batok West Avenue 8,$999/mo
164,Room in 114 Ho Ching Road,"$1,000/mo"
165,Room in 264 Jurong East Street 24,"$1,200/mo"
166,Room in Lakeholmz,"$1,450/mo"
167,Room in 206 Boon Lay Drive,$850/mo
168,Room in 436 Jurong West Avenue 1,"$1,000/mo"
169,Room in 414 Jurong West Street 42,$800/mo
170,Room in 164 Bukit Batok Street 11,"$2,000/mo"
171,Common Room in 365 Corporation Drive,"$1,000/mo"
172,Room in 321 Tah Ching Road,$850/mo
173,Common Room in 457 Jurong West Street 41,$800/mo
174,Common Room in The Jade,"$1,400/mo"
175,Common Room in J Gateway,"$1,480/mo"
176,Room in 134 Bukit Batok West Avenue 6,"$1,000/mo"
177,Room in 138 Bukit Batok West Avenue 6,"$1,000/mo"
178,Common Room in The Lakefront Residences,"$1,200/mo"
179,Master Room in 439B Bukit Batok West Avenue 8,"$1,999/mo"
180,Room in 523 Jurong West Street 52,$850/mo
181,Room in J Gateway,"$6,500/mo"
182,Room in The Lakeshore,"$1,700/mo"
183,Common Room in 161 Yung Ping Road,"$1,300/mo"
184,Common Room in The Jade,"$1,460/mo"
185,Master Room in 131 Bukit Batok West Avenue 6,"$1,200/mo"
186,Common Room in 273 Toh Guan Road,"$1,200/mo"
187,Common Room in 448C Bukit Batok West Avenue 9,$900/mo
188,Common Room in Corporation Road,"$1,650/mo"
189,Room in The Lakefront Residences,"$1,300/mo"
190,Common Room in 202 Bukit Batok Street 21,$960/mo
191,Common Room in The Lakeshore,"$1,300/mo"
192,Room in 120 Ho Ching Road,"$1,100/mo"
193,Room in 472 Jurong West Street 41,"$2,500/mo"
194,Master Room in 561B Jurong West Street 42,"$1,350/mo"
195,Room in 338A Tah Ching Road,"$1,200/mo"
196,Room in 131 Bukit Batok West Avenue 6,"$1,000/mo"
197,Common Room in 204 Boon Lay Drive,"$1,300/mo"
198,Common Room in 332 Jurong East Avenue 1,$950/mo
199,Room in 161 Bukit Batok Street 11,"$1,200/mo"
200,Room in 202 Bukit Batok Street 21,$999/mo
201,Common Room in The Jade,"$1,300/mo"
202,Common Room in Lakepoint Condominium,"$1,300/mo"
203,Common Room in 279 Toh Guan Road,$800/mo
204,Common Room in 352 Kang Ching Road,$800/mo
205,Master Room in 240 Jurong East Street 21,$900/mo
206,Room in 361 Yung An Road,"$1,500/mo"
207,Room in 177 Yung Sheng Road,"$1,500/mo"
208,Room in 419 Jurong West Street 42,$850/mo
209,Common Room in 419 Jurong West Street 42,$800/mo
