,Property,Price
0,Common Room in Northvale,"$1,300/mo"
1,Common Room in 230 Choa Chu Kang Central,$700/mo
2,Master Room in 704 Choa Chu Kang Street 53,"$1,000/mo"
3,Common Room in 212 Choa Chu Kang Central,"$1,200/mo"
4,Common Room in 354 Choa Chu Kang Central,"$1,000/mo"
5,Common Room in 230 Choa Chu Kang Central,$800/mo
6,Common Room in 758 Choa Chu Kang North 5,$850/mo
7,Common Room in Northvale,"$1,200/mo"
8,Common Room in 132 Choa Chu Kang Avenue 1,$900/mo
9,Common Room in 307 Choa Chu Kang Avenue 4,"$1,300/mo"
10,Common Room in 205 Choa Chu Kang Central,$850/mo
11,Common Room in 132 Choa Chu Kang Avenue 1,$900/mo
12,Room in 506 Choa Chu Kang Street 51,$900/mo
13,Master Room in 118 Teck Whye Lane,"$1,700/mo"
14,Master Room in The Warren,"$1,800/mo"
15,Room in 284 Choa Chu Kang Avenue 3,$950/mo
16,Common Room in 119 Teck Whye Lane,$700/mo
17,Common Room in Wandervale,$900/mo
18,Common Room in 296 Choa Chu Kang Avenue 2,$600/mo
19,Common Room in 345 Choa Chu Kang Loop,"$1,800/mo"
20,Common Room in Mi Casa,"$1,400/mo"
21,Common Room in Northvale,"$1,290/mo"
22,Common Room in 762 Choa Chu Kang North 5,$850/mo
23,Master Room in 432 Choa Chu Kang Avenue 4,"$1,500/mo"
24,Master Room in 3 Teck Whye Avenue,$850/mo
25,Common Room in 354 Choa Chu Kang Central,$700/mo
26,Room in The Warren,"$1,600/mo"
27,Master Room in 307 Choa Chu Kang Avenue 4,"$1,450/mo"
28,Common Room in 211 Choa Chu Kang Central,$850/mo
29,Common Room in 211 Choa Chu Kang Central,$850/mo
30,Common Room in The Rainforest,"$1,250/mo"
31,Room in 503 Choa Chu Kang Street 51,"$1,100/mo"
32,Room in 446 Choa Chu Kang Avenue 4,$800/mo
33,Common Room in 288 Choa Chu Kang Avenue 3,$800/mo
34,Room in 233 Choa Chu Kang Central,$900/mo
35,Common Room in Northvale,"$1,160/mo"
36,Common Room in Northvale,"$1,390/mo"
37,Common Room in Northvale,$950/mo
38,Master Room in 571 Choa Chu Kang Street 52,"$1,200/mo"
39,Master Room in 227 Choa Chu Kang Central,"$1,500/mo"
40,Common Room in Wandervale,"$1,050/mo"
41,Common Room in Northvale,"$1,200/mo"
42,Common Room in 445 Choa Chu Kang Avenue 4,$900/mo
43,Room in 123 Teck Whye Lane,$750/mo
44,Room in 214 Choa Chu Kang Central,"$1,000/mo"
45,Room in 550 Choa Chu Kang Street 52,"$1,100/mo"
46,Common Room in 209 Choa Chu Kang Central,"$1,050/mo"
47,Common Room in 411 Choa Chu Kang Avenue 3,"$1,200/mo"
48,Room in The Rainforest,"$2,800/mo"
49,Common Room in 284 Choa Chu Kang Avenue 3,$850/mo
50,Master Room in 345 Choa Chu Kang Loop,"$1,500/mo"
51,Common Room in 446 Choa Chu Kang Avenue 4,$800/mo
52,Common Room in 619 Choa Chu Kang North 7,$800/mo
53,Master Room in 11 Teck Whye Lane,"$1,200/mo"
54,Common Room in Sol Acres,"$1,300/mo"
55,Common Room in 606 Senja Road,$800/mo
56,Common Room in 476C Choa Chu Kang Avenue 5,"$1,100/mo"
57,Common Room in 488B Choa Chu Kang Avenue 5,$750/mo
58,Common Room in 631 Senja Road,"$1,100/mo"
59,Common Room in Regent Grove,"$1,600/mo"
60,Common Room in 802B Keat Hong Close,$900/mo
61,Common Room in 641A Senja Close,$900/mo
62,Master Room in Phoenix Heights,"$2,200/mo"
63,Master Room in 476B Choa Chu Kang Avenue 5,"$1,600/mo"
64,Common Room in 677 Choa Chu Kang Crescent,$900/mo
65,Common Room in 484C Choa Chu Kang Avenue 5,$800/mo
66,Common Room in iNZ Residence,"$1,250/mo"
67,Common Room in 489D Choa Chu Kang Avenue 5,$950/mo
68,Common Room in 767 Choa Chu Kang Street 54,"$1,000/mo"
69,Master Room in Sol Acres,"$1,180/mo"
70,Master Room in 605 Choa Chu Kang Street 62,"$1,200/mo"
71,Master Room in Regent Grove,"$1,600/mo"
72,Common Room in 801C Keat Hong Close,$850/mo
73,Common Room in Yew Mei Green,"$1,400/mo"
74,Common Room in Regent Grove,$850/mo
75,Common Room in 809B Choa Chu Kang Avenue 1,"$1,000/mo"
76,Common Room in 805B Keat Hong Close,$800/mo
77,Common Room in 629 Senja Road,$900/mo
78,Common Room in 681 Choa Chu Kang Crescent,$950/mo
79,Common Room in The Windermere,"$1,100/mo"
80,Room in Sol Acres,"$1,400/mo"
81,Room in 815B Choa Chu Kang Avenue 7,$850/mo
82,Room in 154 Jalan Teck Whye,$850/mo
83,Common Room in 154 Jalan Teck Whye,$850/mo
84,Common Room in Sol Acres,"$1,180/mo"
85,Common Room in 633A Senja Road,$900/mo
86,Common Room in 808C Choa Chu Kang Avenue 1,$890/mo
87,Room in Regent Grove,"$1,750/mo"
88,Common Room in 682 Choa Chu Kang Crescent,"$1,200/mo"
89,Room in 611 Bukit Panjang Ring Road,"$1,700/mo"
90,Common Room in Hillsta,"$1,400/mo"
91,Common Room in 110 Teck Whye Lane,$750/mo
92,Common Room in The Quintet,"$1,500/mo"
93,Room in 670A Choa Chu Kang Crescent,$950/mo
94,Common Room in 631 Senja Road,"$1,000/mo"
95,Common Room in 460 Choa Chu Kang Avenue 4,"$1,200/mo"
96,Common Room in 14 Teck Whye Lane,$900/mo
97,Common Room in Nicon Gardens,"$1,900/mo"
98,Master Room in 120 Teck Whye Lane,"$1,800/mo"
99,Common Room in 620 Bukit Panjang Ring Road,"$1,000/mo"
100,Master Room in Pavilion Park,"$2,200/mo"
101,Common Room in 816B Keat Hong Link,$800/mo
102,Master Room in 13 Teck Whye Lane,$850/mo
103,Common Room in 620 Bukit Panjang Ring Road,"$1,000/mo"
104,Common Room in 640 Choa Chu Kang Street 64,$900/mo
105,Common Room in 11 Teck Whye Lane,$900/mo
106,Common Room in 805D Keat Hong Close,"$1,200/mo"
107,Common Room in 817B Keat Hong Link,$700/mo
108,Common Room in 120 Teck Whye Lane,"$1,800/mo"
109,Common Room in 801C Keat Hong Close,$900/mo
110,Master Room in 767 Choa Chu Kang Street 54,"$1,000/mo"
111,Common Room in Yew Mei Green,"$1,500/mo"
112,Room in 611 Bukit Panjang Ring Road,"$1,300/mo"
113,Master Room in iNZ Residence,"$1,500/mo"
114,Master Room in 484B Choa Chu Kang Avenue 5,"$1,000/mo"
115,Common Room in 449 Choa Chu Kang Avenue 4,"$1,000/mo"
116,Common Room in Regent Grove,"$1,350/mo"
117,Master Room in The Quintet,"$1,800/mo"
118,Master Room in 640 Choa Chu Kang Street 64,"$1,200/mo"
119,Room in 789 Choa Chu Kang North 6,$800/mo
120,Room in Yew Mei Green,"$1,800/mo"
121,Room in Regent Grove,"$1,400/mo"
122,Room in Regent Grove,"$1,950/mo"
123,Room in 636B Senja Road,$990/mo
124,Common Room in Regent Grove,"$1,050/mo"
125,Common Room in Regent Grove,"$1,250/mo"
126,Room in 487A Choa Chu Kang Avenue 5,$800/mo
127,Room in 663 Choa Chu Kang Crescent,$850/mo
128,Room in 804A Keat Hong Close,"$1,200/mo"
129,Common Room in 659 Choa Chu Kang Crescent,$900/mo
130,Master Room in Regent Grove,"$1,100/mo"
131,Room in 622 Senja Road,$900/mo
132,Common Room in Regent Grove,"$1,300/mo"
133,Common Room in Regent Grove,"$1,150/mo"
134,Master Room in Phoenix Heights,"$2,200/mo"
135,Master Room in 113 Teck Whye Lane,"$1,500/mo"
136,Common Room in 484B Choa Chu Kang Avenue 5,$800/mo
137,Room in 632 Choa Chu Kang North 6,"$1,000/mo"
138,Common Room in Regent Grove,"$1,450/mo"
139,Room in 631 Senja Road,"$1,000/mo"
140,Common Room in Regent Grove,"$1,150/mo"
141,Master Room in 11 Teck Whye Lane,$900/mo
142,Common Room in Regent Grove,"$1,450/mo"
143,Common Room in iNZ Residence,"$1,000/mo"
144,Common Room in Regent Grove,"$1,100/mo"
145,Master Room in Yew Mei Green,"$1,600/mo"
146,Master Room in The Windermere,"$1,600/mo"
147,Common Room in 110 Teck Whye Lane,$700/mo
148,Common Room in 803A Keat Hong Close,$850/mo
149,Common Room in 629 Senja Road,$900/mo
150,Common Room in 674 Choa Chu Kang Crescent,$900/mo
151,Room in 611 Bukit Panjang Ring Road,$900/mo
152,Master Room in 691A Choa Chu Kang Crescent,$850/mo
153,Common Room in Regent Grove,"$1,100/mo"
154,Master Room in 810A Choa Chu Kang Avenue 7,"$1,100/mo"
155,Room in 630 Senja Road,"$1,000/mo"
156,Room in 818B Choa Chu Kang Avenue 1,"$1,000/mo"
157,Common Room in 691A Choa Chu Kang Crescent,"$1,000/mo"
158,Common Room in 11 Teck Whye Lane,$900/mo
159,Common Room in Pavilion Park,"$1,500/mo"
160,Common Room in 105 Teck Whye Lane,$850/mo
161,Common Room in 601 Choa Chu Kang Street 62,$900/mo
