,Property,Price
0,Room in 22 Cavenagh Road,"$3,334/mo"
1,Room in 48 Bencoolen Street,"$4,333/mo"
2,Room in Kreta Ayer Conservation Area,"$2,333/mo"
3,Room in 32 Tras Street,"$3,981/mo"
4,Room in Furama City Centre Singapore,"$4,600/mo"
5,Room in OG Orchard Point,"$8,833/mo"
6,Room in 12 Queen Street,"$5,000/mo"
7,Room in Green World,"$3,167/mo"
8,Room in Far East Plaza,"$1,667/mo"
9,Room in Jalan Besar,"$2,940/mo"
10,"$2,940/mo","$1,950/mo"
11,Master Room in Burlington Square,"$2,500/mo"
12,Common Room in Sunshine Plaza,"$1,000/mo"
13,Common Room in Burlington Square,"$1,400/mo"
14,Room in 269B Queen Street,"$1,400/mo"
15,Common Room in Burlington Square,"$1,900/mo"
16,Master Room in Burlington Square,"$2,600/mo"
17,Room in Burlington Square,"$1,800/mo"
18,Common Room in Burlington Square,"$1,800/mo"
19,Master Room in Burlington Square,"$2,600/mo"
20,Room in 232 Bain Street,"$1,500/mo"
21,Master Room in 75BR,"$4,200/mo"
22,Common Room in 263 Waterloo Street,"$1,400/mo"
23,Master Room in Bencoolen House,"$2,200/mo"
24,Master Room in Beach Road Conservation Area,"$3,800/mo"
25,Common Room in Former Peace Centre/Peace Mansion,"$2,300/mo"
26,Room in The Bencoolen,"$2,600/mo"
27,Room in 22 Cavenagh Road,"$3,334/mo"
28,Room in Kreta Ayer Conservation Area,"$2,333/mo"
29,Room in 32 Tras Street,"$3,981/mo"
30,Room in Furama City Centre Singapore,"$4,600/mo"
31,Room in OG Orchard Point,"$8,833/mo"
32,Common Room in Top Ten,"$2,300/mo"
33,Master Room in Orchard Court,"$2,000/mo"
34,Common Room in UE Square,"$1,950/mo"
35,Common Room in People's Park Complex,"$1,200/mo"
36,Master Room in The Plaza,"$3,500/mo"
37,Common Room in The Plaza,"$2,800/mo"
38,Master Room in 813 Jellicoe Road,"$1,500/mo"
39,Master Room in The Riverside Piazza,"$1,600/mo"
40,Common Room in 2 Beach Road,"$1,500/mo"
41,Master Room in Fook Hai Building,"$1,400/mo"
42,Master Room in Emerald Hill Conservation Area,"$2,000/mo"
43,Common Room in People's Park Complex,"$1,100/mo"
44,Master Room in One Oxley Rise,"$2,300/mo"
45,Common Room in UE Square,"$1,950/mo"
46,Common Room in The Sail @ Marina Bay,"$2,700/mo"
47,Room in Furama City Centre Singapore,"$3,300/mo"
48,Master Room in Orchard Court,"$2,000/mo"
49,Common Room in 668 Chander Road,"$2,800/mo"
50,Common Room in The Riverside Piazza,"$1,600/mo"
51,Common Room in Cavenagh Gardens,"$1,100/mo"
52,Common Room in People's Park Complex,"$1,200/mo"
53,Common Room in People's Park Complex,"$1,699/mo"
54,Common Room in People's Park Complex,"$2,000/mo"
55,Common Room in Euro-Asia Court,"$1,450/mo"
56,Master Room in Euro-Asia Court,"$2,600/mo"
57,Common Room in 538 Upper Cross Street,"$1,300/mo"
58,Common Room in The Sail @ Marina Bay,"$2,500/mo"
59,Common Room in Emerald Garden,"$2,100/mo"
60,Common Room in Emerald Garden,"$2,300/mo"
61,Master Room in Langston Ville,"$2,700/mo"
62,Common Room in The Sail @ Marina Bay,"$2,700/mo"
63,Master Room in The Sail @ Marina Bay,"$3,500/mo"
64,Common Room in Oleanas Residence,"$1,900/mo"
65,Common Room in Euro-Asia Court,"$1,250/mo"
66,Master Room in Kreta Ayer Conservation Area,"$4,620/mo"
67,Master Room in The Sail @ Marina Bay,"$3,500/mo"
68,Common Room in Emerald Garden,"$2,100/mo"
69,Common Room in Emerald Garden,"$2,200/mo"
70,Common Room in The Sail @ Marina Bay,"$2,500/mo"
71,Common Room in The Sail @ Marina Bay,"$2,500/mo"
72,Common Room in UE Square,"$1,950/mo"
73,Common Room in The Sail @ Marina Bay,"$2,500/mo"
74,Common Room in The Sail @ Marina Bay,"$2,500/mo"
75,Common Room in People's Park Complex,"$1,699/mo"
76,Common Room in People's Park Complex,"$1,200/mo"
77,Common Room in UE Square,"$1,950/mo"
78,Common Room in River Valley Court,"$1,280/mo"
79,Common Room in Cavenagh Gardens,"$1,480/mo"
80,Common Room in People's Park Complex,"$1,699/mo"
81,Common Room in Sultan Gate Place,"$1,150/mo"
82,Master Room in Jalan Besar Plaza,"$2,500/mo"
83,Room in 668 Chander Road,"$1,488/mo"
84,Room in Emerald Garden,"$2,100/mo"
85,Room in Langston Ville,"$2,700/mo"
86,Master Room in Emerald Garden,"$2,850/mo"
87,Master Room in The Riverside Piazza,"$1,600/mo"
88,Master Room in 813 Jellicoe Road,"$1,300/mo"
89,Room in UE Square,"$2,300/mo"
90,Common Room in Riverdale Residence,"$1,800/mo"
91,Room in Illuminaire On Devonshire,"$4,000/mo"
92,Common Room in People's Park Complex,"$1,050/mo"
93,Master Room in Cavenagh Gardens,"$1,300/mo"
94,Common Room in Race Course Mansion,"$1,600/mo"
95,Master Room in Emerald Garden,"$2,950/mo"
96,Common Room in Little India Conservation Area,"$6,500/mo"
97,Common Room in Emerald Garden,"$2,100/mo"
98,Common Room in Emerald Garden,"$2,250/mo"
99,Common Room in Emerald Garden,"$2,200/mo"
100,Common Room in 333 Kreta Ayer Road,"$3,300/mo"
101,Room in 466 Crawford Lane,"$1,100/mo"
102,Common Room in The Riverside Piazza,"$1,800/mo"
103,Common Room in UE Square,"$2,200/mo"
104,Master Room in The Sail @ Marina Bay,"$7,000/mo"
105,Common Room in The Sail @ Marina Bay,"$2,800/mo"
106,Common Room in Emerald Garden,"$2,600/mo"
107,Common Room in Emerald Garden,"$2,100/mo"
108,Room in Sophia Hills,"$2,400/mo"
109,Common Room in Niven Road,"$1,200/mo"
110,Room in V On Shenton,"$4,300/mo"
111,Common Room in Aspen Heights,"$1,500/mo"
112,Common Room in Lloyd Mansion,"$2,000/mo"
113,Common Room in Aspen Heights,"$1,200/mo"
114,Common Room in Yong An Park,"$1,650/mo"
115,Master Room in Sophia Crest,"$2,400/mo"
116,Common Room in UE Square,"$2,400/mo"
117,Common Room in UE Square,"$2,100/mo"
118,Master Room in Little India Conservation Area,"$2,000/mo"
119,Master Room in The Sail @ Marina Bay,"$3,950/mo"
120,Common Room in The Sail @ Marina Bay,"$2,750/mo"
121,Common Room in 813 Jellicoe Road,"$1,500/mo"
122,Common Room in Wilkie Court,"$1,250/mo"
123,Master Room in UE Square,"$2,200/mo"
124,Master Room in The Sail @ Marina Bay,"$1,900/mo"
125,Room in One Shenton,"$5,000/mo"
126,Room in 26 Jalan Berseh,"$1,278/mo"
127,Common Room in 26 Jalan Berseh,"$1,200/mo"
128,Room in Mackenzie 88,"$3,500/mo"
129,Master Room in One Oxley Rise,"$2,300/mo"
130,Common Room in The Sail @ Marina Bay,"$2,500/mo"
131,Room in UE Square,"$2,000/mo"
132,Room in Sophia Hills,"$2,500/mo"
133,Common Room in The Mkz,"$1,680/mo"
134,Master Room in People's Park Complex,"$1,800/mo"
135,Common Room in Hollywood Apartments,"$1,550/mo"
136,Room in Wilkie Apartments,"$2,350/mo"
137,Common Room in UE Square,"$2,300/mo"
138,Common Room in UE Square,"$2,100/mo"
139,Room in 12 North Bridge Road,"$1,200/mo"
140,Master Room in People's Park Complex,"$1,500/mo"
141,Master Room in 641 Rowell Road,"$2,200/mo"
142,Common Room in People's Park Complex,"$1,300/mo"
143,Room in The Metz,"$5,500/mo"
144,Master Room in Liv On Wilkie,"$2,500/mo"
145,Common Room in 641 Rowell Road,"$1,700/mo"
146,Common Room in 642 Rowell Road,"$1,400/mo"
147,Master Room in People's Park Complex,"$1,450/mo"
148,Room in 8 Selegie Road,"$1,200/mo"
149,Common Room in Race Course Mansion,"$1,800/mo"
150,Room in 8 St Thomas,"$8,000/mo"
151,Room in Cairnhill Nine,"$8,000/mo"
152,Room in V On Shenton,"$4,200/mo"
153,Room in Sophia Hills,"$2,700/mo"
154,Room in 813 Jellicoe Road,"$1,500/mo"
155,Common Room in 334 Kreta Ayer Road,"$1,200/mo"
156,Common Room in Cavenagh Gardens,"$1,680/mo"
