,Property,Price
0,Room in Kreta Ayer Conservation Area,"$2,333/mo"
1,Room in Furama City Centre Singapore,"$4,600/mo"
2,Common Room in UE Square,"$1,950/mo"
3,Common Room in People's Park Complex,"$1,200/mo"
4,Master Room in The Riverside Piazza,"$1,600/mo"
5,Master Room in Fook Hai Building,"$1,400/mo"
6,Common Room in People's Park Complex,"$1,100/mo"
7,Common Room in UE Square,"$1,950/mo"
8,Room in Furama City Centre Singapore,"$3,300/mo"
9,Common Room in The Riverside Piazza,"$1,600/mo"
10,Common Room in People's Park Complex,"$1,200/mo"
11,Common Room in People's Park Complex,"$1,699/mo"
12,Common Room in People's Park Complex,"$2,000/mo"
13,Common Room in 538 Upper Cross Street,"$1,300/mo"
14,Common Room in Emerald Garden,"$2,100/mo"
15,Common Room in Emerald Garden,"$2,300/mo"
16,Master Room in Kreta Ayer Conservation Area,"$4,620/mo"
17,Common Room in Emerald Garden,"$2,100/mo"
18,Common Room in Emerald Garden,"$2,200/mo"
19,Common Room in UE Square,"$1,950/mo"
20,Common Room in People's Park Complex,"$1,699/mo"
21,Common Room in People's Park Complex,"$1,200/mo"
22,Common Room in UE Square,"$1,950/mo"
23,Common Room in People's Park Complex,"$1,699/mo"
24,Room in Emerald Garden,"$2,100/mo"
25,Master Room in Emerald Garden,"$2,850/mo"
26,Master Room in The Riverside Piazza,"$1,600/mo"
27,Room in UE Square,"$2,300/mo"
28,Common Room in People's Park Complex,"$1,050/mo"
29,Master Room in Emerald Garden,"$2,950/mo"
30,Common Room in Emerald Garden,"$2,100/mo"
31,Common Room in Emerald Garden,"$2,250/mo"
32,Common Room in Emerald Garden,"$2,200/mo"
33,Common Room in 333 Kreta Ayer Road,"$3,300/mo"
34,Common Room in The Riverside Piazza,"$1,800/mo"
35,Common Room in UE Square,"$2,200/mo"
36,Common Room in Emerald Garden,"$2,600/mo"
37,Common Room in Emerald Garden,"$2,100/mo"
38,Common Room in Aspen Heights,"$1,500/mo"
39,Common Room in Aspen Heights,"$1,200/mo"
40,Common Room in UE Square,"$2,400/mo"
41,Common Room in UE Square,"$2,100/mo"
42,Master Room in UE Square,"$2,200/mo"
43,Room in UE Square,"$2,000/mo"
44,Master Room in People's Park Complex,"$1,800/mo"
45,Common Room in Hollywood Apartments,"$1,550/mo"
46,Common Room in UE Square,"$2,300/mo"
47,Common Room in UE Square,"$2,100/mo"
48,Master Room in People's Park Complex,"$1,500/mo"
49,Common Room in People's Park Complex,"$1,300/mo"
50,Master Room in People's Park Complex,"$1,450/mo"
51,Common Room in 334 Kreta Ayer Road,"$1,200/mo"
52,Room in 22 Cavenagh Road,"$3,334/mo"
53,Room in 48 Bencoolen Street,"$4,333/mo"
54,Room in 32 Tras Street,"$3,981/mo"
55,Room in OG Orchard Point,"$8,833/mo"
56,Room in 12 Queen Street,"$5,000/mo"
57,Room in Green World,"$3,167/mo"
58,Master Room in Icon,"$2,700/mo"
59,Common Room in 55 Tiong Bahru Road,"$2,000/mo"
60,Common Room in Top Ten,"$2,300/mo"
61,Master Room in Orchard Court,"$2,000/mo"
62,Master Room in Tiara,"$2,600/mo"
63,Common Room in 2 Tanjong Pagar Plaza,"$1,500/mo"
64,Master Room in Emerald Hill Conservation Area,"$2,000/mo"
65,Master Room in Peace Centre/Peace Mansion / Peace Centre,"$1,500/mo"
66,Common Room in Peace Centre/Peace Mansion / Peace Centre,"$1,100/mo"
67,Master Room in One Oxley Rise,"$2,300/mo"
68,Master Room in Former Peace Centre/Peace Mansion,"$2,500/mo"
69,Common Room in 56 Havelock Road,"$1,200/mo"
70,Common Room in The Sail @ Marina Bay,"$2,700/mo"
71,Common Room in Bencoolen House,"$1,600/mo"
72,Master Room in Orchard Court,"$2,000/mo"
73,Common Room in Cavenagh Gardens,"$1,100/mo"
74,Common Room in Euro-Asia Court,"$1,450/mo"
75,Master Room in Euro-Asia Court,"$2,600/mo"
76,Common Room in The Sail @ Marina Bay,"$2,500/mo"
77,Master Room in Langston Ville,"$2,700/mo"
78,Common Room in The Sail @ Marina Bay,"$2,700/mo"
79,Master Room in The Sail @ Marina Bay,"$3,500/mo"
80,Common Room in Oleanas Residence,"$1,900/mo"
81,Common Room in Euro-Asia Court,"$1,250/mo"
82,Master Room in Burlington Square,"$2,500/mo"
83,Common Room in Burlington Square,"$1,900/mo"
84,Master Room in The Sail @ Marina Bay,"$3,500/mo"
85,Room in Skysuites @ Anson,"$3,000/mo"
86,Common Room in The Sail @ Marina Bay,"$2,500/mo"
87,Common Room in The Sail @ Marina Bay,"$2,500/mo"
88,Common Room in The Sail @ Marina Bay,"$2,500/mo"
89,Common Room in The Sail @ Marina Bay,"$2,500/mo"
90,Common Room in River Valley Court,"$1,280/mo"
91,Common Room in Cavenagh Gardens,"$1,480/mo"
92,Common Room in International Plaza,"$1,700/mo"
93,Room in Duo Residences / Duo Tower,"$4,499/mo"
94,Room in Langston Ville,"$2,700/mo"
95,Room in 4B Boon Tiong Road,"$1,300/mo"
96,Common Room in Great World City,"$1,950/mo"
97,Master Room in Mirage Tower,"$2,700/mo"
98,Common Room in Riverdale Residence,"$1,800/mo"
99,Room in Illuminaire On Devonshire,"$4,000/mo"
100,Common Room in 4 Tanjong Pagar Plaza,"$1,500/mo"
101,Master Room in Cavenagh Gardens,"$1,300/mo"
102,Common Room in 232 Bain Street,"$1,418/mo"
103,Common Room in The Bencoolen,"$1,950/mo"
104,Master Room in Burlington Square,"$2,500/mo"
105,Common Room in 2 Tanjong Pagar Plaza,"$1,500/mo"
106,Master Room in The Sail @ Marina Bay,"$7,000/mo"
107,Common Room in The Sail @ Marina Bay,"$2,800/mo"
108,Room in Sophia Hills,"$2,400/mo"
109,Master Room in Skysuites @ Anson,"$4,388/mo"
110,Master Room in Kai Fook Mansion,"$2,000/mo"
111,Common Room in Kai Fook Mansion,"$1,500/mo"
112,Master Room in Kai Fook Mansion,"$2,500/mo"
113,Common Room in Mirage Tower,"$1,850/mo"
114,Master Room in 22 Havelock Road,"$1,800/mo"
115,Common Room in Niven Road,"$1,200/mo"
116,Room in V On Shenton,"$4,300/mo"
117,Common Room in Sunshine Plaza,"$1,000/mo"
118,Common Room in Burlington Square,"$1,400/mo"
119,Common Room in Lloyd Mansion,"$2,000/mo"
120,Common Room in 22 Havelock Road,"$1,300/mo"
121,Common Room in 1557 Keppel Road,"$3,500/mo"
122,Room in 269B Queen Street,"$1,400/mo"
123,Common Room in Yong An Park,"$1,650/mo"
124,Common Room in 22 Havelock Road,"$1,350/mo"
125,Master Room in Sophia Crest,"$2,400/mo"
126,Common Room in Burlington Square,"$1,900/mo"
127,Master Room in Burlington Square,"$2,600/mo"
128,Common Room in Tiara,"$1,000/mo"
129,Master Room in The Sail @ Marina Bay,"$3,950/mo"
130,Common Room in The Sail @ Marina Bay,"$2,750/mo"
131,Room in Burlington Square,"$1,800/mo"
132,Common Room in Wilkie Court,"$1,250/mo"
133,Common Room in Burlington Square,"$1,800/mo"
134,Master Room in International Plaza,"$2,900/mo"
135,Master Room in Burlington Square,"$2,600/mo"
136,Master Room in The Sail @ Marina Bay,"$1,900/mo"
137,Room in One Shenton,"$5,000/mo"
138,Common Room in Emerald Park,"$1,090/mo"
139,Common Room in 18 Cantonment Close,"$1,600/mo"
140,Master Room in One Oxley Rise,"$2,300/mo"
141,Master Room in Skysuites @ Anson,"$4,200/mo"
142,Common Room in The Sail @ Marina Bay,"$2,500/mo"
143,Room in Skysuites @ Anson,"$4,200/mo"
144,Room in 1F Cantonment Road,"$1,800/mo"
145,Room in Sophia Hills,"$2,500/mo"
146,Room in Skysuites @ Anson,"$4,500/mo"
147,Room in Wilkie Apartments,"$2,350/mo"
148,Room in Mirage Tower,"$2,700/mo"
149,Master Room in 66 Eng Watt Street,"$2,600/mo"
150,Room in 232 Bain Street,"$1,500/mo"
151,Common Room in 4 Tanjong Pagar Plaza,"$1,580/mo"
152,Common Room in 1A Cantonment Road,"$1,900/mo"
153,Common Room in 4 Tanjong Pagar Plaza,"$1,500/mo"
154,Common Room in Kai Fook Mansion,"$1,590/mo"
155,Room in The Metz,"$5,500/mo"
156,Master Room in Liv On Wilkie,"$2,500/mo"
157,Master Room in 75BR,"$4,200/mo"
158,Room in 1 Cantonment Road,"$1,949/mo"
159,Common Room in Horizon Towers,"$1,700/mo"
160,Room in 8 Selegie Road,"$1,200/mo"
161,Common Room in 1 Cantonment Road,"$1,650/mo"
162,Room in 8 St Thomas,"$8,000/mo"
163,Room in Cairnhill Nine,"$8,000/mo"
164,Room in OUE Twin Peaks,"$5,300/mo"
165,Room in Emerald Park,"$1,688/mo"
166,Room in V On Shenton,"$4,200/mo"
167,Room in Sophia Hills,"$2,700/mo"
168,Room in 1F Cantonment Road,"$1,850/mo"
169,Common Room in 263 Waterloo Street,"$1,400/mo"
170,Master Room in Bencoolen House,"$2,200/mo"
171,Master Room in Beach Road Conservation Area,"$3,800/mo"
172,Common Room in 22 Havelock Road,$500/mo
173,Common Room in 8 Cantonment Close,"$1,600/mo"
174,Common Room in Former Peace Centre/Peace Mansion,"$2,300/mo"
175,Common Room in 2 Tanjong Pagar Plaza,"$1,900/mo"
176,Room in Skysuites @ Anson,"$4,500/mo"
177,Common Room in Cavenagh Gardens,"$1,680/mo"
178,Room in The Bencoolen,"$2,600/mo"
