,Property,Price
0,Master Room in 310 Clementi Avenue 4,"$1,500/mo"
1,Common Room in 310 Clementi Avenue 4,"$1,200/mo"
2,Common Room in 332 Clementi Avenue 2,"$1,200/mo"
3,Common Room in 376 Clementi Avenue 4,$400/mo
4,Master Room in 418 Clementi Avenue 1,"$1,600/mo"
5,Common Room in 101 Clementi Street 14,$900/mo
6,Master Room in 364 Clementi Avenue 2,"$1,000/mo"
7,Master Room in The Parc Condominium,"$1,750/mo"
8,Common Room in 352 Clementi Avenue 2,"$1,900/mo"
9,Master Room in 208B Clementi Avenue 6,"$1,580/mo"
10,Master Room in 330 Clementi Avenue 2,"$1,200/mo"
11,Common Room in The Trilinq,"$1,700/mo"
12,Room in Pasir Panjang Gardens,"$1,600/mo"
13,Room in 375 Clementi Avenue 4,"$1,800/mo"
14,Master Room in The Parc Condominium,"$2,300/mo"
15,Common Room in The Parc Condominium,"$1,700/mo"
16,Room in 101 Clementi Street 14,$900/mo
17,Master Room in 417 Clementi Avenue 1,"$1,800/mo"
18,Master Room in 305 Clementi Avenue 4,"$1,800/mo"
19,Common Room in 509 West Coast Drive,"$1,500/mo"
20,Master Room in 365 Clementi Avenue 2,"$1,200/mo"
21,Common Room in The Parc Condominium,"$1,750/mo"
22,Master Room in The Parc Condominium,"$3,000/mo"
23,Master Room in 354 Clementi Avenue 2,"$2,300/mo"
24,Common Room in 374 Clementi Avenue 4,"$2,000/mo"
25,Common Room in 336 Clementi Avenue 2,"$1,100/mo"
26,Master Room in 343 Clementi Avenue 5,$800/mo
27,Common Room in 449 Clementi Avenue 3,"$1,800/mo"
28,Common Room in 375 Clementi Avenue 4,"$2,000/mo"
29,Common Room in 441B Clementi Avenue 3,"$1,350/mo"
30,Common Room in 311C Clementi Avenue 4,"$1,500/mo"
31,Common Room in 428 Clementi Avenue 3,"$1,000/mo"
32,Common Room in The Trilinq,"$1,700/mo"
33,Common Room in 332 Clementi Avenue 2,"$1,200/mo"
34,Common Room in 371 Clementi Avenue 4,"$1,200/mo"
35,Common Room in 442 Clementi Avenue 3,"$1,500/mo"
36,Master Room in The Parc Condominium,"$2,200/mo"
37,Room in 342 Clementi Avenue 5,"$1,400/mo"
38,Room in 462 Clementi Avenue 3,"$1,250/mo"
39,Room in 347 Clementi Avenue 5,"$1,300/mo"
40,Common Room in 414 Commonwealth Avenue West,$800/mo
41,Common Room in Freesia Woods,"$1,888/mo"
42,Master Room in 362 Clementi Avenue 2,"$1,388/mo"
43,Room in 354 Clementi Avenue 2,"$1,300/mo"
44,Master Room in 441A Clementi Avenue 3,"$1,400/mo"
45,Common Room in 375 Clementi Avenue 4,"$2,000/mo"
46,Common Room in The Parc Condominium,"$2,100/mo"
47,Common Room in Westpeak Terrace,"$2,200/mo"
48,Common Room in Westpeak Terrace,"$2,300/mo"
49,Room in 440B Clementi Avenue 3,"$1,500/mo"
50,Master Room in Regent Park,"$1,700/mo"
51,Master Room in 425 Clementi Avenue 1,"$1,450/mo"
52,Common Room in 430 Clementi Avenue 3,"$1,400/mo"
53,Master Room in 341 Clementi Avenue 5,"$1,300/mo"
54,Room in 449 Clementi Avenue 3,"$1,800/mo"
55,Master Room in 365 Clementi Avenue 2,"$1,500/mo"
56,Common Room in West Bay Condominium,"$1,650/mo"
57,Common Room in 724 Clementi West Street 2,"$1,100/mo"
58,Common Room in West Bay Condominium,"$1,750/mo"
59,Common Room in Parc Riviera,"$1,350/mo"
60,Master Room in Botannia,"$2,500/mo"
61,Common Room in Pandan Valley,"$1,300/mo"
62,Room in Parc Riviera,"$1,300/mo"
63,Master Room in Blue Horizon,"$3,000/mo"
64,Room in Blue Horizon,"$1,950/mo"
65,Common Room in Botannia,"$2,300/mo"
66,Room in Clementi Park,"$1,500/mo"
67,Master Room in 729 Clementi West Street 2,"$1,600/mo"
68,Common Room in Clementi Park,$950/mo
69,Common Room in Blue Horizon,"$1,750/mo"
70,Master Room in Blue Horizon,"$3,000/mo"
71,Master Room in West Bay Condominium,"$2,000/mo"
72,Common Room in Parc Riviera,"$1,350/mo"
73,Master Room in Botannia,"$2,500/mo"
74,Master Room in Whistler Grand,"$2,900/mo"
75,Room in Blue Horizon,"$1,950/mo"
76,Room in Astor Green,"$1,600/mo"
77,Room in Blue Horizon,"$1,550/mo"
78,Room in 724 Clementi West Street 2,$600/mo
79,Common Room in Pine Grove,"$1,250/mo"
80,Common Room in Holland Grove,"$3,000/mo"
81,Master Room in Blue Horizon,"$1,800/mo"
82,Common Room in 609 Clementi West Street 1,"$1,200/mo"
83,Common Room in Parksuites,"$1,700/mo"
84,Master Room in Blue Horizon,"$3,000/mo"
85,Common Room in Blue Horizon,"$1,250/mo"
86,Common Room in West Bay Condominium,"$1,750/mo"
87,Master Room in Pine Grove,"$1,600/mo"
88,Common Room in Blue Horizon,"$1,950/mo"
89,Common Room in Blue Horizon,"$2,000/mo"
90,Common Room in Blue Horizon,"$1,800/mo"
91,Common Room in 401 Pandan Gardens,"$1,000/mo"
92,Master Room in Blue Horizon,"$1,750/mo"
93,Master Room in Botannia,$700/mo
94,Master Room in West Bay Condominium,"$1,750/mo"
95,Common Room in 407 Pandan Gardens,$800/mo
