,Property,Price
0,Common Room in 4 Holland Close,"$1,500/mo"
1,Common Room in 90 Commonwealth Drive,"$1,600/mo"
2,Common Room in 4 Holland Close,"$1,500/mo"
3,Common Room in One North Residences,"$3,000/mo"
4,Common Room in 4 Holland Close,"$1,200/mo"
5,Common Room in 102 Commonwealth Crescent,"$1,200/mo"
6,Common Room in 36 Margaret Drive,"$1,600/mo"
7,Room in Margaret Ville,"$3,500/mo"
8,Master Room in 51 Commonwealth Drive,"$2,000/mo"
9,Common Room in 30 Margaret Drive,"$1,000/mo"
10,Room in 13 Holland Drive,"$2,100/mo"
11,Common Room in 81 Commonwealth Close,"$1,400/mo"
12,Room in Holland Tower,"$1,600/mo"
13,Room in Holland Tower,"$2,500/mo"
14,Room in 81 Commonwealth Close,"$1,400/mo"
15,Master Room in 93 Commonwealth Drive,"$1,000/mo"
16,Common Room in 13 Holland Drive,"$1,200/mo"
17,Master Room in One North Residences,"$3,900/mo"
18,Master Room in Jalan Kelabu Asap,"$3,000/mo"
19,Room in 2 Holland Avenue,"$1,800/mo"
20,Room in 2 Holland Avenue,"$1,400/mo"
21,Common Room in 7 Commonwealth Avenue,"$1,100/mo"
22,Common Room in 83 Commonwealth Close,"$1,400/mo"
23,Common Room in 32 Margaret Drive,"$1,400/mo"
24,Master Room in One North Residences,"$3,000/mo"
25,Common Room in 90 Tanglin Halt Road,"$1,100/mo"
26,Room in 30A Holland Close,"$1,400/mo"
27,Room in 52 Commonwealth Drive,"$1,200/mo"
28,Master Room in One North Residences,"$1,800/mo"
29,Room in 90 Tanglin Halt Road,"$1,800/mo"
30,Room in 83 Commonwealth Close,"$1,400/mo"
31,Common Room in 50 Commonwealth Drive,"$1,200/mo"
32,Common Room in 92 Commonwealth Drive,$900/mo
33,Master Room in 13 Holland Drive,"$1,850/mo"
34,Common Room in 11 Holland Drive,"$1,088/mo"
35,Common Room in The Anchorage,"$1,500/mo"
36,Master Room in 52 Strathmore Avenue,"$1,800/mo"
37,Master Room in Willyn Ville,"$3,000/mo"
38,Common Room in 1 Dover Road,"$1,000/mo"
39,Common Room in Alexis,"$2,000/mo"
40,Common Room in 94 Dawson Road,"$1,200/mo"
41,Master Room in Willyn Ville,"$2,700/mo"
42,Master Room in Willyn Ville,"$2,800/mo"
43,Common Room in Victoria Park Road,"$2,800/mo"
44,Common Room in Queensway Shopping Centre/Queensway Tower,"$1,380/mo"
45,Common Room in 28C Dover Crescent,"$1,500/mo"
46,Common Room in 167 Stirling Road,$980/mo
47,Common Room in 19 Ghim Moh Road,"$1,100/mo"
48,Common Room in Victoria Park Road,"$2,800/mo"
49,Master Room in 37 Jalan Rumah Tinggi,"$2,000/mo"
50,Master Room in Victoria Park Close,"$2,900/mo"
51,Master Room in Spanish Village,"$2,500/mo"
52,Common Room in 125 Bukit Merah Lane 1,"$1,500/mo"
53,Common Room in 3 Ghim Moh Road,$900/mo
54,Common Room in 94 Dawson Road,"$1,200/mo"
55,Room in 125 Bukit Merah Lane 1,"$1,500/mo"
56,Common Room in Queensway Shopping Centre/Queensway Tower,"$1,380/mo"
57,Master Room in Stirling Residences,"$2,500/mo"
58,Common Room in 94 Dawson Road,"$1,200/mo"
59,Room in 37 Jalan Rumah Tinggi,"$2,200/mo"
60,Common Room in 31 Ghim Moh Link,"$1,100/mo"
61,Master Room in Victoria Park Close,"$2,600/mo"
62,Common Room in Queensway Shopping Centre/Queensway Tower,"$1,380/mo"
63,Common Room in 31 Ghim Moh Link,"$1,350/mo"
64,Common Room in Spanish Village,"$1,600/mo"
65,Room in Queensway Shopping Centre/Queensway Tower,"$1,380/mo"
66,Common Room in 50 Strathmore Avenue,"$1,100/mo"
67,Common Room in 9 Jalan Rumah Tinggi,"$1,400/mo"
68,Common Room in Stirling Residences,"$1,780/mo"
69,Room in Stirling Residences,"$3,500/mo"
70,Room in 95 Dawson Road,"$1,000/mo"
71,Master Room in 37A Jalan Rumah Tinggi,"$2,200/mo"
72,Common Room in 168 Stirling Road,"$1,100/mo"
73,Common Room in 39A Margaret Drive,"$1,800/mo"
74,Common Room in 28 Ghim Moh Link,$900/mo
75,Common Room in 19 Dover Crescent,"$1,500/mo"
76,Common Room in 8A Empress Road,"$1,300/mo"
77,Common Room in 49 Strathmore Avenue,"$1,499/mo"
78,Common Room in 87 Dawson Road,"$2,000/mo"
79,Room in 2 Queen's Road,"$1,500/mo"
80,Common Room in Dover Parkview,"$1,500/mo"
81,Common Room in Dover Parkview,"$1,500/mo"
82,Room in 42A Margaret Drive,"$2,100/mo"
83,Room in Queens,"$1,700/mo"
84,Room in 39A Margaret Drive,"$1,500/mo"
85,Common Room in 94 Dawson Road,"$1,200/mo"
86,Common Room in 96B Dawson Road,"$1,500/mo"
87,Common Room in Spanish Village,"$2,400/mo"
88,Common Room in 50 Strathmore Avenue,"$1,500/mo"
89,Master Room in 62B Strathmore Avenue,"$1,500/mo"
90,Room in 167 Stirling Road,"$1,400/mo"
91,Common Room in 19 Dover Crescent,"$1,500/mo"
92,Common Room in 21 Ghim Moh Road,"$1,300/mo"
93,Common Room in Alexis,"$2,000/mo"
94,Common Room in 6 Ghim Moh Road,$600/mo
95,Common Room in 148 Mei Ling Street,"$1,500/mo"
96,Room in 21 Holland Drive,"$2,000/mo"
