,Property,Price
0,Common Room in 224A Compassvale Walk,"$1,000/mo"
1,Common Room in 202A Punggol Field,"$1,000/mo"
2,Common Room in 107D Edgefield Plains,"$1,000/mo"
3,Common Room in 124B Rivervale Drive,$700/mo
4,Common Room in 216A Compassvale Drive,"$1,100/mo"
5,Common Room in 250D Compassvale Street,"$1,100/mo"
6,Common Room in 295C Compassvale Crescent,"$1,000/mo"
7,Master Room in Compass Heights,"$1,850/mo"
8,Common Room in 225B Compassvale Walk,$850/mo
9,Master Room in Beauty Garden,"$3,000/mo"
10,Master Room in Beauty Garden,"$2,800/mo"
11,Common Room in Compass Heights,"$1,200/mo"
12,Common Room in 293C Compassvale Crescent,"$1,100/mo"
13,Master Room in 228C Compassvale Walk,"$1,600/mo"
14,Master Room in Twin Waterfalls,"$1,500/mo"
15,Common Room in 296B Compassvale Crescent,$800/mo
16,Master Room in Beauty Garden,"$3,000/mo"
17,Master Room in Beauty Garden,"$2,800/mo"
18,Common Room in Rivervale Crest,"$1,300/mo"
19,Common Room in 213A Punggol Walk,"$1,000/mo"
20,Master Room in Prive,"$2,200/mo"
21,Master Room in 233 Compassvale Walk,$950/mo
22,Room in Compass Heights,"$1,300/mo"
23,Master Room in 188C Rivervale Drive,$900/mo
24,Common Room in The Vales,"$1,600/mo"
25,Common Room in 142 Rivervale Crescent,"$1,200/mo"
26,Common Room in 239 Compassvale Walk,"$1,000/mo"
27,Common Room in 286C Compassvale Crescent,"$1,500/mo"
28,Master Room in Compass Heights,"$1,200/mo"
29,Room in 224A Compassvale Walk,"$1,000/mo"
30,Common Room in 111 Edgefield Plains,"$1,000/mo"
31,Common Room in 216B Compassvale Drive,"$1,200/mo"
32,Common Room in 216B Compassvale Drive,"$1,200/mo"
33,Master Room in 102B Punggol Field,"$1,000/mo"
34,Common Room in 104B Edgefield Plains,$900/mo
35,Room in 258D Compassvale Road,"$1,500/mo"
36,Room in 104B Edgefield Plains,$900/mo
37,Common Room in 230 Compassvale Walk,$950/mo
38,Room in 296A Compassvale Crescent,"$1,100/mo"
39,Common Room in 322A Anchorvale Drive,$900/mo
40,Room in 244 Compassvale Road,"$1,400/mo"
41,Room in 122E Rivervale Drive,$900/mo
42,Common Room in 185A Rivervale Crescent,$900/mo
43,Common Room in 104B Edgefield Plains,$900/mo
44,Common Room in 216A Compassvale Drive,"$1,100/mo"
45,Common Room in 292A Compassvale Street,"$1,200/mo"
46,Common Room in Treasure Crest,$600/mo
47,Common Room in 105B Edgefield Plains,$950/mo
48,Master Room in 211D Punggol Walk,"$1,200/mo"
49,Common Room in La Fiesta,"$1,888/mo"
50,Master Room in 332B Anchorvale Link,"$2,200/mo"
51,Master Room in 196D Punggol Field,"$1,200/mo"
52,Common Room in 322B Anchorvale Drive,"$1,100/mo"
53,Room in 144 Rivervale Drive,"$1,600/mo"
54,Master Room in 211D Punggol Walk,"$1,350/mo"
55,Room in 261A Sengkang East Way,"$1,100/mo"
56,Common Room in Compass Heights,"$1,400/mo"
57,Common Room in 227A Compassvale Drive,"$1,200/mo"
58,Room in La Fiesta,"$3,688/mo"
59,Common Room in 261D Sengkang East Way,"$1,000/mo"
60,Common Room in 207B Punggol Place,"$1,000/mo"
61,Common Room in 322A Anchorvale Drive,"$1,200/mo"
62,Room in 208B Punggol Place,"$1,400/mo"
63,Common Room in 322A Anchorvale Drive,$850/mo
64,Room in 196C Punggol Field,"$1,300/mo"
65,Room in 175C Punggol Field,"$1,000/mo"
66,Common Room in 220C Sumang Lane,$900/mo
67,Common Room in Ecopolitan,"$1,800/mo"
68,Common Room in Compass Heights,"$1,300/mo"
69,Common Room in 162A Rivervale Crescent,$850/mo
70,Room in 203B Compassvale Road,$850/mo
71,Master Room in 325B Sengkang East Way,"$1,500/mo"
72,Master Room in 308C Punggol Walk,"$1,800/mo"
73,Common Room in 302B Punggol Place,$850/mo
74,Room in 299 Punggol Central,"$1,200/mo"
75,Common Room in The Quartz,"$1,500/mo"
76,Common Room in 166A Punggol Central,"$1,000/mo"
77,Room in 473D Upper Serangoon Crescent,"$1,200/mo"
78,Common Room in 201A Compassvale Drive,$850/mo
79,Common Room in 647 Punggol Central,"$3,800/mo"
80,Common Room in 207C Compassvale Lane,"$1,000/mo"
81,Common Room in 320B Anchorvale Drive,$900/mo
82,Common Room in 271C Punggol Walk,"$1,100/mo"
83,Common Room in Jewel @ Buangkok,"$1,350/mo"
84,Common Room in 622C Punggol Central,"$1,200/mo"
85,Master Room in Riversound Residence,"$2,000/mo"
86,Room in Riversound Residence,"$1,200/mo"
87,Master Room in 351A Anchorvale Road,"$1,600/mo"
88,Master Room in Riversails,"$2,000/mo"
89,Common Room in River Isles,"$1,300/mo"
90,Common Room in 666A Punggol Drive,$850/mo
91,Common Room in 612C Punggol Drive,$950/mo
92,Common Room in 305B Anchorvale Link,$850/mo
93,Common Room in 269C Punggol Field,"$1,400/mo"
94,Room in 613D Punggol Drive,$950/mo
95,Room in 471A Upper Serangoon Crescent,$900/mo
96,Master Room in 561 Hougang Street 51,"$1,300/mo"
97,Common Room in Waterbay,"$1,360/mo"
98,Master Room in 256D Sumang Walk,$900/mo
99,Common Room in Jewel @ Buangkok,"$1,350/mo"
100,Common Room in 319A Anchorvale Drive,$900/mo
101,Common Room in 612C Punggol Drive,$850/mo
102,Common Room in Waterbay,"$1,500/mo"
103,Common Room in 273B Compassvale Link,"$1,400/mo"
104,Common Room in A Treasure Trove,"$1,500/mo"
105,Common Room in 458 Hougang Avenue 10,$699/mo
106,Common Room in Bellewaters,"$1,200/mo"
107,Room in 641A Punggol Drive,$900/mo
108,Room in 642D Punggol Drive,"$1,000/mo"
109,Room in 268A Compassvale Link,$850/mo
110,Common Room in 672A Edgefield Plains,$850/mo
111,Common Room in 203B Compassvale Road,"$1,800/mo"
112,Common Room in 619C Punggol Drive,$850/mo
113,Room in 180C Rivervale Crescent,"$1,200/mo"
114,Room in 278B Compassvale Bow,"$2,200/mo"
115,Master Room in 303B Anchorvale Link,"$1,100/mo"
116,Common Room in 319B Anchorvale Drive,$600/mo
117,Room in 351A Anchorvale Road,"$1,800/mo"
118,Room in 642D Punggol Drive,"$1,000/mo"
119,Common Room in 334B Anchorvale Crescent,"$1,500/mo"
120,Common Room in 228B Punggol Field,$800/mo
121,Master Room in 314B Punggol Way,"$1,400/mo"
122,Room in 117B Rivervale Drive,"$1,100/mo"
123,Master Room in 302A Anchorvale Link,"$1,600/mo"
124,Room in 299 Punggol Central,"$1,000/mo"
125,Common Room in A Treasure Trove,"$1,500/mo"
126,Common Room in 256B Sumang Walk,$900/mo
127,Common Room in A Treasure Trove,"$1,750/mo"
128,Common Room in Jewel @ Buangkok,"$1,600/mo"
129,Common Room in Parc Centros,"$2,000/mo"
130,Room in 171A Edgedale Plains,$950/mo
131,Common Room in 670C Edgefield Plains,$900/mo
132,Common Room in Austville Residences,"$1,500/mo"
133,Common Room in The Terrace,"$1,200/mo"
134,Common Room in 207A Compassvale Lane,"$1,000/mo"
135,Common Room in Flo Residence,"$1,150/mo"
136,Common Room in 195D Punggol Road,"$1,100/mo"
137,Master Room in 171A Edgedale Plains,"$1,200/mo"
138,Common Room in 269B Punggol Field,"$1,000/mo"
139,Master Room in 157C Rivervale Crescent,"$1,200/mo"
140,Common Room in 305D Punggol Drive,$950/mo
141,Common Room in Austville Residences,"$1,100/mo"
142,Common Room in 268A Compassvale Link,$850/mo
143,Master Room in 228B Punggol Field,"$1,500/mo"
144,Common Room in 451 Hougang Avenue 10,"$1,100/mo"
145,Room in 303B Anchorvale Link,$800/mo
146,Common Room in 302C Anchorvale Link,$800/mo
147,Common Room in Riversound Residence,"$1,300/mo"
148,Common Room in 313B Anchorvale Road,$990/mo
149,Common Room in 103 Rivervale Walk,$800/mo
150,Common Room in Flo Residence,"$1,500/mo"
151,Master Room in Riversails,"$1,388/mo"
