,Property,Price
0,Common Room in The Amarelle,"$1,650/mo"
1,Common Room in The Centren,"$1,950/mo"
2,Master Room in 12 Pine Close,"$1,900/mo"
3,Common Room in Grandlink Square,"$1,400/mo"
4,Common Room in Dunman Place,"$1,550/mo"
5,Common Room in Dunman Place,"$1,600/mo"
6,Room in Dunman Place,"$1,750/mo"
7,Common Room in Dunman Place,"$1,700/mo"
8,Master Room in 32 Cassia Crescent,"$1,600/mo"
9,Master Room in # 1 Loft,"$1,850/mo"
10,Common Room in Dunman Place,"$1,850/mo"
11,Master Room in Central Grove,"$2,000/mo"
12,Common Room in Dunman Place,"$1,850/mo"
13,Common Room in Delight Court,"$1,350/mo"
14,Master Room in Cassia View,"$2,199/mo"
15,Common Room in Central Grove,$880/mo
16,Common Room in Dunman Place,"$1,600/mo"
17,Master Room in Cassia View,"$2,300/mo"
18,Common Room in Cassia View,"$1,050/mo"
19,Common Room in 28 Cassia Crescent,$900/mo
20,Common Room in Sims Green,"$1,200/mo"
21,Master Room in Sims 450 Centre,"$2,600/mo"
22,Room in Loft 33,"$1,600/mo"
23,Master Room in Sunny Grove,"$1,880/mo"
24,Common Room in Dunman Place,"$1,600/mo"
25,Common Room in Dunman Place,"$1,700/mo"
26,Room in Grandlink Square,"$1,800/mo"
27,Common Room in Delight Court,"$1,358/mo"
28,Master Room in Loft 33,"$1,900/mo"
29,Common Room in Tanjong Katong Road,"$1,680/mo"
30,Room in Sunny Grove,"$1,880/mo"
31,Common Room in Simsville,"$2,949/mo"
32,Common Room in Aston Mansions,"$1,450/mo"
33,Room in Dakota Residences,"$1,800/mo"
34,Master Room in Simsville,"$2,300/mo"
35,Room in Atrium Residences,"$1,600/mo"
36,Common Room in Simsville,"$1,680/mo"
37,Common Room in The Sunny Spring,$900/mo
38,Common Room in Dawn Ville,"$1,000/mo"
39,Master Room in Simsville,"$2,100/mo"
40,Common Room in Aston Mansions,"$1,600/mo"
41,Common Room in Aston Mansions,"$1,300/mo"
42,Common Room in Atrium Residences,"$1,450/mo"
43,Room in Simsville,"$1,450/mo"
44,Common Room in 28 Cassia Crescent,"$1,250/mo"
45,Room in Aston Mansions,"$2,300/mo"
46,Master Room in Simsville,"$2,500/mo"
47,Room in Sims Green,$880/mo
48,Room in Simsville,"$1,550/mo"
49,Room in Central Grove,"$2,200/mo"
50,Room in Atrium Residences,"$1,400/mo"
51,Room in The Sunny Spring,$900/mo
52,Common Room in Waterbank At Dakota,"$1,800/mo"
53,Room in Dunman Place,"$1,400/mo"
54,Room in Penang Service Apartments,"$1,500/mo"
55,Common Room in Dunman Place,"$2,200/mo"
56,Common Room in Cassia View,$999/mo
57,Master Room in Paradise Palms,"$2,499/mo"
58,Common Room in Paradise Palms,"$1,899/mo"
59,Common Room in The Sunny Spring,"$1,250/mo"
60,Room in Lotus at Paya Lebar (East Wing),"$3,710/mo"
61,Common Room in Sims Dorado,"$2,000/mo"
62,Room in Aston Mansions,"$2,500/mo"
63,Room in Sims Dorado,"$2,500/mo"
64,Room in The Alcove,"$1,650/mo"
65,Common Room in The Midas,"$1,500/mo"
66,Common Room in Palm Lodge,"$1,490/mo"
67,Common Room in The Sunny Spring,"$1,250/mo"
68,Common Room in The Sunny Spring,"$1,600/mo"
69,Room in Penang Service Apartments,"$2,200/mo"
70,Common Room in Sims Residences,"$1,450/mo"
71,Common Room in Dunman Place,"$1,600/mo"
72,Master Room in Casa Emerald,"$2,000/mo"
73,Common Room in Casa Emerald,"$1,300/mo"
74,Room in Grandlink Square,"$2,000/mo"
75,Common Room in Simsville,"$2,249/mo"
76,Common Room in Aston Mansions,"$1,450/mo"
77,Room in 5 Pine Close,"$1,500/mo"
78,Room in 60 Dakota Crescent,"$1,400/mo"
79,Master Room in Geylang Conservation Area,"$3,000/mo"
80,Room in Cassia View,"$2,198/mo"
81,Common Room in Palm Lodge,"$1,490/mo"
82,Room in Guillemard Suites,"$2,600/mo"
83,Master Room in The Sunny Spring,"$1,800/mo"
84,Master Room in Simsville,"$1,949/mo"
85,Common Room in Grandlink Square,"$1,800/mo"
86,Room in Lotus at Paya Lebar (East Wing),"$4,570/mo"
87,Room in One K Greenlane,"$3,300/mo"
88,Common Room in East View,"$1,500/mo"
89,Master Room in Canne Lodge,"$2,350/mo"
90,Common Room in 3A Upper Boon Keng Road,"$1,000/mo"
91,Common Room in 48 Circuit Road,$450/mo
92,Master Room in 83B Circuit Road,"$3,000/mo"
93,Master Room in Wing Fong Mansions,"$1,850/mo"
94,Common Room in Wing Fong Court,"$1,250/mo"
95,Room in 119 Aljunied Avenue 2,"$2,900/mo"
96,Master Room in Onan Road,"$2,000/mo"
97,Common Room in TRE Residences,"$1,500/mo"
98,Master Room in Accord Apartments,"$1,400/mo"
99,Master Room in Tembeling Lodge,"$2,550/mo"
100,Room in 119 Aljunied Avenue 2,"$2,500/mo"
101,Common Room in Joo Chiat Road,"$1,200/mo"
102,Common Room in 5 Haig Road,"$1,100/mo"
103,Room in 119 Aljunied Avenue 2,"$2,100/mo"
104,Common Room in Lorong 9 Geylang,"$1,200/mo"
105,Common Room in 82B Circuit Road,"$1,500/mo"
106,Common Room in Wing Fong Mansions,"$1,000/mo"
107,Master Room in 83B Circuit Road,"$3,000/mo"
108,Room in Parc Esta,"$4,000/mo"
109,Common Room in Wing Fong Mansions,"$2,000/mo"
110,Common Room in TRE Residences,"$1,700/mo"
111,Master Room in The Makena,"$1,700/mo"
112,Room in Tembeling Road,"$1,650/mo"
113,Master Room in Canne Lodge,"$2,008/mo"
114,Common Room in Langsat Road,"$1,500/mo"
115,Room in 3C Upper Boon Keng Road,"$1,100/mo"
116,Room in 5 Haig Road,"$1,500/mo"
117,Master Room in 108 Aljunied Crescent,"$1,800/mo"
118,Common Room in One Amber,"$1,500/mo"
119,Master Room in TRE Residences,"$2,400/mo"
120,Common Room in Tembeling Lodge,"$2,900/mo"
121,Common Room in 32 Eunos Crescent,"$1,000/mo"
122,Common Room in 2D Upper Boon Keng Road,"$1,000/mo"
123,Common Room in 123 Geylang East Central,$900/mo
124,Master Room in Onan Road,"$2,200/mo"
125,Room in TRE Residences,"$2,400/mo"
126,Master Room in Amber Road,"$3,500/mo"
127,Common Room in 2D Upper Boon Keng Road,"$1,100/mo"
128,Common Room in Wing Fong Mansions,"$1,000/mo"
129,Common Room in Equatorial Apartments,"$1,150/mo"
130,Room in Parc Esta,"$2,800/mo"
131,Room in 3 Joo Chiat Road,"$1,400/mo"
132,Room in 81 Lorong 25 Geylang,"$2,300/mo"
133,Common Room in Canberlin Lodge,"$1,350/mo"
134,Master Room in Canne Lodge,"$2,200/mo"
135,Common Room in 92 Pipit Road,$900/mo
136,Master Room in 16 @ Amber,"$3,000/mo"
137,Room in Langsat Road,"$3,300/mo"
138,Master Room in Canne Lodge,"$2,200/mo"
139,Common Room in 123 Geylang East Central,"$1,500/mo"
140,Common Room in Canne Lodge,"$1,900/mo"
141,Room in TRE Residences,"$1,700/mo"
142,Common Room in 2A Upper Boon Keng Road,"$1,400/mo"
143,Common Room in Parc Esta,"$2,800/mo"
144,Master Room in Canne Lodge,"$1,800/mo"
145,Room in Goodview Apartments,"$1,800/mo"
146,Common Room in Goodview Apartments,"$1,900/mo"
147,Master Room in Wing Fong Court,"$1,850/mo"
148,Common Room in One Amber,"$1,500/mo"
149,Common Room in TRE Residences,"$1,550/mo"
150,Common Room in Sims Urban Oasis,"$1,500/mo"
151,Common Room in Canne Lodge,"$1,800/mo"
152,Common Room in 53 Pipit Road,"$1,200/mo"
153,Common Room in Canberlin Lodge,"$1,300/mo"
154,Common Room in Tembeling Road,"$1,150/mo"
155,Master Room in Summer View,"$1,800/mo"
156,Common Room in Canne Ville,"$2,000/mo"
157,Common Room in TRE Residences,"$2,700/mo"
158,Room in The Antares,"$2,500/mo"
159,Room in 2D Upper Boon Keng Road,"$1,100/mo"
160,Room in 45 Sims Drive,"$1,100/mo"
161,Common Room in 83A Circuit Road,"$1,500/mo"
162,Master Room in 55 Pipit Road,"$1,100/mo"
163,Common Room in Lorong 13 Geylang,"$2,900/mo"
164,Room in 112 Lorong 3 Geylang,"$1,000/mo"
165,Room in The Makena,"$1,500/mo"
166,Common Room in 2D Upper Boon Keng Road,$900/mo
167,Room in Eis Residences,"$3,700/mo"
168,Common Room in Canne Lodge,"$2,200/mo"
169,Common Room in Canne Lodge,"$1,800/mo"
170,Master Room in The Makena,"$2,000/mo"
171,Common Room in Wing Fong Mansions,"$1,580/mo"
172,Room in 119 Aljunied Avenue 2,"$2,800/mo"
173,Room in 122 Geylang East Central,$900/mo
174,Room in 119 Aljunied Avenue 2,"$2,300/mo"
175,Master Room in 119 Aljunied Avenue 2,"$2,700/mo"
176,Common Room in 119 Aljunied Avenue 2,"$2,800/mo"
177,Common Room in Familie Mansions,"$1,000/mo"
178,Master Room in 108 Aljunied Crescent,"$1,400/mo"
179,Room in Soho Life,"$2,500/mo"
180,Room in TRE Residences,"$1,888/mo"
181,Common Room in Canne Lodge,"$1,900/mo"
182,Common Room in Canne Lodge,"$1,800/mo"
183,Master Room in Canne Lodge,"$2,300/mo"
184,Master Room in Sims Urban Oasis,"$2,699/mo"
185,Master Room in Park Place Residences at Plq,"$2,800/mo"
186,Room in Fortville,"$3,840/mo"
187,Master Room in The Esta,"$2,000/mo"
