,Property,Price
0,Common Room in 682B Edgedale Plains,"$1,000/mo"
1,Common Room in 202A Punggol Field,"$1,000/mo"
2,Common Room in 195C Punggol Road,"$1,200/mo"
3,Common Room in The Amore,"$1,200/mo"
4,Common Room in 682A Edgedale Plains,$950/mo
5,Common Room in 310B Punggol Walk,"$1,200/mo"
6,Common Room in 682A Edgedale Plains,$900/mo
7,Common Room in 622C Punggol Central,$900/mo
8,Common Room in 612C Punggol Drive,$850/mo
9,Common Room in 632B Punggol Drive,$900/mo
10,Common Room in 313C Sumang Link,$900/mo
11,Common Room in 313C Sumang Link,$900/mo
12,Common Room in 187 Punggol Central,$800/mo
13,Common Room in 682A Edgedale Plains,$900/mo
14,Master Room in 294 Punggol Central,"$2,000/mo"
15,Master Room in A Treasure Trove,"$1,500/mo"
16,Master Room in Prive,"$2,200/mo"
17,Common Room in 624A Punggol Central,$850/mo
18,Common Room in The Amore,"$1,100/mo"
19,Common Room in 635C Punggol Drive,$950/mo
20,Room in 682A Edgedale Plains,$900/mo
21,Room in 305D Punggol Drive,$950/mo
22,Common Room in 668B Edgefield Plains,"$1,300/mo"
23,Room in 678C Punggol Drive,$900/mo
24,Common Room in 111 Edgefield Plains,"$1,000/mo"
25,Master Room in 102B Punggol Field,"$1,000/mo"
26,Common Room in 302B Punggol Place,$850/mo
27,Room in 299 Punggol Central,"$1,200/mo"
28,Common Room in 271C Punggol Walk,"$1,100/mo"
29,Common Room in 622C Punggol Central,"$1,200/mo"
30,Common Room in 666A Punggol Drive,$850/mo
31,Common Room in 612C Punggol Drive,$950/mo
32,Master Room in 682B Edgedale Plains,"$1,500/mo"
33,Room in 613D Punggol Drive,$950/mo
34,Common Room in Waterbay,"$1,360/mo"
35,Common Room in 105B Edgefield Plains,$950/mo
36,Common Room in 612C Punggol Drive,$850/mo
37,Master Room in 196D Punggol Field,"$1,200/mo"
38,Common Room in Waterbay,"$1,500/mo"
39,Common Room in A Treasure Trove,"$1,500/mo"
40,Room in 682A Edgedale Plains,"$1,000/mo"
41,Common Room in 672A Edgefield Plains,$850/mo
42,Common Room in 619C Punggol Drive,$850/mo
43,Common Room in 207B Punggol Place,"$1,000/mo"
44,Room in 208B Punggol Place,"$1,400/mo"
45,Room in 196C Punggol Field,"$1,300/mo"
46,Room in 175C Punggol Field,"$1,000/mo"
47,Room in 299 Punggol Central,"$1,000/mo"
48,Common Room in A Treasure Trove,"$1,500/mo"
49,Common Room in A Treasure Trove,"$1,750/mo"
50,Common Room in Parc Centros,"$2,000/mo"
51,Common Room in 670C Edgefield Plains,$900/mo
52,Common Room in 195D Punggol Road,"$1,100/mo"
53,Common Room in 305D Punggol Drive,$950/mo
54,Master Room in 105A Edgefield Plains,"$1,100/mo"
55,Common Room in 273D Punggol Place,"$1,000/mo"
56,Room in 101A Punggol Field,"$1,500/mo"
57,Common Room in 107D Edgefield Plains,"$1,000/mo"
58,Common Room in 124B Rivervale Drive,$700/mo
59,Master Room in Bellewaters,"$1,500/mo"
60,Common Room in 250D Compassvale Street,"$1,100/mo"
61,Common Room in 256D Sumang Walk,$900/mo
62,Common Room in 295C Compassvale Crescent,"$1,000/mo"
63,Common Room in 266C Punggol Way,"$1,200/mo"
64,Common Room in 180C Rivervale Crescent,$900/mo
65,Master Room in Compass Heights,"$1,850/mo"
66,Master Room in Beauty Garden,"$3,000/mo"
67,Master Room in Beauty Garden,"$2,800/mo"
68,Common Room in 308C Punggol Walk,$850/mo
69,Common Room in Compass Heights,"$1,200/mo"
70,Common Room in 293C Compassvale Crescent,"$1,100/mo"
71,Master Room in 171B Edgedale Plains,"$1,500/mo"
72,Master Room in Twin Waterfalls,"$1,500/mo"
73,Common Room in 296B Compassvale Crescent,$800/mo
74,Master Room in Beauty Garden,"$3,000/mo"
75,Master Room in Beauty Garden,"$2,800/mo"
76,Common Room in River Isles,"$2,500/mo"
77,Common Room in Rivervale Crest,"$1,300/mo"
78,Common Room in 213A Punggol Walk,"$1,000/mo"
79,Master Room in 233 Compassvale Walk,$950/mo
80,Master Room in 406C Northshore Drive,"$1,900/mo"
81,Common Room in The Terrace,"$1,700/mo"
82,Room in Compass Heights,"$1,300/mo"
83,Master Room in 188C Rivervale Drive,$900/mo
84,Common Room in 261B Punggol Way,$800/mo
85,Common Room in The Vales,"$1,600/mo"
86,Room in 314B Punggol Way,"$1,600/mo"
87,Common Room in The Terrace,"$1,200/mo"
88,Room in 128A Punggol Field Walk,$980/mo
89,Common Room in 172C Edgedale Plains,"$1,200/mo"
90,Room in 406C Northshore Drive,"$1,900/mo"
91,Common Room in 142 Rivervale Crescent,"$1,200/mo"
92,Common Room in 239 Compassvale Walk,"$1,000/mo"
93,Common Room in 286C Compassvale Crescent,"$1,500/mo"
94,Common Room in 163A Rivervale Crescent,"$1,150/mo"
95,Master Room in Compass Heights,"$1,200/mo"
96,Room in The Terrace,"$1,300/mo"
97,Room in 652 Punggol Central,"$1,200/mo"
98,Common Room in 314A Punggol Way,$800/mo
99,Common Room in 217B Sumang Walk,$850/mo
100,Common Room in 104B Edgefield Plains,$900/mo
101,Room in 258D Compassvale Road,"$1,500/mo"
102,Room in 104B Edgefield Plains,$900/mo
103,Room in 296A Compassvale Crescent,"$1,100/mo"
104,Master Room in 308C Punggol Walk,"$1,800/mo"
105,Common Room in 166A Punggol Central,"$1,000/mo"
106,Room in 244 Compassvale Road,"$1,400/mo"
107,Common Room in 647 Punggol Central,"$3,800/mo"
108,Room in 122E Rivervale Drive,$900/mo
109,Master Room in 402A Northshore Drive,"$1,600/mo"
110,Common Room in 185A Rivervale Crescent,$900/mo
111,Common Room in 104B Edgefield Plains,$900/mo
112,Common Room in River Isles,"$1,300/mo"
113,Common Room in 269C Punggol Field,"$1,400/mo"
114,Room in 425 Northshore Crescent,"$1,200/mo"
115,Common Room in 292A Compassvale Street,"$1,200/mo"
116,Master Room in 256D Sumang Walk,$900/mo
117,Common Room in Treasure Crest,$600/mo
118,Master Room in 211D Punggol Walk,"$1,200/mo"
119,Common Room in Bellewaters,"$1,200/mo"
120,Room in 144 Rivervale Drive,"$1,600/mo"
121,Master Room in 211D Punggol Walk,"$1,350/mo"
122,Room in 641A Punggol Drive,$900/mo
123,Room in 642D Punggol Drive,"$1,000/mo"
124,Room in 261A Sengkang East Way,"$1,100/mo"
125,Common Room in Compass Heights,"$1,400/mo"
126,Room in 180C Rivervale Crescent,"$1,200/mo"
127,Common Room in 261D Sengkang East Way,"$1,000/mo"
128,Room in 406 Northshore Drive,"$1,500/mo"
129,Room in 642D Punggol Drive,"$1,000/mo"
130,Common Room in 228B Punggol Field,$800/mo
131,Master Room in 314B Punggol Way,"$1,400/mo"
132,Common Room in 220C Sumang Lane,$900/mo
133,Common Room in Ecopolitan,"$1,800/mo"
134,Common Room in 256B Sumang Walk,$900/mo
135,Common Room in Compass Heights,"$1,300/mo"
136,Room in 171A Edgedale Plains,$950/mo
137,Common Room in 162A Rivervale Crescent,$850/mo
138,Common Room in 209C Punggol Place,$850/mo
139,Master Room in 155 Rivervale Crescent,"$1,600/mo"
140,Common Room in The Terrace,"$1,200/mo"
141,Common Room in Flo Residence,"$1,150/mo"
142,Master Room in 171A Edgedale Plains,"$1,200/mo"
143,Common Room in 186D Rivervale Drive,"$1,000/mo"
144,Common Room in 269B Punggol Field,"$1,000/mo"
145,Common Room in 297B Compassvale Street,$800/mo
146,Common Room in The Vales,"$1,600/mo"
147,Master Room in 157C Rivervale Crescent,"$1,200/mo"
148,Room in Twin Waterfalls,"$1,300/mo"
149,Room in 185D Rivervale Crescent,"$1,000/mo"
150,Master Room in Twin Waterfalls,"$1,250/mo"
151,Common Room in Treasure Crest,"$1,200/mo"
152,Master Room in 228B Punggol Field,"$1,500/mo"
153,Common Room in The Vales,"$1,000/mo"
154,Common Room in Flo Residence,"$1,500/mo"
