,Property,Price
0,Room in 22 Cavenagh Road,"$3,334/mo"
1,Room in 48 Bencoolen Street,"$4,333/mo"
2,Room in OG Orchard Point,"$8,833/mo"
3,Room in 12 Queen Street,"$5,000/mo"
4,Common Room in Top Ten,"$2,300/mo"
5,Master Room in Orchard Court,"$2,000/mo"
6,Common Room in UE Square,"$1,950/mo"
7,Master Room in Emerald Hill Conservation Area,"$2,000/mo"
8,Master Room in Peace Centre/Peace Mansion / Peace Centre,"$1,500/mo"
9,Common Room in Peace Centre/Peace Mansion / Peace Centre,"$1,100/mo"
10,Master Room in One Oxley Rise,"$2,300/mo"
11,Master Room in Former Peace Centre/Peace Mansion,"$2,500/mo"
12,Common Room in UE Square,"$1,950/mo"
13,Common Room in Bencoolen House,"$1,600/mo"
14,Master Room in Orchard Court,"$2,000/mo"
15,Common Room in Cavenagh Gardens,"$1,100/mo"
16,Master Room in Langston Ville,"$2,700/mo"
17,Common Room in Oleanas Residence,"$1,900/mo"
18,Master Room in Burlington Square,"$2,500/mo"
19,Common Room in Burlington Square,"$1,900/mo"
20,Common Room in UE Square,"$1,950/mo"
21,Common Room in UE Square,"$1,950/mo"
22,Common Room in River Valley Court,"$1,280/mo"
23,Common Room in Cavenagh Gardens,"$1,480/mo"
24,Room in Langston Ville,"$2,700/mo"
25,Room in UE Square,"$2,300/mo"
26,Master Room in Cavenagh Gardens,"$1,300/mo"
27,Common Room in 232 Bain Street,"$1,418/mo"
28,Common Room in The Bencoolen,"$1,950/mo"
29,Master Room in Burlington Square,"$2,500/mo"
30,Common Room in UE Square,"$2,200/mo"
31,Room in Sophia Hills,"$2,400/mo"
32,Common Room in Niven Road,"$1,200/mo"
33,Common Room in Aspen Heights,"$1,500/mo"
34,Common Room in Sunshine Plaza,"$1,000/mo"
35,Common Room in Burlington Square,"$1,400/mo"
36,Common Room in Lloyd Mansion,"$2,000/mo"
37,Room in 269B Queen Street,"$1,400/mo"
38,Common Room in Aspen Heights,"$1,200/mo"
39,Master Room in Sophia Crest,"$2,400/mo"
40,Common Room in UE Square,"$2,400/mo"
41,Common Room in UE Square,"$2,100/mo"
42,Common Room in Burlington Square,"$1,900/mo"
43,Master Room in Burlington Square,"$2,600/mo"
44,Room in Burlington Square,"$1,800/mo"
45,Common Room in Wilkie Court,"$1,250/mo"
46,Common Room in Burlington Square,"$1,800/mo"
47,Master Room in UE Square,"$2,200/mo"
48,Master Room in Burlington Square,"$2,600/mo"
49,Room in Mackenzie 88,"$3,500/mo"
50,Master Room in One Oxley Rise,"$2,300/mo"
51,Room in UE Square,"$2,000/mo"
52,Room in Sophia Hills,"$2,500/mo"
53,Common Room in The Mkz,"$1,680/mo"
54,Common Room in Hollywood Apartments,"$1,550/mo"
55,Room in Wilkie Apartments,"$2,350/mo"
56,Room in 232 Bain Street,"$1,500/mo"
57,Common Room in UE Square,"$2,300/mo"
58,Common Room in UE Square,"$2,100/mo"
59,Room in The Metz,"$5,500/mo"
60,Master Room in Liv On Wilkie,"$2,500/mo"
61,Room in 8 Selegie Road,"$1,200/mo"
62,Room in Sophia Hills,"$2,700/mo"
63,Common Room in 263 Waterloo Street,"$1,400/mo"
64,Master Room in Bencoolen House,"$2,200/mo"
65,Common Room in Former Peace Centre/Peace Mansion,"$2,300/mo"
66,Common Room in Cavenagh Gardens,"$1,680/mo"
67,Room in The Bencoolen,"$2,600/mo"
68,Room in Kreta Ayer Conservation Area,"$2,333/mo"
69,Room in Furama City Centre Singapore,"$4,600/mo"
70,Room in Green World,"$3,167/mo"
71,Room in Far East Plaza,"$1,667/mo"
72,Room in Jalan Besar,"$2,940/mo"
73,Common Room in 11 Farrer Park Road,"$1,400/mo"
74,Common Room in Kimsia Park,"$1,500/mo"
75,Common Room in People's Park Complex,"$1,200/mo"
76,Master Room in Tiara,"$2,600/mo"
77,Master Room in The Plaza,"$3,500/mo"
78,Common Room in The Plaza,"$2,800/mo"
79,Master Room in The Riverside Piazza,"$1,600/mo"
80,Master Room in Kimsia Court,"$2,100/mo"
81,Common Room in Kimsia Court,"$1,700/mo"
82,Master Room in Fook Hai Building,"$1,400/mo"
83,Master Room in 12 Farrer Park Road,"$2,000/mo"
84,Common Room in People's Park Complex,"$1,100/mo"
85,Room in Furama City Centre Singapore,"$3,300/mo"
86,Common Room in 668 Chander Road,"$2,800/mo"
87,Common Room in The Riverside Piazza,"$1,600/mo"
88,Master Room in Gloucester Mansions,"$2,700/mo"
89,Common Room in People's Park Complex,"$1,200/mo"
90,Common Room in People's Park Complex,"$1,699/mo"
91,Common Room in People's Park Complex,"$2,000/mo"
92,Common Room in Euro-Asia Court,"$1,450/mo"
93,Master Room in Euro-Asia Court,"$2,600/mo"
94,Common Room in 538 Upper Cross Street,"$1,300/mo"
95,Common Room in Elizabeth Towers,"$1,800/mo"
96,Common Room in Emerald Garden,"$2,100/mo"
97,Common Room in Emerald Garden,"$2,300/mo"
98,Common Room in Parc Centennial,"$2,250/mo"
99,Room in The Scotts Tower,"$5,150/mo"
100,Common Room in Euro-Asia Court,"$1,250/mo"
101,Master Room in Kreta Ayer Conservation Area,"$4,620/mo"
102,Common Room in 681 Race Course Road,"$1,100/mo"
103,Common Room in Kimsia Court,"$1,700/mo"
104,Room in Uptown @ Farrer,"$3,200/mo"
105,Common Room in Emerald Garden,"$2,100/mo"
106,Common Room in Emerald Garden,"$2,200/mo"
107,Common Room in Kimsia Court,"$1,300/mo"
108,Common Room in People's Park Complex,"$1,699/mo"
109,Common Room in City Square Residences,"$2,200/mo"
110,Common Room in People's Park Complex,"$1,200/mo"
111,Common Room in People's Park Complex,"$1,699/mo"
112,Common Room in City Square Residences,"$2,200/mo"
113,Common Room in Sultan Gate Place,"$1,150/mo"
114,Common Room in Kimsia Court,"$1,508/mo"
115,Master Room in Jalan Besar Plaza,"$2,500/mo"
116,Room in Duo Residences / Duo Tower,"$4,499/mo"
117,Room in 668 Chander Road,"$1,488/mo"
118,Room in Emerald Garden,"$2,100/mo"
119,Master Room in Emerald Garden,"$2,850/mo"
120,Common Room in The Lincoln Residences,"$1,450/mo"
121,Master Room in Elizabeth Heights,"$2,000/mo"
122,Room in Fraser Residence Singapore,"$2,900/mo"
123,Master Room in The Riverside Piazza,"$1,600/mo"
124,Common Room in Great World City,"$1,950/mo"
125,Master Room in Mirage Tower,"$2,700/mo"
126,Common Room in Riverdale Residence,"$1,800/mo"
127,Common Room in Owen Road,"$2,000/mo"
128,Common Room in City Square Residences,"$2,000/mo"
129,Common Room in City Square Residences,"$2,000/mo"
130,Room in Illuminaire On Devonshire,"$4,000/mo"
131,Common Room in People's Park Complex,"$1,050/mo"
132,Common Room in The Lincoln Residences,"$1,600/mo"
133,Common Room in Race Course Mansion,"$1,600/mo"
134,Room in City Square Residences,"$2,600/mo"
135,Master Room in Emerald Garden,"$2,950/mo"
136,Common Room in Little India Conservation Area,"$6,500/mo"
137,Common Room in Emerald Garden,"$2,100/mo"
138,Room in City Square Residences,"$2,600/mo"
139,Master Room in 25 Truro Road,"$2,288/mo"
140,Common Room in Emerald Garden,"$2,250/mo"
141,Common Room in Emerald Garden,"$2,200/mo"
142,Room in 466 Crawford Lane,"$1,100/mo"
143,Common Room in The Riverside Piazza,"$1,800/mo"
144,Common Room in 12 Farrer Park Road,"$1,500/mo"
145,Common Room in Emerald Garden,"$2,600/mo"
146,Common Room in Emerald Garden,"$2,100/mo"
147,Common Room in Mirage Tower,"$1,850/mo"
148,Common Room in Kimsia Court,"$1,400/mo"
149,Common Room in Yong An Park,"$1,650/mo"
150,Common Room in Lucky Plaza,"$1,988/mo"
151,Master Room in City Square Residences,"$2,600/mo"
152,Common Room in 48A Dorset Road,$950/mo
153,Common Room in City Square Residences,"$1,800/mo"
154,Common Room in Tiara,"$1,000/mo"
155,Master Room in Little India Conservation Area,"$2,000/mo"
156,Room in The Scotts Tower,"$5,150/mo"
157,Master Room in City Square Residences,"$2,600/mo"
158,Master Room in City Square Residences,"$2,300/mo"
159,Common Room in City Square Residences,"$1,600/mo"
160,Master Room in River Valley Apartments,"$2,200/mo"
161,Common Room in Kellock Lodge,"$1,500/mo"
162,Room in 26 Jalan Berseh,"$1,278/mo"
163,Common Room in 26 Jalan Berseh,"$1,200/mo"
164,Common Room in City Square Residences,"$2,100/mo"
165,Master Room in Fraser Residence Singapore,"$2,900/mo"
166,Common Room in Fraser Residence Singapore,"$2,800/mo"
167,Master Room in People's Park Complex,"$1,800/mo"
168,Room in Mirage Tower,"$2,700/mo"
169,Room in Fraser Residence Singapore,"$2,900/mo"
170,Master Room in Fraser Residence Singapore,"$2,900/mo"
171,Room in 12 North Bridge Road,"$1,200/mo"
172,Master Room in People's Park Complex,"$1,500/mo"
173,Master Room in 641 Rowell Road,"$2,200/mo"
174,Common Room in People's Park Complex,"$1,300/mo"
175,Common Room in Kentish Court,"$1,350/mo"
176,Room in Fraser Residence Singapore,"$2,900/mo"
177,Master Room in City Square Mall,"$2,900/mo"
178,Common Room in Hoot Kiam Mansion,"$1,700/mo"
179,Master Room in Fraser Residence Singapore,"$2,900/mo"
180,Master Room in 75BR,"$4,200/mo"
181,Common Room in 641 Rowell Road,"$1,700/mo"
182,Common Room in Horizon Towers,"$1,700/mo"
183,Common Room in 642 Rowell Road,"$1,400/mo"
184,Master Room in People's Park Complex,"$1,450/mo"
185,Common Room in City Square Residences,"$1,600/mo"
186,Common Room in City Square Residences,"$1,700/mo"
187,Master Room in Kimsia Court,"$2,500/mo"
188,Common Room in Race Course Mansion,"$1,800/mo"
189,Room in 8 St Thomas,"$8,000/mo"
190,Room in Cairnhill Nine,"$8,000/mo"
191,Room in OUE Twin Peaks,"$5,300/mo"
192,Common Room in Lucky Plaza,"$2,200/mo"
193,Master Room in Fraser Residence Singapore,"$2,900/mo"
194,Room in Uptown @ Farrer,"$2,900/mo"
195,Master Room in Beach Road Conservation Area,"$3,800/mo"
196,Room in Fraser Residence Singapore,"$3,800/mo"
197,Room in Fraser Residence Singapore,"$3,200/mo"
198,Room in Fraser Residence Singapore,"$2,900/mo"
199,Common Room in 334 Kreta Ayer Road,"$1,200/mo"
