,Property,Price
0,Master Room in 418 Clementi Avenue 1,"$1,600/mo"
1,Common Room in 28C Dover Crescent,"$1,500/mo"
2,Common Room in 352 Clementi Avenue 2,"$1,900/mo"
3,Common Room in Pandan Valley,"$1,300/mo"
4,Common Room in 3 Ghim Moh Road,$900/mo
5,Common Room in 31 Ghim Moh Link,"$1,100/mo"
6,Common Room in 31 Ghim Moh Link,"$1,350/mo"
7,Master Room in 417 Clementi Avenue 1,"$1,800/mo"
8,Master Room in 365 Clementi Avenue 2,"$1,200/mo"
9,Master Room in 354 Clementi Avenue 2,"$2,300/mo"
10,Common Room in 28 Ghim Moh Link,$900/mo
11,Room in Astor Green,"$1,600/mo"
12,Common Room in 19 Dover Crescent,"$1,500/mo"
13,Common Room in Pine Grove,"$1,250/mo"
14,Common Room in 414 Commonwealth Avenue West,$800/mo
15,Master Room in 362 Clementi Avenue 2,"$1,388/mo"
16,Room in 354 Clementi Avenue 2,"$1,300/mo"
17,Common Room in Holland Grove,"$3,000/mo"
18,Common Room in Dover Parkview,"$1,500/mo"
19,Common Room in Dover Parkview,"$1,500/mo"
20,Common Room in Parksuites,"$1,700/mo"
21,Common Room in 19 Dover Crescent,"$1,500/mo"
22,Master Room in 425 Clementi Avenue 1,"$1,450/mo"
23,Master Room in Pine Grove,"$1,600/mo"
24,Master Room in 365 Clementi Avenue 2,"$1,500/mo"
25,Common Room in West Bay Condominium,"$1,650/mo"
26,Master Room in 310 Clementi Avenue 4,"$1,500/mo"
27,Master Room in Willyn Ville,"$3,000/mo"
28,Common Room in 310 Clementi Avenue 4,"$1,200/mo"
29,Common Room in 332 Clementi Avenue 2,"$1,200/mo"
30,Common Room in 1 Dover Road,"$1,000/mo"
31,Common Room in 4 Holland Close,"$1,500/mo"
32,Common Room in 724 Clementi West Street 2,"$1,100/mo"
33,Master Room in Willyn Ville,"$2,700/mo"
34,Master Room in Willyn Ville,"$2,800/mo"
35,Common Room in West Bay Condominium,"$1,750/mo"
36,Common Room in 376 Clementi Avenue 4,$400/mo
37,Common Room in 101 Clementi Street 14,$900/mo
38,Master Room in 364 Clementi Avenue 2,"$1,000/mo"
39,Master Room in The Parc Condominium,"$1,750/mo"
40,Common Room in 4 Holland Close,"$1,500/mo"
41,Common Room in One North Residences,"$3,000/mo"
42,Common Room in 19 Ghim Moh Road,"$1,100/mo"
43,Common Room in 4 Holland Close,"$1,200/mo"
44,Master Room in 330 Clementi Avenue 2,"$1,200/mo"
45,Room in Pasir Panjang Gardens,"$1,600/mo"
46,Master Room in Dynasty Garden,"$2,000/mo"
47,Room in 13 Holland Drive,"$2,100/mo"
48,Room in 375 Clementi Avenue 4,"$1,800/mo"
49,Master Room in 729 Clementi West Street 2,"$1,600/mo"
50,Master Room in The Parc Condominium,"$2,300/mo"
51,Common Room in The Parc Condominium,"$1,700/mo"
52,Room in 101 Clementi Street 14,$900/mo
53,Common Room in 13 Holland Drive,"$1,200/mo"
54,Master Room in 305 Clementi Avenue 4,"$1,800/mo"
55,Common Room in 509 West Coast Drive,"$1,500/mo"
56,Common Room in The Parc Condominium,"$1,750/mo"
57,Master Room in The Parc Condominium,"$3,000/mo"
58,Master Room in West Bay Condominium,"$2,000/mo"
59,Common Room in Ming Teck Park,"$2,200/mo"
60,Common Room in 374 Clementi Avenue 4,"$2,000/mo"
61,Common Room in 336 Clementi Avenue 2,"$1,100/mo"
62,Master Room in One North Residences,"$3,900/mo"
63,Master Room in 343 Clementi Avenue 5,$800/mo
64,Common Room in 449 Clementi Avenue 3,"$1,800/mo"
65,Room in 2 Holland Avenue,"$1,800/mo"
66,Room in 2 Holland Avenue,"$1,400/mo"
67,Common Room in 7 Commonwealth Avenue,"$1,100/mo"
68,Common Room in 375 Clementi Avenue 4,"$2,000/mo"
69,Common Room in 441B Clementi Avenue 3,"$1,350/mo"
70,Common Room in 311C Clementi Avenue 4,"$1,500/mo"
71,Master Room in One North Residences,"$3,000/mo"
72,Common Room in 428 Clementi Avenue 3,"$1,000/mo"
73,Common Room in 332 Clementi Avenue 2,"$1,200/mo"
74,Common Room in 371 Clementi Avenue 4,"$1,200/mo"
75,Common Room in 442 Clementi Avenue 3,"$1,500/mo"
76,Master Room in The Parc Condominium,"$2,200/mo"
77,Room in 342 Clementi Avenue 5,"$1,400/mo"
78,Room in 462 Clementi Avenue 3,"$1,250/mo"
79,Room in 347 Clementi Avenue 5,"$1,300/mo"
80,Room in 724 Clementi West Street 2,$600/mo
81,Master Room in Dynasty Garden,"$2,000/mo"
82,Common Room in Freesia Woods,"$1,888/mo"
83,Master Room in One North Residences,"$1,800/mo"
84,Common Room in Dynasty Garden,"$2,500/mo"
85,Master Room in 441A Clementi Avenue 3,"$1,400/mo"
86,Master Room in Dynasty Garden,"$2,000/mo"
87,Common Room in 375 Clementi Avenue 4,"$2,000/mo"
88,Common Room in The Parc Condominium,"$2,100/mo"
89,Common Room in 609 Clementi West Street 1,"$1,200/mo"
90,Common Room in Westpeak Terrace,"$2,200/mo"
91,Common Room in Westpeak Terrace,"$2,300/mo"
92,Room in 440B Clementi Avenue 3,"$1,500/mo"
93,Master Room in 13 Holland Drive,"$1,850/mo"
94,Common Room in 430 Clementi Avenue 3,"$1,400/mo"
95,Common Room in 11 Holland Drive,"$1,088/mo"
96,Common Room in West Bay Condominium,"$1,750/mo"
97,Common Room in 21 Ghim Moh Road,"$1,300/mo"
98,Master Room in 341 Clementi Avenue 5,"$1,300/mo"
99,Room in 449 Clementi Avenue 3,"$1,800/mo"
100,Common Room in 6 Ghim Moh Road,$600/mo
101,Master Room in West Bay Condominium,"$1,750/mo"
102,Room in 21 Holland Drive,"$2,000/mo"
