,Property,Price
0,Room in 32 Tras Street,"$3,981/mo"
1,Master Room in Fook Hai Building,"$1,400/mo"
2,Master Room in Icon,"$2,700/mo"
3,Common Room in The Sail @ Marina Bay,"$2,700/mo"
4,Common Room in 538 Upper Cross Street,"$1,300/mo"
5,Common Room in The Sail @ Marina Bay,"$2,500/mo"
6,Common Room in Emerald Garden,"$2,100/mo"
7,Common Room in Emerald Garden,"$2,300/mo"
8,Common Room in The Sail @ Marina Bay,"$2,700/mo"
9,Master Room in The Sail @ Marina Bay,"$3,000/mo"
10,Common Room in Emerald Garden,"$2,100/mo"
11,Common Room in Emerald Garden,"$2,200/mo"
12,Room in Skysuites @ Anson,"$3,000/mo"
13,Common Room in The Sail @ Marina Bay,"$2,500/mo"
14,Common Room in The Sail @ Marina Bay,"$2,500/mo"
15,Common Room in The Sail @ Marina Bay,"$2,500/mo"
16,Common Room in International Plaza,"$1,700/mo"
17,Room in Emerald Garden,"$2,100/mo"
18,Master Room in Emerald Garden,"$2,850/mo"
19,Master Room in Emerald Garden,"$2,950/mo"
20,Common Room in Emerald Garden,"$2,100/mo"
21,Common Room in Emerald Garden,"$2,250/mo"
22,Common Room in Emerald Garden,"$2,200/mo"
23,Master Room in The Sail @ Marina Bay,"$7,000/mo"
24,Common Room in The Sail @ Marina Bay,"$2,800/mo"
25,Common Room in Emerald Garden,"$2,600/mo"
26,Common Room in Emerald Garden,"$2,100/mo"
27,Master Room in Skysuites @ Anson,"$4,388/mo"
28,Room in V On Shenton,"$4,300/mo"
29,Master Room in The Sail @ Marina Bay,"$3,950/mo"
30,Common Room in The Sail @ Marina Bay,"$2,750/mo"
31,Master Room in International Plaza,"$2,900/mo"
32,Master Room in The Sail @ Marina Bay,"$1,900/mo"
33,Room in One Shenton,"$5,000/mo"
34,Master Room in Skysuites @ Anson,"$4,200/mo"
35,Common Room in The Sail @ Marina Bay,"$2,500/mo"
36,Room in Skysuites @ Anson,"$4,200/mo"
37,Room in Skysuites @ Anson,"$4,500/mo"
38,Room in V On Shenton,"$4,200/mo"
39,Room in Skysuites @ Anson,"$4,500/mo"
40,Room in Kreta Ayer Conservation Area,"$2,333/mo"
41,Room in Furama City Centre Singapore,"$4,600/mo"
42,Common Room in People's Park Complex,"$1,100/mo"
43,Common Room in UE Square,"$1,950/mo"
44,Master Room in The Riverside Piazza,"$1,600/mo"
45,Common Room in UE Square,"$1,950/mo"
46,Common Room in People's Park Complex,"$1,200/mo"
47,Common Room in 2 Tanjong Pagar Plaza,"$1,500/mo"
48,Room in Furama City Centre Singapore,"$3,300/mo"
49,Common Room in The Riverside Piazza,"$1,600/mo"
50,Common Room in People's Park Complex,"$1,200/mo"
51,Common Room in People's Park Complex,"$1,699/mo"
52,Common Room in People's Park Complex,"$2,000/mo"
53,Common Room in Spottiswoode Park,"$1,600/mo"
54,Master Room in Kreta Ayer Conservation Area,"$4,620/mo"
55,Common Room in UE Square,"$1,950/mo"
56,Common Room in People's Park Complex,"$1,699/mo"
57,Common Room in People's Park Complex,"$1,200/mo"
58,Common Room in UE Square,"$1,950/mo"
59,Common Room in People's Park Complex,"$1,699/mo"
60,Master Room in The Riverside Piazza,"$1,600/mo"
61,Room in UE Square,"$2,300/mo"
62,Common Room in People's Park Complex,"$1,050/mo"
63,Common Room in 4 Tanjong Pagar Plaza,"$1,500/mo"
64,Common Room in 232 Bain Street,"$1,418/mo"
65,Common Room in Spottiswoode Park,"$1,350/mo"
66,Common Room in 333 Kreta Ayer Road,"$3,300/mo"
67,Common Room in 2 Tanjong Pagar Plaza,"$1,500/mo"
68,Common Room in The Riverside Piazza,"$1,800/mo"
69,Common Room in UE Square,"$2,200/mo"
70,Common Room in 1557 Keppel Road,"$3,500/mo"
71,Common Room in UE Square,"$2,400/mo"
72,Common Room in UE Square,"$2,100/mo"
73,Master Room in UE Square,"$2,200/mo"
74,Common Room in 18 Cantonment Close,"$1,600/mo"
75,Master Room in Spottiswoode Park,"$1,200/mo"
76,Room in 1F Cantonment Road,"$1,800/mo"
77,Room in UE Square,"$2,000/mo"
78,Master Room in People's Park Complex,"$1,800/mo"
79,Room in 232 Bain Street,"$1,500/mo"
80,Common Room in 4 Tanjong Pagar Plaza,"$1,580/mo"
81,Common Room in 1A Cantonment Road,"$1,900/mo"
82,Common Room in 4 Tanjong Pagar Plaza,"$1,500/mo"
83,Common Room in UE Square,"$2,300/mo"
84,Common Room in UE Square,"$2,100/mo"
85,Master Room in People's Park Complex,"$1,500/mo"
86,Common Room in People's Park Complex,"$1,300/mo"
87,Room in 1 Cantonment Road,"$1,949/mo"
88,Master Room in People's Park Complex,"$1,450/mo"
89,Common Room in 1 Cantonment Road,"$1,650/mo"
90,Room in 1F Cantonment Road,"$1,850/mo"
91,Common Room in 8 Cantonment Close,"$1,600/mo"
92,Common Room in 334 Kreta Ayer Road,"$1,200/mo"
93,Common Room in 2 Tanjong Pagar Plaza,"$1,900/mo"
