,Property,Price
0,Room in 48 Bencoolen Street,"$4,333/mo"
1,Room in 12 Queen Street,"$5,000/mo"
2,Master Room in The Plaza,"$3,500/mo"
3,Common Room in The Plaza,"$2,800/mo"
4,Common Room in Bencoolen House,"$1,600/mo"
5,Room in Duo Residences / Duo Tower,"$4,499/mo"
6,Common Room in 232 Bain Street,"$1,418/mo"
7,Common Room in The Bencoolen,"$1,950/mo"
8,Common Room in Sunshine Plaza,"$1,000/mo"
9,Room in 269B Queen Street,"$1,400/mo"
10,Room in 232 Bain Street,"$1,500/mo"
11,Master Room in 75BR,"$4,200/mo"
12,Common Room in 263 Waterloo Street,"$1,400/mo"
13,Master Room in Bencoolen House,"$2,200/mo"
14,Master Room in Beach Road Conservation Area,"$3,800/mo"
15,Room in The Bencoolen,"$2,600/mo"
16,Room in 22 Cavenagh Road,"$3,334/mo"
17,Room in Kreta Ayer Conservation Area,"$2,333/mo"
18,Room in Furama City Centre Singapore,"$4,600/mo"
19,Room in OG Orchard Point,"$8,833/mo"
20,Room in Jalan Besar,"$2,940/mo"
21,Master Room in The Riverside Piazza,"$1,600/mo"
22,Master Room in Fook Hai Building,"$1,400/mo"
23,Common Room in UE Square,"$1,950/mo"
24,Master Room in Orchard Court,"$2,000/mo"
25,Common Room in UE Square,"$1,950/mo"
26,Common Room in People's Park Complex,"$1,200/mo"
27,Master Room in 813 Jellicoe Road,"$1,500/mo"
28,Common Room in 2 Beach Road,"$1,500/mo"
29,Master Room in Peace Centre/Peace Mansion / Peace Centre,"$1,500/mo"
30,Common Room in Peace Centre/Peace Mansion / Peace Centre,"$1,100/mo"
31,Common Room in People's Park Complex,"$1,100/mo"
32,Master Room in One Oxley Rise,"$2,300/mo"
33,Master Room in Former Peace Centre/Peace Mansion,"$2,500/mo"
34,Common Room in The Sail @ Marina Bay,"$2,700/mo"
35,Room in Furama City Centre Singapore,"$3,300/mo"
36,Master Room in Orchard Court,"$2,000/mo"
37,Common Room in 668 Chander Road,"$2,800/mo"
38,Common Room in The Riverside Piazza,"$1,600/mo"
39,Common Room in People's Park Complex,"$1,200/mo"
40,Common Room in People's Park Complex,"$1,699/mo"
41,Common Room in People's Park Complex,"$2,000/mo"
42,Common Room in Euro-Asia Court,"$1,450/mo"
43,Master Room in Euro-Asia Court,"$2,600/mo"
44,Common Room in 538 Upper Cross Street,"$1,300/mo"
45,Common Room in The Sail @ Marina Bay,"$2,500/mo"
46,Common Room in Emerald Garden,"$2,100/mo"
47,Common Room in Emerald Garden,"$2,300/mo"
48,Master Room in Langston Ville,"$2,700/mo"
49,Common Room in The Sail @ Marina Bay,"$2,700/mo"
50,Master Room in The Sail @ Marina Bay,"$3,500/mo"
51,Common Room in Oleanas Residence,"$1,900/mo"
52,Common Room in Euro-Asia Court,"$1,250/mo"
53,Master Room in Kreta Ayer Conservation Area,"$4,620/mo"
54,Master Room in Burlington Square,"$2,500/mo"
55,Common Room in Burlington Square,"$1,900/mo"
56,Master Room in The Sail @ Marina Bay,"$3,500/mo"
57,Common Room in Emerald Garden,"$2,100/mo"
58,Common Room in Emerald Garden,"$2,200/mo"
59,Common Room in The Sail @ Marina Bay,"$2,500/mo"
60,Common Room in UE Square,"$1,950/mo"
61,Common Room in The Sail @ Marina Bay,"$2,500/mo"
62,Common Room in The Sail @ Marina Bay,"$2,500/mo"
63,Common Room in People's Park Complex,"$1,699/mo"
64,Common Room in City Square Residences,"$2,200/mo"
65,Common Room in People's Park Complex,"$1,200/mo"
66,Common Room in UE Square,"$1,950/mo"
67,Common Room in River Valley Court,"$1,280/mo"
68,Common Room in People's Park Complex,"$1,699/mo"
69,Common Room in City Square Residences,"$2,200/mo"
70,Common Room in Sultan Gate Place,"$1,150/mo"
71,Master Room in Jalan Besar Plaza,"$2,500/mo"
72,Room in 668 Chander Road,"$1,488/mo"
73,Room in Emerald Garden,"$2,100/mo"
74,Room in Langston Ville,"$2,700/mo"
75,Master Room in Emerald Garden,"$2,850/mo"
76,Room in 32 Penhas Road,"$1,449/mo"
77,Master Room in The Riverside Piazza,"$1,600/mo"
78,Master Room in 813 Jellicoe Road,"$1,300/mo"
79,Room in UE Square,"$2,300/mo"
80,Common Room in City Square Residences,"$2,000/mo"
81,Common Room in City Square Residences,"$2,000/mo"
82,Common Room in Citylights,"$2,000/mo"
83,Common Room in People's Park Complex,"$1,050/mo"
84,Common Room in Race Course Mansion,"$1,600/mo"
85,Room in City Square Residences,"$2,600/mo"
86,Room in 32 Penhas Road,"$2,849/mo"
87,Master Room in Emerald Garden,"$2,950/mo"
88,Common Room in Little India Conservation Area,"$6,500/mo"
89,Common Room in Emerald Garden,"$2,100/mo"
90,Room in City Square Residences,"$2,600/mo"
91,Common Room in Emerald Garden,"$2,250/mo"
92,Common Room in Emerald Garden,"$2,200/mo"
93,Master Room in Burlington Square,"$2,500/mo"
94,Room in 466 Crawford Lane,"$1,100/mo"
95,Common Room in The Riverside Piazza,"$1,800/mo"
96,Common Room in UE Square,"$2,200/mo"
97,Master Room in The Sail @ Marina Bay,"$7,000/mo"
98,Common Room in The Sail @ Marina Bay,"$2,800/mo"
99,Common Room in Emerald Garden,"$2,600/mo"
100,Common Room in Emerald Garden,"$2,100/mo"
101,Room in Sophia Hills,"$2,400/mo"
102,Master Room in Water Place,"$7,000/mo"
103,Common Room in Niven Road,"$1,200/mo"
104,Room in V On Shenton,"$4,300/mo"
105,Common Room in Aspen Heights,"$1,500/mo"
106,Common Room in Burlington Square,"$1,400/mo"
107,Common Room in Lloyd Mansion,"$2,000/mo"
108,Common Room in Aspen Heights,"$1,200/mo"
109,Master Room in City Square Residences,"$2,600/mo"
110,Master Room in Sophia Crest,"$2,400/mo"
111,Common Room in UE Square,"$2,400/mo"
112,Common Room in UE Square,"$2,100/mo"
113,Common Room in City Square Residences,"$1,800/mo"
114,Common Room in Burlington Square,"$1,900/mo"
115,Master Room in Burlington Square,"$2,600/mo"
116,Master Room in Little India Conservation Area,"$2,000/mo"
117,Master Room in City Square Residences,"$2,600/mo"
118,Master Room in City Square Residences,"$2,300/mo"
119,Common Room in City Square Residences,"$1,600/mo"
120,Master Room in The Sail @ Marina Bay,"$3,950/mo"
121,Common Room in The Sail @ Marina Bay,"$2,750/mo"
122,Room in Burlington Square,"$1,800/mo"
123,Common Room in 813 Jellicoe Road,"$1,500/mo"
124,Common Room in Wilkie Court,"$1,250/mo"
125,Common Room in Burlington Square,"$1,800/mo"
126,Master Room in UE Square,"$2,200/mo"
127,Master Room in The Sail @ Marina Bay,"$1,900/mo"
128,Room in One Shenton,"$5,000/mo"
129,Room in 26 Jalan Berseh,"$1,278/mo"
130,Common Room in 26 Jalan Berseh,"$1,200/mo"
131,Room in Mackenzie 88,"$3,500/mo"
132,Common Room in City Square Residences,"$2,100/mo"
133,Master Room in One Oxley Rise,"$2,300/mo"
134,Common Room in The Sail @ Marina Bay,"$2,500/mo"
135,Room in UE Square,"$2,000/mo"
136,Room in Sophia Hills,"$2,500/mo"
137,Common Room in The Mkz,"$1,680/mo"
138,Master Room in People's Park Complex,"$1,800/mo"
139,Common Room in Hollywood Apartments,"$1,550/mo"
140,Common Room in Race Course Mansion,"$1,800/mo"
141,Room in Wilkie Apartments,"$2,350/mo"
142,Common Room in UE Square,"$2,300/mo"
143,Common Room in UE Square,"$2,100/mo"
144,Room in 12 North Bridge Road,"$1,200/mo"
145,Master Room in People's Park Complex,"$1,500/mo"
146,Master Room in 641 Rowell Road,"$2,200/mo"
147,Common Room in People's Park Complex,"$1,300/mo"
148,Master Room in Liv On Wilkie,"$2,500/mo"
149,Common Room in 641 Rowell Road,"$1,700/mo"
150,Common Room in 642 Rowell Road,"$1,400/mo"
151,Master Room in People's Park Complex,"$1,450/mo"
152,Room in 8 Selegie Road,"$1,200/mo"
153,Common Room in City Square Residences,"$1,600/mo"
154,Common Room in City Square Residences,"$1,700/mo"
155,Room in V On Shenton,"$4,200/mo"
156,Room in Sophia Hills,"$2,700/mo"
157,Common Room in Parkshore,"$2,200/mo"
158,Common Room in Citylights,"$1,950/mo"
159,Room in 813 Jellicoe Road,"$1,500/mo"
160,Common Room in 334 Kreta Ayer Road,"$1,200/mo"
161,Common Room in Former Peace Centre/Peace Mansion,"$2,300/mo"
