,Property,Price
0,Master Room in Casa Aroma,"$2,500/mo"
1,Master Room in Onan Road,"$2,000/mo"
2,Room in Casa Aroma,"$1,400/mo"
3,Master Room in Casa Aroma,"$2,500/mo"
4,Common Room in 20 Eunos Crescent,$850/mo
5,Common Room in Casa Aroma,"$1,700/mo"
6,Master Room in Lorong H Telok Kurau,"$1,650/mo"
7,Master Room in Lorong H Telok Kurau,"$1,700/mo"
8,Common Room in Casa Aroma,"$1,700/mo"
9,Common Room in 16 Eunos Crescent,$950/mo
10,Common Room in Casa Aroma,"$1,700/mo"
11,Common Room in Casa Aroma,"$1,500/mo"
12,Room in Parc Esta,"$4,000/mo"
13,Common Room in Kembangan Estate,"$1,750/mo"
14,Common Room in Casa Aroma,"$1,500/mo"
15,Room in Tembeling Road,"$1,650/mo"
16,Common Room in Langsat Road,"$1,500/mo"
17,Room in Casa Aroma,"$1,600/mo"
18,Master Room in 330 Ubi Avenue 1,"$1,800/mo"
19,Common Room in 32 Eunos Crescent,"$1,000/mo"
20,Master Room in Onan Road,"$2,200/mo"
21,Common Room in 334 Ubi Avenue 1,"$1,150/mo"
22,Room in Parc Esta,"$2,800/mo"
23,Room in 3 Joo Chiat Road,"$1,400/mo"
24,Master Room in Lorong H Telok Kurau,"$1,700/mo"
25,Room in Langsat Road,"$3,300/mo"
26,Common Room in Parc Esta,"$2,800/mo"
27,Master Room in 14 Eunos Crescent,"$1,500/mo"
28,Room in 17 Eunos Crescent,"$1,600/mo"
29,Common Room in 21 Eunos Crescent,"$1,250/mo"
30,Common Room in 17 Eunos Crescent,$600/mo
31,Room in Soho Life,"$2,500/mo"
32,Master Room in 16 Eunos Crescent,"$1,588/mo"
33,Common Room in 341 Ubi Avenue 1,$750/mo
34,Common Room in Escada View,"$1,850/mo"
35,Common Room in Windy Heights,"$1,500/mo"
36,Common Room in The Amarelle,"$1,650/mo"
37,Common Room in Grandlink Square,"$1,400/mo"
38,Master Room in 83B Circuit Road,"$3,000/mo"
39,Master Room in Windy Heights,"$1,950/mo"
40,Room in 119 Aljunied Avenue 2,"$2,900/mo"
41,Common Room in Dunman Place,"$1,550/mo"
42,Common Room in Dunman Place,"$1,600/mo"
43,Room in Dunman Place,"$1,750/mo"
44,Common Room in Dunman Place,"$1,700/mo"
45,Master Room in Tembeling Lodge,"$2,550/mo"
46,Room in 119 Aljunied Avenue 2,"$2,500/mo"
47,Master Room in 106 Bedok Reservoir Road,"$1,200/mo"
48,Common Room in East View,"$1,500/mo"
49,Common Room in Joo Chiat Road,"$1,200/mo"
50,Common Room in Escada View,"$1,750/mo"
51,Common Room in Dunman Place,"$1,850/mo"
52,Common Room in 5 Haig Road,"$1,100/mo"
53,Room in 119 Aljunied Avenue 2,"$2,100/mo"
54,Common Room in 667 Jalan Damai,$700/mo
55,Common Room in Dunman Place,"$1,850/mo"
56,Common Room in Escada View,"$1,350/mo"
57,Common Room in Delight Court,"$1,350/mo"
58,Master Room in Windy Heights,"$1,900/mo"
59,Master Room in 83B Circuit Road,"$3,000/mo"
60,Common Room in Dunman Place,"$1,600/mo"
61,Common Room in 18A Circuit Road,"$1,480/mo"
62,Room in 659 Jalan Tenaga,"$1,150/mo"
63,Common Room in East Grove,"$1,300/mo"
64,Common Room in 103 Bedok Reservoir Road,$900/mo
65,Master Room in Sims 450 Centre,"$2,600/mo"
66,Room in Loft 33,"$1,600/mo"
67,Master Room in Sunny Grove,"$1,880/mo"
68,Common Room in Dunman Place,"$1,600/mo"
69,Common Room in Dunman Place,"$1,700/mo"
70,Common Room in euHabitat,"$2,000/mo"
71,Room in Grandlink Square,"$1,800/mo"
72,Common Room in Delight Court,"$1,358/mo"
73,Common Room in 60 Marine Drive,"$1,000/mo"
74,Master Room in Loft 33,"$1,900/mo"
75,Common Room in Tanjong Katong Road,"$1,680/mo"
76,Room in 5 Haig Road,"$1,500/mo"
77,Room in Sunny Grove,"$1,880/mo"
78,Common Room in Simsville,"$2,949/mo"
79,Common Room in Still Mansions,"$1,150/mo"
80,Common Room in Aston Mansions,"$1,450/mo"
81,Master Room in Simsville,"$2,300/mo"
82,Common Room in Simsville,"$1,680/mo"
83,Common Room in The Sunny Spring,$900/mo
84,Common Room in Dawn Ville,"$1,000/mo"
85,Master Room in Simsville,"$2,100/mo"
86,Master Room in 108 Aljunied Crescent,"$1,800/mo"
87,Common Room in 116 Bedok Reservoir Road,$950/mo
88,Room in 632 Bedok Reservoir Road,"$2,100/mo"
89,Common Room in Aston Mansions,"$1,600/mo"
90,Common Room in Aston Mansions,"$1,300/mo"
91,Room in Simsville,"$1,450/mo"
92,Common Room in Tembeling Lodge,"$2,900/mo"
93,Common Room in East Grove,"$1,400/mo"
94,Common Room in Maybelle Lodge,"$1,300/mo"
95,Common Room in 123 Geylang East Central,$900/mo
96,Room in Aston Mansions,"$2,300/mo"
97,Master Room in Simsville,"$2,500/mo"
98,Room in Simsville,"$1,550/mo"
99,Room in The Sunny Spring,$900/mo
100,Master Room in 302 Ubi Avenue 1,"$2,000/mo"
101,Master Room in 302 Ubi Avenue 1,"$2,000/mo"
102,Common Room in 151 Bedok Reservoir Road,$950/mo
103,Room in Dunman Place,"$1,400/mo"
104,Common Room in 92 Pipit Road,$900/mo
105,Master Room in Kembangan Court,"$2,000/mo"
106,Room in Penang Service Apartments,"$1,500/mo"
107,Common Room in 55 Chai Chee Drive,$900/mo
108,Common Room in Dunman Place,"$2,200/mo"
109,Common Room in 123 Geylang East Central,"$1,500/mo"
110,Master Room in Paradise Palms,"$2,499/mo"
111,Common Room in Paradise Palms,"$1,899/mo"
112,Common Room in The Sunny Spring,"$1,250/mo"
113,Common Room in 112 Bedok Reservoir Road,"$1,200/mo"
114,Common Room in East Bay Gardens,"$1,950/mo"
115,Room in Lotus at Paya Lebar (East Wing),"$3,710/mo"
116,Common Room in Sims Dorado,"$2,000/mo"
117,Room in Aston Mansions,"$2,500/mo"
118,Room in Sims Dorado,"$2,500/mo"
119,Master Room in The Ambra,"$2,000/mo"
120,Common Room in Palm Lodge,"$1,490/mo"
121,Common Room in The Sunny Spring,"$1,250/mo"
122,Master Room in East Coast Road,"$2,200/mo"
123,Common Room in 53 Pipit Road,"$1,200/mo"
124,Common Room in 47 Marine Crescent,$800/mo
125,Common Room in The Sunny Spring,"$1,600/mo"
126,Room in Penang Service Apartments,"$2,200/mo"
127,Common Room in D - Heritage Apartments,"$1,200/mo"
128,Common Room in Sims Residences,"$1,450/mo"
129,Common Room in Tembeling Road,"$1,150/mo"
130,Common Room in Dunman Place,"$1,600/mo"
131,Room in 632 Bedok Reservoir Road,"$2,100/mo"
132,Common Room in 66 Circuit Road,"$1,000/mo"
133,Master Room in Casa Emerald,"$2,000/mo"
134,Common Room in Casa Emerald,"$1,300/mo"
135,Common Room in 83A Circuit Road,"$1,500/mo"
136,Master Room in 55 Pipit Road,"$1,100/mo"
137,Common Room in Jalan Lapang,$900/mo
138,Room in Grandlink Square,"$2,000/mo"
139,Room in 59 Chai Chee Road,"$1,500/mo"
140,Room in Eis Residences,"$3,700/mo"
141,Common Room in Simsville,"$2,249/mo"
142,Room in 108 Bedok Reservoir Road,$800/mo
143,Common Room in Aston Mansions,"$1,450/mo"
144,Common Room in Lorong J Telok Kurau,"$1,050/mo"
145,Common Room in 147 Bedok Reservoir Road,$900/mo
146,Common Room in Lengkong Satu,"$1,800/mo"
147,Room in Tropika East,"$3,600/mo"
148,Room in 119 Aljunied Avenue 2,"$2,800/mo"
149,Room in 46 Marine Crescent,"$1,000/mo"
150,Room in 119 Aljunied Avenue 2,"$2,300/mo"
151,Common Room in Poshgrove East,"$1,500/mo"
152,Common Room in Astoria Park,"$1,400/mo"
153,Master Room in Frankel Estate,"$2,000/mo"
154,Master Room in 119 Aljunied Avenue 2,"$2,700/mo"
155,Master Room in 131 Bedok Reservoir Road,"$1,200/mo"
156,Common Room in 131 Bedok Reservoir Road,$900/mo
157,Common Room in 119 Aljunied Avenue 2,"$2,800/mo"
158,Room in Frankel Estate,"$2,000/mo"
159,Master Room in Frankel Estate,"$2,000/mo"
160,Master Room in 108 Aljunied Crescent,"$1,400/mo"
161,Master Room in Frankel Estate,"$2,100/mo"
162,Common Room in 632 Bedok Reservoir Road,"$1,900/mo"
163,Common Room in 60 Marine Drive,"$1,400/mo"
164,Common Room in Palm Lodge,"$1,490/mo"
165,Common Room in Infini at East Coast,"$3,500/mo"
166,Common Room in Cascata,"$1,300/mo"
167,Master Room in The Sunny Spring,"$1,800/mo"
168,Common Room in euHabitat,"$3,577/mo"
169,Common Room in Escada View,"$1,520/mo"
170,Common Room in euHabitat,"$2,100/mo"
171,Master Room in Simsville,"$1,949/mo"
172,Common Room in Grandlink Square,"$1,800/mo"
173,Room in Jalan Senyum,"$1,350/mo"
174,Master Room in Park Place Residences at Plq,"$2,800/mo"
175,Master Room in 302 Ubi Avenue 1,"$2,000/mo"
176,Master Room in Duku Lane,"$2,000/mo"
177,Master Room in The Esta,"$2,000/mo"
178,Room in Lotus at Paya Lebar (East Wing),"$4,570/mo"
179,Room in One K Greenlane,"$3,300/mo"
