,Property,Price
0,Master Room in Simei Green Condominium,"$1,800/mo"
1,Master Room in Simei Green Condominium,"$2,800/mo"
2,Common Room in Changi Court,"$1,350/mo"
3,Common Room in Changi Court,"$1,290/mo"
4,Common Room in Apollo Gardens,"$1,500/mo"
5,Common Room in Simei Green Condominium,"$1,300/mo"
6,Master Room in Simei Green Condominium,"$1,900/mo"
7,Common Room in Changi Court,"$1,280/mo"
8,Common Room in Changi Court,"$1,350/mo"
9,Common Room in Changi Court,"$1,200/mo"
10,Common Room in Tropicana Condominium,"$1,500/mo"
11,Common Room in Changi Court,"$1,050/mo"
12,Common Room in Changi Court,"$1,450/mo"
13,Master Room in Simei Green Condominium,"$2,800/mo"
14,Master Room in Simei Green Condominium,"$2,800/mo"
15,Master Room in Simei Green Condominium,"$2,800/mo"
16,Master Room in Simei Green Condominium,"$2,800/mo"
17,Master Room in Simei Green Condominium,"$2,800/mo"
18,Master Room in Simei Green Condominium,"$2,800/mo"
19,Master Room in Simei Green Condominium,"$2,800/mo"
20,Master Room in Simei Green Condominium,"$2,800/mo"
21,Master Room in Changi Court,"$1,900/mo"
22,Common Room in Golden Shower Park,"$1,800/mo"
23,Common Room in Tropicana Condominium,"$1,500/mo"
24,Common Room in Simei Green Condominium,"$1,680/mo"
25,Master Room in Simei Green Condominium,"$2,680/mo"
26,Common Room in Simei Green Condominium,"$1,449/mo"
27,Common Room in Simei Green Condominium,"$1,450/mo"
28,Master Room in Simei Green Condominium,"$2,800/mo"
29,Master Room in Simei Green Condominium,"$2,800/mo"
30,Common Room in Simei Green Condominium,"$1,800/mo"
31,Room in Simei Green Condominium,"$1,700/mo"
32,Common Room in Sunbird Park,"$1,600/mo"
33,Room in Changi Court,"$1,500/mo"
34,Room in Simei Green Condominium,"$1,550/mo"
35,Common Room in Changi Court,"$1,600/mo"
36,Common Room in Changi Court,"$1,600/mo"
37,Common Room in Simei Green Condominium,"$2,000/mo"
38,Room in Changi South Avenue 1,"$1,200/mo"
39,Common Room in Simei Green Condominium,"$1,600/mo"
40,Master Room in Simei Green Condominium,"$1,550/mo"
41,Master Room in Simei Green Condominium,"$1,650/mo"
42,Common Room in Apollo Gardens,"$1,900/mo"
43,Common Room in Simei Green Condominium,"$1,550/mo"
44,Common Room in Simei Green Condominium,"$2,180/mo"
45,Common Room in Simei Green Condominium,"$1,290/mo"
46,Common Room in Changi Court,"$1,500/mo"
47,Room in Changi Court,"$1,350/mo"
48,Common Room in Simei Green Condominium,"$1,450/mo"
49,Common Room in Simei Green Condominium,"$1,350/mo"
50,Room in Simei Green Condominium,"$1,400/mo"
51,Room in 168A Simei Lane,"$1,250/mo"
52,Master Room in Simei Green Condominium,"$1,600/mo"
53,Master Room in Simei Green Condominium,"$1,600/mo"
54,Common Room in Simei Green Condominium,"$1,813/mo"
55,Master Room in Eastpoint Green,"$2,800/mo"
56,Common Room in Savannah Condopark,"$1,190/mo"
57,Common Room in Harvey Crescent,$800/mo
58,Common Room in Savannah Condopark,"$1,190/mo"
59,Common Room in 242 Simei Street 5,"$1,200/mo"
60,Common Room in Eastpoint Green,"$1,400/mo"
61,Common Room in Eastpoint Green,"$1,450/mo"
62,Common Room in Eastpoint Green,"$1,850/mo"
63,Master Room in Eastpoint Green,"$2,650/mo"
64,Master Room in Eastpoint Green,"$2,600/mo"
65,Common Room in 149 Simei Street 1,"$1,600/mo"
66,Common Room in 244 Simei Street 5,"$1,380/mo"
67,Common Room in Sunhaven,"$1,350/mo"
68,Room in Melville Park,"$1,349/mo"
69,Common Room in East Meadows,"$1,350/mo"
70,Common Room in Sunhaven,"$1,250/mo"
71,Common Room in East Meadows,"$1,300/mo"
72,Common Room in The Springfield,"$1,500/mo"
73,Common Room in Eastpoint Green,"$1,580/mo"
74,Common Room in Eastpoint Green,"$2,749/mo"
75,Master Room in East Meadows,"$1,700/mo"
76,Common Room in 246 Simei Street 5,$750/mo
77,Common Room in Cascadale,$980/mo
78,Common Room in Stratford Court,"$1,280/mo"
79,Room in Siew Lim Park,"$2,200/mo"
80,Master Room in Limau Park,"$1,850/mo"
81,Common Room in 230 Simei Street 4,"$1,150/mo"
82,Common Room in Savannah Condopark,"$1,200/mo"
83,Common Room in Savannah Condopark,"$1,300/mo"
84,Master Room in Modena,"$1,350/mo"
85,Common Room in Eastpoint Green,"$1,600/mo"
86,Common Room in 275 Tampines Street 22,$900/mo
87,Common Room in Summer Gardens,"$1,100/mo"
88,Master Room in Eastpoint Green,"$2,650/mo"
89,Common Room in Eastpoint Green,"$1,580/mo"
90,Common Room in East Meadows,"$1,400/mo"
91,Common Room in Savannah Condopark,"$1,190/mo"
92,Common Room in Melville Park,"$1,350/mo"
93,Room in Melville Park,"$1,550/mo"
94,Room in 113 Simei Street 1,"$1,600/mo"
95,Common Room in 273 Tampines Street 22,$900/mo
96,Common Room in 253 Simei Street 1,"$1,000/mo"
97,Common Room in Melville Park,$800/mo
98,Common Room in 230 Simei Street 4,"$1,400/mo"
99,Room in 233 Simei Street 4,"$1,500/mo"
100,Master Room in The Glades,"$2,100/mo"
101,Room in Eastpoint Green,"$1,731/mo"
102,Common Room in 244 Simei Street 5,"$1,300/mo"
103,Common Room in 230 Simei Street 4,"$1,200/mo"
104,Master Room in Eastpoint Green,"$2,500/mo"
105,Room in Bedok Road,"$1,900/mo"
106,Common Room in East Meadows,"$1,400/mo"
107,Common Room in 230 Simei Street 4,"$1,150/mo"
108,Room in 244 Simei Street 5,"$1,380/mo"
109,Common Room in Eastpoint Green,"$2,000/mo"
110,Common Room in Eastpoint Green,"$1,488/mo"
111,Master Room in Seagull Walk,"$2,000/mo"
112,Room in Eastpoint Green,"$1,400/mo"
113,Master Room in Eastpoint Green,"$1,680/mo"
114,Common Room in Eastpoint Green,"$2,000/mo"
115,Common Room in Siew Lim Park,"$2,200/mo"
116,Common Room in 160 Simei Road,"$1,150/mo"
117,Common Room in Eastpoint Green,"$1,680/mo"
118,Common Room in Eastpoint Green,"$1,280/mo"
119,Common Room in 280 Tampines Street 22,"$1,400/mo"
120,Common Room in Eastpoint Green,"$2,200/mo"
121,Common Room in 244 Simei Street 5,"$1,300/mo"
122,Common Room in 165 Simei Road,"$1,400/mo"
123,Common Room in East Meadows,"$1,300/mo"
124,Room in 244 Simei Street 5,"$1,200/mo"
125,Master Room in 226 Simei Street 4,"$1,600/mo"
126,Master Room in Melville Park,"$2,300/mo"
127,Room in Melville Park,"$1,180/mo"
128,Common Room in 285 Tampines Street 22,$900/mo
129,Room in Eastpoint Green,"$1,280/mo"
130,Common Room in The Glades,"$1,600/mo"
131,Room in Melville Park,"$1,280/mo"
132,Room in Eastpoint Green,"$2,488/mo"
133,Room in 122 Simei Street 1,"$1,600/mo"
134,Room in 122 Simei Street 1,"$1,200/mo"
135,Room in Melville Park,"$1,550/mo"
136,Room in Eastpoint Green,"$1,488/mo"
137,Room in 158 Simei Road,$900/mo
138,Common Room in Eastpoint Green,"$1,450/mo"
139,Common Room in Eastpoint Green,"$1,499/mo"
140,Master Room in East Meadows,"$1,650/mo"
141,Common Room in Savannah Condopark,"$1,190/mo"
142,Master Room in Bedokville,"$2,000/mo"
143,Common Room in Eastpoint Green,"$2,400/mo"
144,Master Room in 130 Simei Street 1,$900/mo
145,Master Room in Bedokville,"$1,800/mo"
146,Master Room in Limau Villas,"$1,800/mo"
147,Master Room in Limau Villas,"$1,800/mo"
148,Room in East Village,"$1,800/mo"
149,Room in Eastpoint Green,"$2,400/mo"
150,Room in Eastpoint Green,"$1,680/mo"
151,Room in Eastpoint Green,"$2,688/mo"
152,Common Room in East Meadows,"$1,350/mo"
153,Room in Laguna 88,"$1,800/mo"
154,Common Room in Melville Park,"$1,499/mo"
155,Common Room in 340 Tampines Street 33,"$1,100/mo"
156,Common Room in Upper Changi Road East,"$1,200/mo"
157,Room in Eastpoint Green,"$1,280/mo"
158,Common Room in Eastpoint Green,"$1,680/mo"
159,Master Room in Eastpoint Green,"$1,480/mo"
160,Master Room in 230 Simei Street 4,"$1,500/mo"
161,Room in East Meadows,"$1,350/mo"
162,Common Room in Eastpoint Green,"$1,288/mo"
163,Common Room in Eastpoint Green,"$1,688/mo"
164,Master Room in Eastpoint Green,"$2,488/mo"
165,Room in Eastpoint Green,"$1,580/mo"
166,Common Room in Melville Park,"$1,300/mo"
167,Common Room in Summer Gardens,$900/mo
168,Room in Eastpoint Green,"$1,588/mo"
169,Common Room in 125 Tampines Street 11,"$1,200/mo"
170,Master Room in The Glades,"$6,200/mo"
