,Property,Price
0,Master Room in 250 Bangkit Road,$950/mo
1,Common Room in 544 Jelapang Road,"$1,050/mo"
2,Common Room in 540 Jelapang Road,$888/mo
3,Common Room in 507 Jelapang Road,$900/mo
4,Common Room in 519 Jelapang Road,"$1,000/mo"
5,Common Room in 150 Petir Road,$750/mo
6,Common Room in 515 Jelapang Road,$850/mo
7,Common Room in 177 Lompang Road,$900/mo
8,Common Room in 124 Pending Road,$450/mo
9,Common Room in 170 Gangsa Road,$900/mo
10,Common Room in 173 Gangsa Road,$950/mo
11,Master Room in 548A Segar Road,"$1,300/mo"
12,Common Room in 241 Bukit Panjang Ring Road,$700/mo
13,Common Room in 101 Gangsa Road,$900/mo
14,Common Room in 437 Fajar Road,"$1,200/mo"
15,Common Room in 621 Senja Road,$850/mo
16,Common Room in 102 Gangsa Road,$950/mo
17,Common Room in 476 Segar Road,$850/mo
18,Common Room in 150 Petir Road,$800/mo
19,Common Room in 509 Jelapang Road,$650/mo
20,Master Room in 175 Lompang Road,$908/mo
21,Common Room in 420 Fajar Road,$650/mo
22,Common Room in 476 Segar Road,$850/mo
23,Common Room in 546A Segar Road,$800/mo
24,Common Room in 110 Gangsa Road,"$1,300/mo"
25,Common Room in 412 Saujana Road,$950/mo
26,Room in 476 Segar Road,$850/mo
27,Room in 619 Bukit Panjang Ring Road,$800/mo
28,Common Room in 647B Senja Close,"$1,400/mo"
29,Room in 619 Bukit Panjang Ring Road,$900/mo
30,Room in 275 Bangkit Road,"$1,200/mo"
31,Common Room in 237 Bukit Panjang Ring Road,$900/mo
32,Master Room in 150 Petir Road,"$1,000/mo"
33,Room in 272 Bangkit Road,$900/mo
34,Room in 236 Bukit Panjang Ring Road,"$1,600/mo"
35,Room in 544 Jelapang Road,"$1,050/mo"
36,Master Room in 502 Jelapang Road,$830/mo
37,Common Room in 123 Pending Road,"$1,100/mo"
38,Common Room in 254 Bangkit Road,"$1,500/mo"
39,Common Room in 647B Senja Close,"$1,400/mo"
40,Master Room in 548A Segar Road,"$1,200/mo"
41,Common Room in 533 Bukit Panjang Ring Road,$950/mo
42,Common Room in 175 Lompang Road,$800/mo
43,Common Room in 468 Segar Road,$800/mo
44,Common Room in 549A Segar Road,$800/mo
45,Common Room in 477 Segar Road,"$1,100/mo"
46,Common Room in 124 Pending Road,$800/mo
47,Common Room in 412 Saujana Road,$950/mo
48,Common Room in Chestervale,"$1,400/mo"
49,Common Room in 437 Fajar Road,"$1,000/mo"
50,Common Room in 237 Bukit Panjang Ring Road,$980/mo
51,Common Room in 545 Bukit Panjang Ring Road,"$1,200/mo"
52,Common Room in 124 Pending Road,"$1,000/mo"
53,Room in 237 Bukit Panjang Ring Road,$950/mo
54,Room in 406 Fajar Road,$800/mo
55,Master Room in 257 Bangkit Road,"$1,000/mo"
56,Room in 548A Segar Road,"$1,300/mo"
57,Common Room in 544 Jelapang Road,"$1,000/mo"
58,Master Room in 619 Bukit Panjang Ring Road,"$1,600/mo"
59,Common Room in 621 Senja Road,"$1,000/mo"
60,Common Room in Chestervale,"$1,100/mo"
61,Room in 507 Jelapang Road,$750/mo
62,Room in 275 Bangkit Road,"$1,000/mo"
63,Common Room in 416 Saujana Road,"$1,100/mo"
64,Common Room in 655 Senja Road,$850/mo
65,Common Room in 510A Jelapang Road,$800/mo
66,Room in Blossom Residences,"$1,300/mo"
67,Common Room in 148 Gangsa Road,$850/mo
68,Common Room in Hazel Park Condominium,"$1,500/mo"
69,Master Room in 148 Gangsa Road,"$1,050/mo"
70,Master Room in 11 Teck Whye Lane,"$1,200/mo"
71,Master Room in 131 Cashew Road,$850/mo
72,Common Room in Bukit 828,"$1,600/mo"
73,Common Room in 606 Senja Road,$800/mo
74,Common Room in Foresque Residences,"$1,250/mo"
75,Common Room in 631 Senja Road,"$1,100/mo"
76,Common Room in 641A Senja Close,$900/mo
77,Common Room in 133 Cashew Road,$900/mo
78,Master Room in Phoenix Heights,"$2,200/mo"
79,Master Room in 154 Jalan Teck Whye,"$1,000/mo"
80,Common Room in Cashew Heights Condominium,"$1,500/mo"
81,Master Room in The Linear,"$1,800/mo"
82,Common Room in Cashew Heights Condominium,"$1,260/mo"
83,Common Room in 629 Senja Road,$900/mo
84,Common Room in 164 Gangsa Road,$700/mo
85,Common Room in 154 Jalan Teck Whye,$850/mo
86,Common Room in Maysprings,"$1,299/mo"
87,Common Room in 633A Senja Road,$900/mo
88,Master Room in Maysprings,"$1,299/mo"
89,Room in 611 Bukit Panjang Ring Road,"$1,700/mo"
90,Common Room in Hillsta,"$1,400/mo"
91,Common Room in Hazel Park Condominium,"$1,100/mo"
92,Room in Maysprings,"$1,100/mo"
93,Common Room in 631 Senja Road,"$1,000/mo"
94,Common Room in 14 Teck Whye Lane,$900/mo
95,Common Room in Nicon Gardens,"$1,900/mo"
96,Common Room in Maysprings,"$1,099/mo"
97,Common Room in 168 Petir Road,"$1,100/mo"
98,Common Room in 620 Bukit Panjang Ring Road,"$1,000/mo"
99,Room in Maysprings,"$1,500/mo"
100,Room in Hazel Park Condominium,"$1,800/mo"
101,Common Room in Maysprings,"$1,400/mo"
102,Common Room in 213 Petir Road,$750/mo
103,Master Room in 13 Teck Whye Lane,$850/mo
104,Common Room in 620 Bukit Panjang Ring Road,"$1,000/mo"
105,Common Room in 11 Teck Whye Lane,$900/mo
106,Room in The Linear,"$2,500/mo"
107,Room in 611 Bukit Panjang Ring Road,"$1,300/mo"
108,Common Room in Cashew Park Condominium,"$1,450/mo"
109,Common Room in 629 Senja Road,$900/mo
110,Room in 204 Petir Road,"$1,000/mo"
111,Master Room in Cashew Villas,"$2,500/mo"
112,Room in 636B Senja Road,$990/mo
113,Common Room in 205 Petir Road,$750/mo
114,Common Room in Maysprings,"$1,100/mo"
115,Master Room in ESPA,"$1,350/mo"
116,Common Room in Eco Sanctuary,"$1,180/mo"
117,Room in 622 Senja Road,$900/mo
118,Master Room in 143 Petir Road,"$1,000/mo"
119,Master Room in Phoenix Heights,"$2,200/mo"
120,Room in 631 Senja Road,"$1,000/mo"
121,Master Room in 11 Teck Whye Lane,$900/mo
122,Common Room in Eco Sanctuary,"$1,180/mo"
123,Common Room in 139 Petir Road,"$1,000/mo"
124,Room in Cashew Garden,"$1,339/mo"
125,Room in 611 Bukit Panjang Ring Road,$900/mo
126,Room in 630 Senja Road,"$1,000/mo"
127,Common Room in 11 Teck Whye Lane,$900/mo
128,Master Room in 154 Jalan Teck Whye,"$1,000/mo"
129,Master Room in 148 Gangsa Road,"$1,050/mo"
