,Property,Price
0,Master Room in 313D Anchorvale Road,"$1,200/mo"
1,Common Room in 216A Compassvale Drive,"$1,100/mo"
2,Master Room in Bellewaters,"$1,500/mo"
3,Common Room in 308C Anchorvale Road,"$1,000/mo"
4,Common Room in 311D Anchorvale Lane,$900/mo
5,Common Room in 331C Anchorvale Street,$900/mo
6,Common Room in 293C Compassvale Crescent,"$1,100/mo"
7,Common Room in Rivertrees Residences,"$1,100/mo"
8,Common Room in The Vales,"$1,600/mo"
9,Common Room in 286C Compassvale Crescent,"$1,500/mo"
10,Room in 334B Anchorvale Crescent,"$1,800/mo"
11,Common Room in 216B Compassvale Drive,"$1,200/mo"
12,Common Room in 216B Compassvale Drive,"$1,200/mo"
13,Common Room in 217B Sumang Walk,$850/mo
14,Room in 306C Anchorvale Link,"$1,000/mo"
15,Room in 258D Compassvale Road,"$1,500/mo"
16,Master Room in 325B Sengkang East Way,"$1,500/mo"
17,Common Room in 322A Anchorvale Drive,$900/mo
18,Common Room in 320B Anchorvale Drive,$900/mo
19,Master Room in 351A Anchorvale Road,"$1,600/mo"
20,Common Room in 305B Anchorvale Link,$850/mo
21,Common Room in 216A Compassvale Drive,"$1,100/mo"
22,Common Room in Treasure Crest,$600/mo
23,Common Room in 319A Anchorvale Drive,$900/mo
24,Master Room in 332B Anchorvale Link,"$2,200/mo"
25,Common Room in Bellewaters,"$1,200/mo"
26,Common Room in 322B Anchorvale Drive,"$1,100/mo"
27,Room in 261A Sengkang East Way,"$1,100/mo"
28,Common Room in 261D Sengkang East Way,"$1,000/mo"
29,Common Room in 322A Anchorvale Drive,"$1,200/mo"
30,Common Room in 322A Anchorvale Drive,$850/mo
31,Common Room in 319B Anchorvale Drive,$600/mo
32,Room in 351A Anchorvale Road,"$1,800/mo"
33,Common Room in 334B Anchorvale Crescent,"$1,500/mo"
34,Common Room in 228B Punggol Field,$800/mo
35,Common Room in 220C Sumang Lane,$900/mo
36,Common Room in Ecopolitan,"$1,800/mo"
37,Common Room in The Vales,"$1,600/mo"
38,Common Room in Treasure Crest,"$1,200/mo"
39,Master Room in 228B Punggol Field,"$1,500/mo"
40,Room in 216A Compassvale Drive,"$1,100/mo"
41,Common Room in 313B Anchorvale Road,$990/mo
42,Common Room in The Vales,"$1,000/mo"
43,Common Room in 224A Compassvale Walk,"$1,000/mo"
44,Common Room in 202A Punggol Field,"$1,000/mo"
45,Common Room in 414B Fernvale Link,"$1,000/mo"
46,Common Room in 302B Anchorvale Link,"$1,500/mo"
47,Common Room in 124B Rivervale Drive,$700/mo
48,Common Room in 250D Compassvale Street,"$1,100/mo"
49,Common Room in 409A Fernvale Road,$800/mo
50,Common Room in 256D Sumang Walk,$900/mo
51,Common Room in 310B Punggol Walk,"$1,200/mo"
52,Master Room in 209C Compassvale Lane,"$1,200/mo"
53,Master Room in 448A Sengkang West Way,"$1,300/mo"
54,Common Room in 295C Compassvale Crescent,"$1,000/mo"
55,Common Room in 266C Punggol Way,"$1,200/mo"
56,Common Room in 468B Fernvale Link,$850/mo
57,Common Room in 469B Sengkang West Way,$700/mo
58,Master Room in Compass Heights,"$1,850/mo"
59,Common Room in 225B Compassvale Walk,$850/mo
60,Common Room in 470B Fernvale Link,$850/mo
61,Master Room in Beauty Garden,"$3,000/mo"
62,Master Room in Beauty Garden,"$2,800/mo"
63,Common Room in 308C Punggol Walk,$850/mo
64,Common Room in Compass Heights,"$1,200/mo"
65,Common Room in 412B Fernvale Link,"$1,150/mo"
66,Common Room in 281B Sengkang East Avenue,"$1,200/mo"
67,Master Room in 228C Compassvale Walk,"$1,600/mo"
68,Master Room in Twin Waterfalls,"$1,500/mo"
69,Common Room in 296B Compassvale Crescent,$800/mo
70,Master Room in Beauty Garden,"$3,000/mo"
71,Master Room in Beauty Garden,"$2,800/mo"
72,Common Room in Rivervale Crest,"$1,300/mo"
73,Master Room in 294 Punggol Central,"$2,000/mo"
74,Master Room in A Treasure Trove,"$1,500/mo"
75,Common Room in 213A Punggol Walk,"$1,000/mo"
76,Master Room in Prive,"$2,200/mo"
77,Master Room in 233 Compassvale Walk,$950/mo
78,Room in Compass Heights,"$1,300/mo"
79,Master Room in 188C Rivervale Drive,$900/mo
80,Common Room in 261B Punggol Way,$800/mo
81,Master Room in Hougang Green,"$1,800/mo"
82,Room in 314B Punggol Way,"$1,600/mo"
83,Common Room in Hougang Green,"$1,300/mo"
84,Common Room in 142 Rivervale Crescent,"$1,200/mo"
85,Room in The Quartz,"$1,500/mo"
86,Common Room in 239 Compassvale Walk,"$1,000/mo"
87,Master Room in Compass Heights,"$1,200/mo"
88,Room in 224A Compassvale Walk,"$1,000/mo"
89,Common Room in 111 Edgefield Plains,"$1,000/mo"
90,Common Room in 314A Punggol Way,$800/mo
91,Master Room in 102B Punggol Field,"$1,000/mo"
92,Common Room in 104B Edgefield Plains,$900/mo
93,Room in 203B Compassvale Road,$850/mo
94,Room in 104B Edgefield Plains,$900/mo
95,Common Room in 230 Compassvale Walk,$950/mo
96,Room in 296A Compassvale Crescent,"$1,100/mo"
97,Common Room in 430B Fernvale Link,$900/mo
98,Master Room in 308C Punggol Walk,"$1,800/mo"
99,Common Room in 302B Punggol Place,$850/mo
100,Room in 299 Punggol Central,"$1,200/mo"
101,Common Room in The Quartz,"$1,500/mo"
102,Room in 244 Compassvale Road,"$1,400/mo"
103,Common Room in Hougang Green,$800/mo
104,Common Room in 201A Compassvale Drive,$850/mo
105,Common Room in 207C Compassvale Lane,"$1,000/mo"
106,Common Room in 271C Punggol Walk,"$1,100/mo"
107,Common Room in Jewel @ Buangkok,"$1,350/mo"
108,Common Room in Lush Acres,"$1,000/mo"
109,Common Room in H2O Residences,"$1,350/mo"
110,Master Room in 410A Fernvale Road,"$1,800/mo"
111,Common Room in The Gardens At Gerald,$600/mo
112,Common Room in 104B Edgefield Plains,$900/mo
113,Common Room in 559 Hougang Street 51,"$1,200/mo"
114,Master Room in 406B Fernvale Road,"$1,000/mo"
115,Common Room in 269C Punggol Field,"$1,400/mo"
116,Master Room in 561 Hougang Street 51,"$1,300/mo"
117,Common Room in 292A Compassvale Street,"$1,200/mo"
118,Master Room in 256D Sumang Walk,$900/mo
119,Common Room in Jewel @ Buangkok,"$1,350/mo"
120,Common Room in 105B Edgefield Plains,$950/mo
121,Master Room in 211D Punggol Walk,"$1,200/mo"
122,Common Room in La Fiesta,"$1,888/mo"
123,Common Room in 273B Compassvale Link,"$1,400/mo"
124,Common Room in A Treasure Trove,"$1,500/mo"
125,Room in High Park Residences,"$1,300/mo"
126,Room in 470B Fernvale Link,$850/mo
127,Master Room in 211D Punggol Walk,"$1,350/mo"
128,Room in 268A Compassvale Link,$850/mo
129,Common Room in Compass Heights,"$1,400/mo"
130,Common Room in 227A Compassvale Drive,"$1,200/mo"
131,Common Room in 203B Compassvale Road,"$1,800/mo"
132,Common Room in 441B Fernvale Road,$950/mo
133,Room in La Fiesta,"$3,688/mo"
134,Common Room in 207B Punggol Place,"$1,000/mo"
135,Common Room in 440C Fernvale Link,"$1,050/mo"
136,Room in 278B Compassvale Bow,"$2,200/mo"
137,Room in 208B Punggol Place,"$1,400/mo"
138,Master Room in 303B Anchorvale Link,"$1,100/mo"
139,Common Room in 434A Fernvale Road,$950/mo
140,Master Room in 314B Punggol Way,"$1,400/mo"
141,Master Room in 302A Anchorvale Link,"$1,600/mo"
142,Room in 299 Punggol Central,"$1,000/mo"
143,Room in 448A Sengkang West Way,$900/mo
144,Common Room in A Treasure Trove,"$1,500/mo"
145,Common Room in 256B Sumang Walk,$900/mo
146,Common Room in A Treasure Trove,"$1,750/mo"
147,Common Room in Compass Heights,"$1,300/mo"
148,Common Room in Jewel @ Buangkok,"$1,600/mo"
149,Common Room in Parc Centros,"$2,000/mo"
150,Room in 453D Fernvale Road,$980/mo
151,Common Room in 209C Punggol Place,$850/mo
152,Common Room in 207A Compassvale Lane,"$1,000/mo"
153,Common Room in 186D Rivervale Drive,"$1,000/mo"
154,Common Room in 269B Punggol Field,"$1,000/mo"
155,Master Room in Hougang Green,"$1,350/mo"
156,Common Room in 297B Compassvale Street,$800/mo
157,Room in Twin Waterfalls,"$1,300/mo"
158,Master Room in 105A Edgefield Plains,"$1,100/mo"
159,Common Room in 445B Fernvale Road,"$1,000/mo"
160,Room in 185D Rivervale Crescent,"$1,000/mo"
161,Common Room in 268A Compassvale Link,$850/mo
162,Master Room in Twin Waterfalls,"$1,250/mo"
163,Room in 303B Anchorvale Link,$800/mo
164,Common Room in 273D Punggol Place,"$1,000/mo"
165,Common Room in 302C Anchorvale Link,$800/mo
166,Common Room in 446C Jalan Kayu,$900/mo
167,Room in 101A Punggol Field,"$1,500/mo"
