,Property,Price
0,Common Room in Victoria Park Road,"$2,800/mo"
1,Common Room in Victoria Park Road,"$2,800/mo"
2,Master Room in Victoria Park Close,"$2,900/mo"
3,Master Room in Spanish Village,"$2,500/mo"
4,Room in Lutheran Road,"$1,600/mo"
5,Master Room in Victoria Park Close,"$2,600/mo"
6,Common Room in Spanish Village,"$1,600/mo"
7,Room in Lutheran Road,"$1,600/mo"
8,Common Room in Victoria Park Close,"$2,800/mo"
9,Common Room in One Duchess,"$2,500/mo"
10,Common Room in 8A Empress Road,"$1,300/mo"
11,Room in 2 Queen's Road,"$1,500/mo"
12,Common Room in Spanish Village,"$2,400/mo"
13,Master Room in The Tresor,"$2,900/mo"
14,Common Room in 4 Holland Close,"$1,500/mo"
15,Master Room in Willyn Ville,"$2,700/mo"
16,Common Room in 102 Commonwealth Crescent,"$1,200/mo"
17,Master Room in Willyn Ville,"$2,800/mo"
18,Common Room in 4 Holland Close,"$1,350/mo"
19,Common Room in 4 Holland Close,"$1,350/mo"
20,Master Room in Dunearn Estate,"$3,300/mo"
21,Master Room in Willyn Ville,"$3,000/mo"
22,Common Room in 4 Holland Close,"$1,500/mo"
23,Common Room in 90 Commonwealth Drive,"$1,600/mo"
24,Master Room in Dynasty Garden,"$2,000/mo"
25,Room in 13 Holland Drive,"$2,100/mo"
26,Master Room in Kheam Hock Road,"$3,200/mo"
27,Common Room in 81 Commonwealth Close,"$1,400/mo"
28,Room in Holland Tower,"$1,600/mo"
29,Room in Holland Tower,"$2,500/mo"
30,Room in 81 Commonwealth Close,"$1,400/mo"
31,Master Room in 93 Commonwealth Drive,"$1,000/mo"
32,Common Room in 13 Holland Drive,"$1,200/mo"
33,Common Room in Signature @ Lewis,"$2,500/mo"
34,Room in Kheam Hock Road,"$3,200/mo"
35,Master Room in Jalan Kelabu Asap,"$3,000/mo"
36,Room in 2 Holland Avenue,"$1,800/mo"
37,Room in 2 Holland Avenue,"$1,400/mo"
38,Common Room in 7 Commonwealth Avenue,"$1,100/mo"
39,Master Room in Watten Estate,"$3,800/mo"
40,Common Room in 83 Commonwealth Close,"$1,400/mo"
41,Common Room in Botanic Gardens Mansion,"$1,600/mo"
42,Common Room in Shelford Suites,"$1,900/mo"
43,Room in 30A Holland Close,"$1,400/mo"
44,Master Room in Dynasty Garden,"$2,000/mo"
45,Common Room in 92 Commonwealth Drive,$900/mo
46,Room in 83 Commonwealth Close,"$1,400/mo"
47,Common Room in Dynasty Garden,"$2,500/mo"
48,Master Room in Dynasty Garden,"$2,000/mo"
49,Master Room in 13 Holland Drive,"$1,800/mo"
50,Common Room in 11 Holland Drive,"$1,088/mo"
51,Room in 21 Holland Drive,"$2,000/mo"
