,Property,Price
0,Room in Jalan Besar,"$2,940/mo"
1,Common Room in Owen Road,"$2,000/mo"
2,Common Room in 11 Farrer Park Road,"$1,400/mo"
3,Common Room in Race Course Road,"$1,500/mo"
4,Master Room in 12 Farrer Park Road,"$2,000/mo"
5,Common Room in 122 Mcnair Road,"$1,500/mo"
6,Common Room in 122 Mcnair Road,"$1,500/mo"
7,Common Room in 683 Tessensohn Road,"$1,100/mo"
8,Common Room in 668 Chander Road,"$2,800/mo"
9,Master Room in Sing Avenue,"$2,500/mo"
10,Master Room in 8 Farrer Suites,"$2,200/mo"
11,Master Room in Serangoon Road,"$3,000/mo"
12,Master Room in Serangoon Road,"$2,400/mo"
13,Master Room in Studios @ Marne,"$3,500/mo"
14,Common Room in 5 Boon Keng Road,"$1,000/mo"
15,Master Room in 8 Farrer Suites,"$2,300/mo"
16,Common Room in 681 Race Course Road,"$1,100/mo"
17,Room in Uptown @ Farrer,"$3,200/mo"
18,Common Room in City Square Residences,"$2,200/mo"
19,Room in Kerrisdale,"$1,600/mo"
20,Common Room in City Square Residences,"$2,200/mo"
21,Master Room in Jalan Besar Plaza,"$2,500/mo"
22,Room in 668 Chander Road,"$1,488/mo"
23,Room in 32 Penhas Road,"$1,449/mo"
24,Master Room in Kerrisdale,$900/mo
25,Common Room in City Square Residences,"$2,000/mo"
26,Common Room in City Square Residences,"$2,000/mo"
27,Common Room in 52 Kent Road,"$1,500/mo"
28,Master Room in 8 Farrer Suites,"$2,400/mo"
29,Common Room in Race Course Mansion,"$1,600/mo"
30,Room in City Square Residences,"$2,600/mo"
31,Room in 32 Penhas Road,"$2,849/mo"
32,Common Room in 121 Mcnair Road,"$1,200/mo"
33,Common Room in Little India Conservation Area,"$6,500/mo"
34,Master Room in Kerrisdale,"$2,500/mo"
35,Room in City Square Residences,"$2,600/mo"
36,Master Room in 25 Truro Road,"$2,288/mo"
37,Common Room in 12 Farrer Park Road,"$1,500/mo"
38,Common Room in 51 Kent Road,"$1,200/mo"
39,Master Room in Kerrisdale,"$2,000/mo"
40,Common Room in Kerrisdale,"$1,200/mo"
41,Master Room in Shrewsbury Road,"$1,550/mo"
42,Master Room in Kentish Lodge,"$2,600/mo"
43,Master Room in City Square Residences,"$2,600/mo"
44,Common Room in 48A Dorset Road,$950/mo
45,Common Room in City Square Residences,"$1,800/mo"
46,Room in Kentish Green,$850/mo
47,Master Room in Little India Conservation Area,"$2,000/mo"
48,Master Room in 95 Lavender Street,"$1,650/mo"
49,Master Room in City Square Residences,"$2,600/mo"
50,Master Room in City Square Residences,"$2,300/mo"
51,Common Room in City Square Residences,"$1,600/mo"
52,Room in Kerrisdale,"$2,000/mo"
53,Room in 26 Jalan Berseh,"$1,278/mo"
54,Common Room in 26 Jalan Berseh,"$1,200/mo"
55,Room in Mackenzie 88,"$3,500/mo"
56,Common Room in City Square Residences,"$2,100/mo"
57,Common Room in 8 Farrer Suites,"$2,399/mo"
58,Common Room in Petain Court,"$1,400/mo"
59,Room in Moulmein Court,"$1,400/mo"
60,Room in 8 Farrer Suites,"$2,200/mo"
61,Master Room in Lavender Street,"$2,300/mo"
62,Master Room in Kerrisdale,"$1,700/mo"
63,Room in Studios @ Marne,"$3,500/mo"
64,Common Room in Kerrisdale,"$1,700/mo"
65,Master Room in 641 Rowell Road,"$2,200/mo"
66,Common Room in Kentish Court,"$1,350/mo"
67,Master Room in 69 Moulmein Road,"$2,200/mo"
68,Master Room in City Square Mall,"$2,900/mo"
69,Master Room in Petain Road/Tyrwhitt Road Conservation Area,"$2,500/mo"
70,Common Room in 641 Rowell Road,"$1,700/mo"
71,Common Room in 642 Rowell Road,"$1,400/mo"
72,Common Room in City Square Residences,"$1,600/mo"
73,Common Room in City Square Residences,"$1,700/mo"
74,Common Room in Race Course Mansion,"$1,800/mo"
75,Master Room in Studios @ Marne,"$3,400/mo"
76,Room in Studios @ Marne,"$3,400/mo"
77,Room in Uptown @ Farrer,"$2,900/mo"
78,Common Room in 684 Race Course Road,"$1,000/mo"
79,Common Room in Joo Avenue,"$1,200/mo"
80,Room in 685 Race Course Road,"$1,800/mo"
81,Room in 8 Farrer Suites,"$2,200/mo"
82,Room in 22 Cavenagh Road,"$3,334/mo"
83,Room in 48 Bencoolen Street,"$4,333/mo"
84,Room in OG Orchard Point,"$8,833/mo"
85,Room in 12 Queen Street,"$5,000/mo"
86,Master Room in The Plaza,"$3,500/mo"
87,Common Room in The Plaza,"$2,800/mo"
88,Common Room in 112 Whampoa Road,"$1,000/mo"
89,Common Room in Top Ten,"$2,300/mo"
90,Master Room in Eight Riversuites,"$2,400/mo"
91,Common Room in Ritz Mansions,"$1,380/mo"
92,Common Room in Balestier Point,"$1,200/mo"
93,Common Room in Ritz Mansions,"$1,450/mo"
94,Master Room in 813 Jellicoe Road,"$1,500/mo"
95,Master Room in 107 Towner Road,"$2,000/mo"
96,Master Room in 56 Geylang Bahru,"$1,300/mo"
97,Common Room in 2 Beach Road,"$1,500/mo"
98,Master Room in Ava Towers,"$1,850/mo"
99,Common Room in Tianso Heights,"$1,850/mo"
100,Common Room in 19 Jalan Tenteram,"$1,000/mo"
101,Master Room in Emerald Hill Conservation Area,"$2,000/mo"
102,Common Room in 5 Saint George's Lane,"$1,200/mo"
103,Common Room in 16 Upper Boon Keng Road,"$2,800/mo"
104,Master Room in Peace Centre/Peace Mansion / Peace Centre,"$1,500/mo"
105,Common Room in Peace Centre/Peace Mansion / Peace Centre,"$1,100/mo"
106,Master Room in The Interweave,"$2,600/mo"
107,Common Room in 49 Whampoa South,$850/mo
108,Master Room in Former Peace Centre/Peace Mansion,"$2,500/mo"
109,Common Room in 8 Saint George's Lane,"$1,600/mo"
110,Common Room in Bencoolen House,"$1,600/mo"
111,Master Room in 101 Jalan Rajah,"$1,200/mo"
112,Common Room in 74 Whampoa Drive,"$1,100/mo"
113,Common Room in 74 Whampoa Drive,$750/mo
114,Common Room in 8A Upper Boon Keng Road,"$1,198/mo"
115,Master Room in Gloucester Mansions,"$2,700/mo"
116,Master Room in Ava Towers,"$1,850/mo"
117,Common Room in Cavenagh Gardens,"$1,100/mo"
118,Common Room in Bassein Court,$950/mo
119,Common Room in The Huntington,"$2,750/mo"
120,Common Room in Parc Centennial,"$2,250/mo"
121,Common Room in Regal Court,"$1,000/mo"
122,Master Room in Novena Court,"$1,900/mo"
123,Master Room in Mandalay Mansion,"$1,600/mo"
124,Common Room in Ritz Mansions,"$1,200/mo"
125,Common Room in Tianso Heights,"$1,850/mo"
126,Master Room in Ava Towers,"$1,850/mo"
127,Common Room in 14 Saint George's Road,$500/mo
128,Master Room in Burlington Square,"$2,500/mo"
129,Common Room in Burlington Square,"$1,900/mo"
130,Room in 54 Jalan Ma'Mor,"$1,050/mo"
131,Master Room in Neem Tree,"$2,100/mo"
132,Common Room in 5 Saint George's Lane,"$1,200/mo"
133,Common Room in Cavenagh Gardens,"$1,480/mo"
134,Common Room in Sultan Gate Place,"$1,150/mo"
135,Common Room in Kim Keat House,"$1,350/mo"
136,Room in Duo Residences / Duo Tower,"$4,499/mo"
137,Room in 17 Jalan Tenteram,$550/mo
138,Common Room in 17 Jalan Tenteram,$550/mo
139,Common Room in The Lincoln Residences,"$1,450/mo"
140,Common Room in 34 Whampoa West,$850/mo
141,Room in Soleil @ Sinaran,"$4,280/mo"
142,Master Room in 101 Jalan Rajah,"$1,500/mo"
143,Master Room in 813 Jellicoe Road,"$1,300/mo"
144,Common Room in Summer Green,"$1,320/mo"
145,Room in Thomson Euro-Asia,"$1,400/mo"
146,Common Room in Citylights,"$2,000/mo"
147,Common Room in 6 Saint George's Lane,$900/mo
148,Room in Lion Towers,"$1,500/mo"
149,Master Room in Cavenagh Gardens,"$1,300/mo"
150,Common Room in The Lincoln Residences,"$1,600/mo"
151,Common Room in 56 Geylang Bahru,$550/mo
152,Common Room in 232 Bain Street,"$1,418/mo"
153,Master Room in 16 Upper Boon Keng Road,"$2,800/mo"
154,Common Room in The Bencoolen,"$1,950/mo"
155,Room in 56 Geylang Bahru,$550/mo
156,Room in One Saint Michaels,"$1,600/mo"
157,Master Room in Rising Suites,"$1,400/mo"
158,Master Room in Burlington Square,"$2,500/mo"
159,Room in 6 Saint George's Lane,$900/mo
160,Room in 466 Crawford Lane,"$1,100/mo"
161,Common Room in 105 Towner Road,"$1,500/mo"
162,Room in Sophia Hills,"$2,400/mo"
163,Master Room in Balestier 288,"$2,000/mo"
164,Room in 47 Bendemeer Road,"$1,200/mo"
165,Common Room in Niven Road,"$1,200/mo"
166,Common Room in Sunshine Plaza,"$1,000/mo"
167,Common Room in Burlington Square,"$1,400/mo"
168,Master Room in 3 Saint George's Road,"$1,200/mo"
169,Room in 269B Queen Street,"$1,400/mo"
170,Common Room in 2A Upper Boon Keng Road,"$1,400/mo"
171,Room in Thomson Euro-Asia,"$1,700/mo"
172,Master Room in Buckley Road,"$16,000/mo"
173,Common Room in Neem Tree,"$2,100/mo"
174,Common Room in Neem Tree,"$1,600/mo"
175,Common Room in Balestier Plaza,"$1,400/mo"
176,Master Room in Sophia Crest,"$2,400/mo"
177,Common Room in Novena Court,"$1,800/mo"
178,Common Room in Mandalay Mansion,"$1,050/mo"
179,Common Room in Mandalay Mansion,"$1,200/mo"
180,Master Room in One Saint Michaels,"$2,500/mo"
181,Room in 109 Mcnair Road,$900/mo
182,Common Room in Burlington Square,"$1,900/mo"
183,Master Room in Burlington Square,"$2,600/mo"
184,Common Room in 8 Saint George's Lane,"$1,600/mo"
185,Common Room in 110 Mcnair Road,"$1,500/mo"
186,Common Room in Balestier Plaza,"$1,400/mo"
187,Common Room in De Royale,"$1,750/mo"
188,Common Room in Parc Haven,"$1,000/mo"
189,Master Room in Parc Haven,"$2,700/mo"
190,Common Room in De Royale,"$1,750/mo"
191,Common Room in Parc Haven,"$1,800/mo"
192,Master Room in Parc Haven,"$2,400/mo"
193,Room in Burlington Square,"$1,800/mo"
194,Common Room in 813 Jellicoe Road,"$1,500/mo"
195,Common Room in Apleton View,"$1,850/mo"
196,Common Room in Mandalay Mansion,"$1,200/mo"
197,Common Room in 101 Ah Hood Road,"$1,100/mo"
198,Common Room in Wilkie Court,"$1,250/mo"
199,Common Room in Burlington Square,"$1,800/mo"
200,Master Room in Balestier Plaza,"$2,300/mo"
201,Master Room in Burlington Square,"$2,600/mo"
202,Room in 101 Ah Hood Road,"$1,000/mo"
203,Room in Balestier Plaza,"$1,350/mo"
204,Master Room in 2 Saint George's Road,$800/mo
205,Common Room in Boon Teck Towers,"$1,300/mo"
206,Room in 8B Upper Boon Keng Road,"$1,350/mo"
207,Room in 11 Upper Boon Keng Road,$550/mo
208,Common Room in 8B Upper Boon Keng Road,"$1,400/mo"
209,Common Room in Nadia Mansions,"$1,200/mo"
210,Room in Coliwoo Balestier 320,"$2,700/mo"
211,Master Room in 101 Jalan Rajah,"$1,300/mo"
212,Master Room in Jalan Merlimau,"$1,900/mo"
213,Common Room in Thomson Euro-Asia,"$1,700/mo"
214,Room in Sophia Hills,"$2,500/mo"
215,Common Room in Thomson Euro-Asia,"$1,800/mo"
216,Common Room in The Mkz,"$1,680/mo"
217,Common Room in Rajah Tower,"$1,800/mo"
218,Master Room in 16 Upper Boon Keng Road,"$3,200/mo"
219,Master Room in Boon Keng Ville,"$3,500/mo"
220,Master Room in 27 Jalan Bahagia,$800/mo
221,Room in Wilkie Apartments,"$2,350/mo"
222,Master Room in 3 Saint George's Road,"$1,300/mo"
223,Master Room in The Belleforte,"$1,450/mo"
224,Master Room in The Huntington,"$2,620/mo"
225,Room in 232 Bain Street,"$1,500/mo"
226,Common Room in 8A Upper Boon Keng Road,"$1,300/mo"
227,Master Room in 110 Mcnair Road,"$1,400/mo"
228,Room in 16 Upper Boon Keng Road,"$2,700/mo"
229,Common Room in 113A Mcnair Road,"$1,200/mo"
230,Master Room in The Elysia,"$2,100/mo"
231,Room in 12 North Bridge Road,"$1,200/mo"
232,Room in 107 Towner Road,"$2,000/mo"
233,Master Room in Liv On Wilkie,"$2,500/mo"
234,Common Room in Nova 48,"$1,300/mo"
235,Room in Eight Riversuites,"$1,500/mo"
236,Master Room in 75BR,"$4,200/mo"
237,Common Room in Thomson Euro-Asia,"$1,800/mo"
238,Room in 8 Selegie Road,"$1,200/mo"
239,Common Room in Zedge,"$1,850/mo"
240,Common Room in Regal Court,"$1,200/mo"
241,Master Room in Parc Haven,"$2,400/mo"
242,Room in Sophia Hills,"$2,700/mo"
243,Common Room in Nadia Mansions,"$1,600/mo"
244,Master Room in Birmingham Mansions,"$1,600/mo"
245,Common Room in Balestier Point,"$1,380/mo"
246,Common Room in 263 Waterloo Street,"$1,400/mo"
247,Common Room in Citylights,"$1,950/mo"
248,Common Room in 47 Bendemeer Road,"$1,200/mo"
249,Room in 16 Upper Boon Keng Road,"$1,500/mo"
250,Common Room in Thomson Euro-Asia,"$1,700/mo"
251,Common Room in 112A Whampoa Road,"$1,200/mo"
252,Common Room in 93 Whampoa Drive,$550/mo
253,Master Room in Bencoolen House,"$2,200/mo"
254,Master Room in Beach Road Conservation Area,"$3,800/mo"
255,Room in 813 Jellicoe Road,"$1,500/mo"
256,Room in Hanson Court,"$4,400/mo"
257,Common Room in Former Peace Centre/Peace Mansion,"$2,300/mo"
258,Common Room in Regal Court,"$1,000/mo"
259,Common Room in Cavenagh Gardens,"$1,680/mo"
260,Room in The Bencoolen,"$2,600/mo"
