,Property,Price
0,Common Room in 414B Fernvale Link,"$1,000/mo"
1,Common Room in 409A Fernvale Road,$800/mo
2,Master Room in 448A Sengkang West Way,"$1,300/mo"
3,Common Room in 468B Fernvale Link,$850/mo
4,Common Room in 469B Sengkang West Way,$700/mo
5,Common Room in 311D Anchorvale Lane,$900/mo
6,Common Room in 470B Fernvale Link,$850/mo
7,Master Room in The Topiary,"$1,100/mo"
8,Common Room in The Topiary,"$1,100/mo"
9,Common Room in The Topiary,"$1,000/mo"
10,Common Room in 412B Fernvale Link,"$1,150/mo"
11,Common Room in Rivertrees Residences,"$1,100/mo"
12,Common Room in The Topiary,"$1,200/mo"
13,Common Room in 430B Fernvale Link,$900/mo
14,Common Room in The Topiary,"$2,300/mo"
15,Common Room in Lush Acres,"$1,000/mo"
16,Common Room in H2O Residences,"$1,350/mo"
17,Master Room in 410A Fernvale Road,"$1,800/mo"
18,Common Room in The Gardens At Gerald,$600/mo
19,Master Room in 406B Fernvale Road,"$1,000/mo"
20,Room in High Park Residences,"$1,300/mo"
21,Room in 470B Fernvale Link,$850/mo
22,Master Room in The Topiary,"$1,100/mo"
23,Common Room in 441B Fernvale Road,$950/mo
24,Common Room in 440C Fernvale Link,"$1,050/mo"
25,Common Room in 434A Fernvale Road,$950/mo
26,Room in 448A Sengkang West Way,$900/mo
27,Room in 453D Fernvale Road,$980/mo
28,Room in The Topiary,"$2,450/mo"
29,Room in The Topiary,"$2,450/mo"
30,Common Room in 445B Fernvale Road,"$1,000/mo"
31,Common Room in 446C Jalan Kayu,$900/mo
32,Common Room in Seletar Hills Estate,$950/mo
33,Common Room in 302B Anchorvale Link,"$1,500/mo"
34,Common Room in 971 Hougang Street 91,$930/mo
35,Master Room in 313D Anchorvale Road,"$1,200/mo"
36,Common Room in Regentville,"$1,000/mo"
37,Common Room in 216A Compassvale Drive,"$1,100/mo"
38,Master Room in Bellewaters,"$1,500/mo"
39,Common Room in 540 Serangoon North Avenue 4,$500/mo
40,Common Room in 308C Anchorvale Road,"$1,000/mo"
41,Common Room in 969 Hougang Street 91,$900/mo
42,Common Room in 969 Hougang Street 91,$900/mo
43,Master Room in Luxus Hill View,"$2,000/mo"
44,Master Room in Stratton Green,"$3,000/mo"
45,Common Room in 331C Anchorvale Street,$900/mo
46,Common Room in 540 Serangoon North Avenue 4,$500/mo
47,Common Room in Mimosa Park,"$2,200/mo"
48,Common Room in 281B Sengkang East Avenue,"$1,200/mo"
49,Master Room in Hougang Green,"$1,800/mo"
50,Common Room in Hougang Green,"$1,300/mo"
51,Room in 920 Hougang Street 91,"$1,200/mo"
52,Common Room in Regentville,"$1,100/mo"
53,Common Room in 928 Hougang Street 91,"$1,200/mo"
54,Room in 334B Anchorvale Crescent,"$1,800/mo"
55,Common Room in 216B Compassvale Drive,"$1,200/mo"
56,Common Room in 216B Compassvale Drive,"$1,200/mo"
57,Common Room in 988A Buangkok Green,"$1,200/mo"
58,Room in 306C Anchorvale Link,"$1,000/mo"
59,Master Room in 325B Sengkang East Way,"$1,500/mo"
60,Master Room in 914 Hougang Street 91,"$1,400/mo"
61,Common Room in Serenity Park,"$1,300/mo"
62,Common Room in 322A Anchorvale Drive,$900/mo
63,Common Room in Regentville,"$1,100/mo"
64,Common Room in Hougang Green,$800/mo
65,Common Room in 201A Compassvale Drive,$850/mo
66,Common Room in Regentville,"$1,250/mo"
67,Room in 914 Hougang Street 91,"$1,000/mo"
68,Common Room in 320B Anchorvale Drive,$900/mo
69,Common Room in Regentville,"$1,000/mo"
70,Master Room in 351A Anchorvale Road,"$1,600/mo"
71,Common Room in 539 Serangoon North Avenue 4,$950/mo
72,Common Room in 559 Hougang Street 51,"$1,200/mo"
73,Common Room in 531 Serangoon North Avenue 4,"$1,000/mo"
74,Common Room in 305B Anchorvale Link,$850/mo
75,Common Room in 216A Compassvale Drive,"$1,100/mo"
76,Master Room in 561 Hougang Street 51,"$1,300/mo"
77,Common Room in Treasure Crest,$600/mo
78,Common Room in 319A Anchorvale Drive,$900/mo
79,Master Room in 332B Anchorvale Link,"$2,200/mo"
80,Common Room in 950 Hougang Street 91,$950/mo
81,Common Room in 922 Hougang Street 91,$850/mo
82,Common Room in Stratton Green,"$2,500/mo"
83,Common Room in Bellewaters,"$1,200/mo"
84,Common Room in 322B Anchorvale Drive,"$1,100/mo"
85,Master Room in Luxus Hills,"$2,200/mo"
86,Room in 978D Buangkok Crescent,$950/mo
87,Room in 981C Buangkok Crescent,"$1,300/mo"
88,Common Room in 322A Anchorvale Drive,"$1,200/mo"
89,Room in 278B Compassvale Bow,"$2,200/mo"
90,Master Room in 303B Anchorvale Link,"$1,100/mo"
91,Common Room in 322A Anchorvale Drive,$850/mo
92,Common Room in 319B Anchorvale Drive,$600/mo
93,Room in 351A Anchorvale Road,"$1,800/mo"
94,Common Room in 334B Anchorvale Crescent,"$1,500/mo"
95,Master Room in 302A Anchorvale Link,"$1,600/mo"
96,Master Room in Hougang Green,"$1,350/mo"
97,Master Room in 501 Serangoon North Avenue 4,$950/mo
98,Common Room in Treasure Crest,"$1,200/mo"
99,Room in 303B Anchorvale Link,$800/mo
100,Common Room in 302C Anchorvale Link,$800/mo
101,Master Room in Regentville,$999/mo
102,Room in 216A Compassvale Drive,"$1,100/mo"
103,Room in Regentville,"$1,100/mo"
104,Common Room in 313B Anchorvale Road,$990/mo
105,Common Room in 981C Buangkok Crescent,$800/mo
106,Room in Regentville,"$1,299/mo"
