,Property,Price
0,Room in Kreta Ayer Conservation Area,"$2,333/mo"
1,Room in Furama City Centre Singapore,"$4,600/mo"
2,Room in 12 Queen Street,"$5,000/mo"
3,Common Room in People's Park Complex,"$1,100/mo"
4,Master Room in One Oxley Rise,"$2,300/mo"
5,Common Room in UE Square,"$1,950/mo"
6,Master Room in The Riverside Piazza,"$1,600/mo"
7,Master Room in Fook Hai Building,"$1,400/mo"
8,Common Room in UE Square,"$1,950/mo"
9,Master Room in Orchard Court,"$2,000/mo"
10,Common Room in People's Park Complex,"$1,200/mo"
11,Common Room in Bencoolen House,"$1,600/mo"
12,Room in Furama City Centre Singapore,"$3,300/mo"
13,Master Room in Orchard Court,"$2,000/mo"
14,Common Room in The Riverside Piazza,"$1,600/mo"
15,Common Room in People's Park Complex,"$1,200/mo"
16,Common Room in People's Park Complex,"$1,699/mo"
17,Common Room in People's Park Complex,"$2,000/mo"
18,Common Room in Euro-Asia Court,"$1,450/mo"
19,Master Room in Euro-Asia Court,"$2,600/mo"
20,Common Room in 538 Upper Cross Street,"$1,300/mo"
21,Master Room in Langston Ville,"$2,700/mo"
22,Common Room in Oleanas Residence,"$1,900/mo"
23,Common Room in Euro-Asia Court,"$1,250/mo"
24,Master Room in Kreta Ayer Conservation Area,"$4,620/mo"
25,Common Room in UE Square,"$1,950/mo"
26,Common Room in People's Park Complex,"$1,699/mo"
27,Common Room in People's Park Complex,"$1,200/mo"
28,Common Room in UE Square,"$1,950/mo"
29,Common Room in River Valley Court,"$1,280/mo"
30,Common Room in People's Park Complex,"$1,699/mo"
31,Room in Langston Ville,"$2,700/mo"
32,Master Room in The Riverside Piazza,"$1,600/mo"
33,Room in UE Square,"$2,300/mo"
34,Common Room in People's Park Complex,"$1,050/mo"
35,Common Room in The Riverside Piazza,"$1,800/mo"
36,Common Room in UE Square,"$2,200/mo"
37,Common Room in Aspen Heights,"$1,500/mo"
38,Common Room in Lloyd Mansion,"$2,000/mo"
39,Common Room in Aspen Heights,"$1,200/mo"
40,Common Room in UE Square,"$2,400/mo"
41,Common Room in UE Square,"$2,100/mo"
42,Master Room in UE Square,"$2,200/mo"
43,Master Room in One Oxley Rise,"$2,300/mo"
44,Room in UE Square,"$2,000/mo"
45,Master Room in People's Park Complex,"$1,800/mo"
46,Common Room in Hollywood Apartments,"$1,550/mo"
47,Common Room in UE Square,"$2,300/mo"
48,Common Room in UE Square,"$2,100/mo"
49,Master Room in People's Park Complex,"$1,500/mo"
50,Common Room in People's Park Complex,"$1,300/mo"
51,Master Room in People's Park Complex,"$1,450/mo"
52,Master Room in Bencoolen House,"$2,200/mo"
53,Room in 22 Cavenagh Road,"$3,334/mo"
54,Room in 48 Bencoolen Street,"$4,333/mo"
55,Room in 32 Tras Street,"$3,981/mo"
56,Room in OG Orchard Point,"$8,833/mo"
57,Room in Green World,"$3,167/mo"
58,Master Room in Peace Centre/Peace Mansion / Peace Centre,"$1,500/mo"
59,Common Room in Peace Centre/Peace Mansion / Peace Centre,"$1,100/mo"
60,Common Room in Lucky Plaza,$700/mo
61,Master Room in Icon,"$2,700/mo"
62,Master Room in Former Peace Centre/Peace Mansion,"$2,500/mo"
63,Common Room in Mirage Tower,"$1,300/mo"
64,Common Room in 55 Tiong Bahru Road,"$2,000/mo"
65,Master Room in The Plaza,"$3,500/mo"
66,Common Room in The Plaza,"$2,800/mo"
67,Common Room in Top Ten,"$2,300/mo"
68,Common Room in Kimsia Park,"$1,500/mo"
69,Master Room in Tiara,"$2,600/mo"
70,Common Room in 2 Tanjong Pagar Plaza,"$1,500/mo"
71,Master Room in Kimsia Court,"$2,100/mo"
72,Common Room in Kimsia Court,"$1,700/mo"
73,Master Room in Emerald Hill Conservation Area,"$2,000/mo"
74,Common Room in 2 Delta Avenue,"$1,500/mo"
75,Common Room in 56 Havelock Road,"$1,200/mo"
76,Common Room in The Sail @ Marina Bay,"$2,700/mo"
77,Common Room in 668 Chander Road,"$2,800/mo"
78,Common Room in Cavenagh Gardens,"$1,100/mo"
79,Common Room in The Sail @ Marina Bay,"$2,500/mo"
80,Common Room in Elizabeth Towers,"$1,800/mo"
81,Common Room in Emerald Garden,"$2,100/mo"
82,Common Room in Emerald Garden,"$2,300/mo"
83,Common Room in The Sail @ Marina Bay,"$2,700/mo"
84,Master Room in The Sail @ Marina Bay,"$3,000/mo"
85,Common Room in Kimsia Court,"$1,700/mo"
86,Master Room in Burlington Square,"$2,500/mo"
87,Common Room in Burlington Square,"$1,900/mo"
88,Common Room in Emerald Garden,"$2,100/mo"
89,Common Room in Emerald Garden,"$2,200/mo"
90,Common Room in Kimsia Court,"$1,300/mo"
91,Room in Skysuites @ Anson,"$3,000/mo"
92,Common Room in The Sail @ Marina Bay,"$2,500/mo"
93,Common Room in The Sail @ Marina Bay,"$2,500/mo"
94,Common Room in The Sail @ Marina Bay,"$2,500/mo"
95,Common Room in Cavenagh Gardens,"$1,480/mo"
96,Common Room in International Plaza,"$1,700/mo"
97,Common Room in Kimsia Court,"$1,508/mo"
98,Room in Duo Residences / Duo Tower,"$4,499/mo"
99,Room in 668 Chander Road,"$1,488/mo"
100,Room in Emerald Garden,"$2,100/mo"
101,Master Room in Emerald Garden,"$2,850/mo"
102,Room in 4B Boon Tiong Road,"$1,300/mo"
103,Master Room in Elizabeth Heights,"$2,000/mo"
104,Room in Fraser Residence Singapore,"$2,900/mo"
105,Common Room in Great World City,"$1,950/mo"
106,Master Room in Mirage Tower,"$2,700/mo"
107,Common Room in Riverdale Residence,"$1,800/mo"
108,Room in Illuminaire On Devonshire,"$4,000/mo"
109,Common Room in 4 Tanjong Pagar Plaza,"$1,500/mo"
110,Master Room in Cavenagh Gardens,"$1,300/mo"
111,Common Room in 232 Bain Street,"$1,418/mo"
112,Master Room in Emerald Garden,"$2,950/mo"
113,Common Room in The Bencoolen,"$1,950/mo"
114,Common Room in Little India Conservation Area,"$6,500/mo"
115,Room in 2 Delta Avenue,"$1,400/mo"
116,Common Room in Emerald Garden,"$2,100/mo"
117,Common Room in Emerald Garden,"$2,250/mo"
118,Common Room in Emerald Garden,"$2,200/mo"
119,Master Room in Burlington Square,"$2,500/mo"
120,Common Room in 333 Kreta Ayer Road,"$3,300/mo"
121,Common Room in 2 Tanjong Pagar Plaza,"$1,500/mo"
122,Master Room in The Sail @ Marina Bay,"$7,000/mo"
123,Common Room in The Sail @ Marina Bay,"$2,800/mo"
124,Common Room in Emerald Garden,"$2,600/mo"
125,Common Room in Emerald Garden,"$2,100/mo"
126,Room in Sophia Hills,"$2,400/mo"
127,Master Room in Skysuites @ Anson,"$4,388/mo"
128,Master Room in Kai Fook Mansion,"$2,000/mo"
129,Common Room in Kai Fook Mansion,"$1,500/mo"
130,Master Room in Kai Fook Mansion,"$2,500/mo"
131,Common Room in Mirage Tower,"$1,850/mo"
132,Master Room in 22 Havelock Road,"$1,800/mo"
133,Common Room in Niven Road,"$1,200/mo"
134,Room in V On Shenton,"$4,300/mo"
135,Common Room in Kimsia Court,"$1,400/mo"
136,Common Room in Sunshine Plaza,"$1,000/mo"
137,Common Room in Burlington Square,"$1,400/mo"
138,Common Room in 22 Havelock Road,"$1,300/mo"
139,Room in 269B Queen Street,"$1,400/mo"
140,Common Room in Yong An Park,"$1,650/mo"
141,Common Room in 22 Havelock Road,"$1,350/mo"
142,Common Room in Lucky Plaza,"$1,988/mo"
143,Master Room in Sophia Crest,"$2,400/mo"
144,Common Room in Burlington Square,"$1,900/mo"
145,Master Room in Burlington Square,"$2,600/mo"
146,Common Room in Tiara,"$1,000/mo"
147,Master Room in Little India Conservation Area,"$2,000/mo"
148,Master Room in The Sail @ Marina Bay,"$3,950/mo"
149,Common Room in The Sail @ Marina Bay,"$2,750/mo"
150,Room in Burlington Square,"$1,800/mo"
151,Common Room in Wilkie Court,"$1,250/mo"
152,Common Room in Burlington Square,"$1,800/mo"
153,Master Room in International Plaza,"$2,900/mo"
154,Master Room in The Sail @ Marina Bay,"$1,900/mo"
155,Master Room in River Valley Apartments,"$2,200/mo"
156,Room in One Shenton,"$5,000/mo"
157,Common Room in Kellock Lodge,"$1,500/mo"
158,Master Room in Fraser Residence Singapore,"$2,900/mo"
159,Room in Mackenzie 88,"$3,500/mo"
160,Common Room in Emerald Park,"$1,090/mo"
161,Master Room in 9A Boon Tiong Road,"$1,600/mo"
162,Master Room in Skysuites @ Anson,"$4,200/mo"
163,Common Room in The Sail @ Marina Bay,"$2,500/mo"
164,Master Room in Fraser Residence Singapore,"$2,900/mo"
165,Room in Skysuites @ Anson,"$4,200/mo"
166,Room in 1F Cantonment Road,"$1,800/mo"
167,Common Room in River Valley Road,"$2,100/mo"
168,Common Room in River Valley Road,"$1,600/mo"
169,Room in Sophia Hills,"$2,500/mo"
170,Common Room in Fraser Residence Singapore,"$2,800/mo"
171,Room in Skysuites @ Anson,"$4,500/mo"
172,Common Room in The Mkz,"$1,680/mo"
173,Room in Wilkie Apartments,"$2,350/mo"
174,Room in Mirage Tower,"$2,700/mo"
175,Room in Fraser Residence Singapore,"$2,900/mo"
176,Master Room in 66 Eng Watt Street,"$2,600/mo"
177,Room in 232 Bain Street,"$1,500/mo"
178,Common Room in 4 Tanjong Pagar Plaza,"$1,580/mo"
179,Common Room in 1A Cantonment Road,"$1,900/mo"
180,Common Room in 4 Tanjong Pagar Plaza,"$1,500/mo"
181,Master Room in Fraser Residence Singapore,"$2,900/mo"
182,Common Room in Kai Fook Mansion,"$1,590/mo"
183,Room in Fraser Residence Singapore,"$2,900/mo"
184,Room in The Metz,"$5,500/mo"
185,Master Room in Liv On Wilkie,"$2,500/mo"
186,Common Room in Hoot Kiam Mansion,"$1,700/mo"
187,Master Room in Fraser Residence Singapore,"$2,900/mo"
188,Master Room in 75BR,"$4,200/mo"
189,Room in 1 Cantonment Road,"$1,949/mo"
190,Common Room in Horizon Towers,"$1,700/mo"
191,Room in 8 Selegie Road,"$1,200/mo"
192,Common Room in 1 Cantonment Road,"$1,650/mo"
193,Master Room in Kimsia Court,"$2,500/mo"
194,Room in 8 St Thomas,"$8,000/mo"
195,Room in Cairnhill Nine,"$8,000/mo"
196,Room in OUE Twin Peaks,"$5,300/mo"
197,Room in Emerald Park,"$1,688/mo"
198,Common Room in Lucky Plaza,"$2,200/mo"
199,Room in V On Shenton,"$4,200/mo"
200,Room in Sophia Hills,"$2,700/mo"
201,Room in 1F Cantonment Road,"$1,850/mo"
202,Common Room in 263 Waterloo Street,"$1,400/mo"
203,Master Room in Beach Road Conservation Area,"$3,800/mo"
204,Common Room in 22 Havelock Road,$500/mo
205,Common Room in 8 Cantonment Close,"$1,600/mo"
206,Room in Fraser Residence Singapore,"$3,800/mo"
207,Room in Fraser Residence Singapore,"$3,200/mo"
208,Room in Fraser Residence Singapore,"$2,900/mo"
209,Common Room in 334 Kreta Ayer Road,"$1,200/mo"
210,Common Room in Former Peace Centre/Peace Mansion,"$2,300/mo"
211,Common Room in 2 Tanjong Pagar Plaza,"$1,900/mo"
212,Common Room in 5 Delta Avenue,"$1,100/mo"
213,Common Room in 5 Delta Avenue,$800/mo
214,Room in Skysuites @ Anson,"$4,500/mo"
215,Common Room in Cavenagh Gardens,"$1,680/mo"
216,Room in The Bencoolen,"$2,600/mo"
