,Property,Price
0,Common Room in The Sail @ Marina Bay,"$2,700/mo"
1,Common Room in The Sail @ Marina Bay,"$2,500/mo"
2,Common Room in The Sail @ Marina Bay,"$2,700/mo"
3,Master Room in The Sail @ Marina Bay,"$3,000/mo"
4,Common Room in The Sail @ Marina Bay,"$2,500/mo"
5,Common Room in The Sail @ Marina Bay,"$2,500/mo"
6,Common Room in The Sail @ Marina Bay,"$2,500/mo"
7,Master Room in The Sail @ Marina Bay,"$7,000/mo"
8,Common Room in The Sail @ Marina Bay,"$2,800/mo"
9,Master Room in The Sail @ Marina Bay,"$3,950/mo"
10,Common Room in The Sail @ Marina Bay,"$2,750/mo"
11,Master Room in The Sail @ Marina Bay,"$1,900/mo"
12,Room in One Shenton,"$5,000/mo"
13,Common Room in The Sail @ Marina Bay,"$2,500/mo"
