,Property,Price
0,Common Room in 16 Upper Boon Keng Road,"$2,800/mo"
1,Common Room in 49 Whampoa South,$850/mo
2,Master Room in 56 Geylang Bahru,"$1,300/mo"
3,Master Room in Eight Riversuites,"$2,400/mo"
4,Master Room in Canne Lodge,"$2,350/mo"
5,Common Room in 3A Upper Boon Keng Road,"$1,000/mo"
6,Common Room in 8A Upper Boon Keng Road,"$1,198/mo"
7,Master Room in Canne Lodge,"$2,008/mo"
8,Room in 3C Upper Boon Keng Road,"$1,100/mo"
9,Common Room in 34 Whampoa West,$850/mo
10,Master Room in Woodsville Mansions,"$1,600/mo"
11,Common Room in 56 Geylang Bahru,$550/mo
12,Common Room in 2D Upper Boon Keng Road,"$1,000/mo"
13,Master Room in Woodsville Mansions,"$2,000/mo"
14,Master Room in 16 Upper Boon Keng Road,"$2,800/mo"
15,Room in 56 Geylang Bahru,$550/mo
16,Room in One Saint Michaels,"$1,600/mo"
17,Common Room in 2D Upper Boon Keng Road,"$1,100/mo"
18,Master Room in Canne Lodge,"$2,200/mo"
19,Room in 47 Bendemeer Road,"$1,200/mo"
20,Master Room in Canne Lodge,"$2,200/mo"
21,Common Room in 97 Geylang Bahru,"$1,200/mo"
22,Common Room in Canne Lodge,"$1,900/mo"
23,Common Room in 2A Upper Boon Keng Road,"$1,400/mo"
24,Master Room in Canne Lodge,"$1,800/mo"
25,Common Room in 97 Geylang Bahru,"$1,200/mo"
26,Master Room in One Saint Michaels,"$2,500/mo"
27,Common Room in Canne Lodge,"$1,800/mo"
28,Room in 8B Upper Boon Keng Road,"$1,350/mo"
29,Room in 11 Upper Boon Keng Road,$550/mo
30,Room in 2D Upper Boon Keng Road,"$1,100/mo"
31,Room in 45 Sims Drive,"$1,100/mo"
32,Common Room in 8B Upper Boon Keng Road,"$1,400/mo"
33,Common Room in 2D Upper Boon Keng Road,$900/mo
34,Master Room in 16 Upper Boon Keng Road,"$3,200/mo"
35,Master Room in Boon Keng Ville,"$3,500/mo"
36,Common Room in Canne Lodge,"$2,200/mo"
37,Common Room in Canne Lodge,"$1,800/mo"
38,Common Room in 8A Upper Boon Keng Road,"$1,300/mo"
39,Room in 16 Upper Boon Keng Road,"$2,700/mo"
40,Room in Eight Riversuites,"$1,500/mo"
41,Room in The Venue Residences,"$2,300/mo"
42,Common Room in Canne Lodge,"$1,900/mo"
43,Common Room in Canne Lodge,"$1,800/mo"
44,Master Room in Canne Lodge,"$2,300/mo"
45,Common Room in 47 Bendemeer Road,"$1,200/mo"
46,Room in 16 Upper Boon Keng Road,"$1,500/mo"
47,Room in Jalan Besar,"$2,940/mo"
48,Master Room in 813 Jellicoe Road,"$1,300/mo"
49,Master Room in Wing Fong Mansions,"$1,850/mo"
50,Common Room in Wing Fong Court,"$1,250/mo"
51,Room in 119 Aljunied Avenue 2,"$2,900/mo"
52,Master Room in 12 Pine Close,"$1,900/mo"
53,Master Room in 32 Cassia Crescent,"$1,600/mo"
54,Common Room in TRE Residences,"$1,500/mo"
55,Master Room in Accord Apartments,"$1,400/mo"
56,Master Room in # 1 Loft,"$1,850/mo"
57,Common Room in The Centren,"$1,950/mo"
58,Common Room in 144 Potong Pasir Avenue 2,$850/mo
59,Common Room in 94 Whampoa Drive,$900/mo
60,Common Room in The Tre Ver,"$1,800/mo"
61,Room in 119 Aljunied Avenue 2,"$2,500/mo"
62,Common Room in 5 Saint George's Lane,"$1,200/mo"
63,Common Room in 112 Whampoa Road,"$1,000/mo"
64,Master Room in 813 Jellicoe Road,"$1,500/mo"
65,Common Room in Race Course Road,"$1,500/mo"
66,Master Room in 107 Towner Road,"$2,000/mo"
67,Common Room in 48 Circuit Road,$450/mo
68,Common Room in 19 Jalan Tenteram,"$1,000/mo"
69,Common Room in 12 Joo Seng Road,"$1,000/mo"
70,Common Room in 122 Mcnair Road,"$1,500/mo"
71,Common Room in 122 Mcnair Road,"$1,500/mo"
72,Common Room in 5 Saint George's Lane,"$1,200/mo"
73,Common Room in 683 Tessensohn Road,"$1,100/mo"
74,Common Room in 8 Saint George's Lane,"$1,600/mo"
75,Common Room in 14 Joo Seng Road,$850/mo
76,Common Room in 113 Potong Pasir Avenue 1,"$1,000/mo"
77,Common Room in 74 Whampoa Drive,"$1,100/mo"
78,Common Room in 74 Whampoa Drive,$750/mo
79,Common Room in 139 Potong Pasir Avenue 3,"$1,200/mo"
80,Room in 119 Aljunied Avenue 2,"$2,100/mo"
81,Common Room in 108B Bidadari Park Drive,"$1,200/mo"
82,Master Room in Nin Residence,"$2,500/mo"
83,Master Room in 148 Potong Pasir Avenue 1,"$2,000/mo"
84,Master Room in Sing Avenue,"$2,500/mo"
85,Master Room in Central Grove,"$2,000/mo"
86,Common Room in Delight Court,"$1,350/mo"
87,Common Room in Lorong 9 Geylang,"$1,200/mo"
88,Common Room in Wing Fong Mansions,"$1,000/mo"
89,Common Room in The Tre Ver,"$2,200/mo"
90,Room in 255 Kim Keat Avenue,"$1,200/mo"
91,Common Room in Central Grove,$880/mo
92,Master Room in 8 Farrer Suites,"$2,200/mo"
93,Master Room in Serangoon Road,"$3,000/mo"
94,Master Room in Serangoon Road,"$2,400/mo"
95,Master Room in Studios @ Marne,"$3,500/mo"
96,Common Room in 5 Boon Keng Road,"$1,000/mo"
97,Common Room in 28 Cassia Crescent,$900/mo
98,Common Room in Sims Green,"$1,200/mo"
99,Master Room in 8 Farrer Suites,"$2,300/mo"
100,Common Room in 681 Race Course Road,"$1,100/mo"
101,Room in Uptown @ Farrer,"$3,200/mo"
102,Master Room in Sims 450 Centre,"$2,600/mo"
103,Common Room in 14 Saint George's Road,$500/mo
104,Common Room in Wing Fong Mansions,"$2,000/mo"
105,Room in 54 Jalan Ma'Mor,"$1,050/mo"
106,Room in Loft 33,"$1,600/mo"
107,Common Room in TRE Residences,"$1,700/mo"
108,Common Room in City Square Residences,"$2,200/mo"
109,Room in Kerrisdale,"$1,600/mo"
110,Common Room in City Square Residences,"$2,200/mo"
111,Common Room in 144 Potong Pasir Avenue 2,$950/mo
112,Common Room in Kim Keat House,"$1,350/mo"
113,Room in 17 Jalan Tenteram,$550/mo
114,Common Room in 17 Jalan Tenteram,$550/mo
115,Common Room in Delight Court,"$1,358/mo"
116,Common Room in 110 Mcnair Road,"$1,500/mo"
117,Room in 32 Penhas Road,"$1,449/mo"
118,Master Room in Loft 33,"$1,900/mo"
119,Master Room in Kerrisdale,$900/mo
120,Common Room in 15 Joo Seng Road,"$1,400/mo"
121,Master Room in Sallim Lodge,"$2,000/mo"
122,Common Room in Sallim Lodge,"$1,400/mo"
123,Common Room in Sallim Lodge,"$1,500/mo"
124,Room in 104 Potong Pasir Avenue 1,"$1,200/mo"
125,Common Room in City Square Residences,"$2,000/mo"
126,Common Room in City Square Residences,"$2,000/mo"
127,Common Room in Citylights,"$2,000/mo"
128,Room in Atrium Residences,"$1,600/mo"
129,Master Room in 108 Aljunied Crescent,"$1,800/mo"
130,Common Room in 6 Saint George's Lane,$900/mo
131,Master Room in 8 Farrer Suites,"$2,400/mo"
132,Master Room in TRE Residences,"$2,400/mo"
133,Common Room in Atrium Residences,"$1,450/mo"
134,Room in City Square Residences,"$2,600/mo"
135,Room in The Tre Ver,"$5,200/mo"
136,Common Room in 28 Cassia Crescent,"$1,250/mo"
137,Room in 32 Penhas Road,"$2,849/mo"
138,Common Room in 123 Geylang East Central,$900/mo
139,Room in The Poiz Residences,"$3,800/mo"
140,Room in TRE Residences,"$2,400/mo"
141,Common Room in 121 Mcnair Road,"$1,200/mo"
142,Master Room in Kerrisdale,"$2,500/mo"
143,Room in Sims Green,$880/mo
144,Room in Central Grove,"$2,200/mo"
145,Room in Atrium Residences,"$1,400/mo"
146,Room in City Square Residences,"$2,600/mo"
147,Common Room in Wing Fong Mansions,"$1,000/mo"
148,Room in 81 Lorong 25 Geylang,"$2,300/mo"
149,Room in 6 Saint George's Lane,$900/mo
150,Common Room in Canberlin Lodge,"$1,350/mo"
151,Common Room in 105 Towner Road,"$1,500/mo"
152,Common Room in Sennett Estate,"$1,700/mo"
153,Master Room in Kerrisdale,"$2,000/mo"
154,Common Room in 92 Pipit Road,$900/mo
155,Common Room in Kerrisdale,"$1,200/mo"
156,Room in Sennett Residence,"$2,000/mo"
157,Common Room in 123 Geylang East Central,"$1,500/mo"
158,Master Room in 3 Saint George's Road,"$1,200/mo"
159,Room in TRE Residences,"$1,700/mo"
160,Master Room in City Square Residences,"$2,600/mo"
161,Room in Goodview Apartments,"$1,800/mo"
162,Common Room in Goodview Apartments,"$1,900/mo"
163,Common Room in Woodsville 28,"$2,000/mo"
164,Room in 109 Mcnair Road,$900/mo
165,Common Room in City Square Residences,"$1,800/mo"
166,Common Room in 8 Saint George's Lane,"$1,600/mo"
167,Master Room in Wing Fong Court,"$1,850/mo"
168,Master Room in 95 Lavender Street,"$1,650/mo"
169,Room in The Alcove,"$1,650/mo"
170,Master Room in City Square Residences,"$2,600/mo"
171,Master Room in City Square Residences,"$2,300/mo"
172,Common Room in City Square Residences,"$1,600/mo"
173,Common Room in The Midas,"$1,500/mo"
174,Common Room in Parc Haven,"$1,000/mo"
175,Master Room in Parc Haven,"$2,700/mo"
176,Common Room in Parc Haven,"$1,800/mo"
177,Master Room in Parc Haven,"$2,400/mo"
178,Common Room in TRE Residences,"$1,550/mo"
179,Common Room in Sims Urban Oasis,"$1,500/mo"
180,Common Room in 813 Jellicoe Road,"$1,500/mo"
181,Common Room in 53 Pipit Road,"$1,200/mo"
182,Common Room in Canberlin Lodge,"$1,300/mo"
183,Room in Kerrisdale,"$2,000/mo"
184,Master Room in Summer View,"$1,800/mo"
185,Common Room in Canne Ville,"$2,000/mo"
186,Common Room in Jalan Chengkek,"$1,700/mo"
187,Master Room in 2 Saint George's Road,$800/mo
188,Common Room in 66 Circuit Road,"$1,000/mo"
189,Room in The Tre Ver,"$1,800/mo"
190,Common Room in Sennett Estate,"$1,600/mo"
191,Master Room in Intero,"$4,000/mo"
192,Common Room in TRE Residences,"$2,700/mo"
193,Common Room in Sallim Lodge,"$1,500/mo"
194,Common Room in Sallim Lodge,"$1,300/mo"
195,Room in The Antares,"$2,500/mo"
196,Master Room in Intero,"$4,000/mo"
197,Common Room in City Square Residences,"$2,100/mo"
198,Master Room in 55 Pipit Road,"$1,100/mo"
199,Common Room in 8 Farrer Suites,"$2,399/mo"
200,Common Room in 142 Potong Pasir Avenue 3,"$1,350/mo"
201,Common Room in Lorong 13 Geylang,"$2,900/mo"
202,Common Room in Petain Court,"$1,400/mo"
203,Room in 112 Lorong 3 Geylang,"$1,000/mo"
204,Room in 8 Farrer Suites,"$2,200/mo"
205,Room in 120 Potong Pasir Avenue 1,"$1,400/mo"
206,Master Room in Lavender Street,"$2,300/mo"
207,Master Room in Kerrisdale,"$1,700/mo"
208,Master Room in 27 Jalan Bahagia,$800/mo
209,Master Room in 3 Saint George's Road,"$1,300/mo"
210,Common Room in Wing Fong Mansions,"$1,580/mo"
211,Room in Studios @ Marne,"$3,500/mo"
212,Room in 119 Aljunied Avenue 2,"$2,800/mo"
213,Room in 122 Geylang East Central,$900/mo
214,Room in 119 Aljunied Avenue 2,"$2,300/mo"
215,Master Room in 110 Mcnair Road,"$1,400/mo"
216,Common Room in 113A Mcnair Road,"$1,200/mo"
217,Master Room in 119 Aljunied Avenue 2,"$2,700/mo"
218,Master Room in The Elysia,"$2,100/mo"
219,Common Room in Kerrisdale,"$1,700/mo"
220,Common Room in 119 Aljunied Avenue 2,"$2,800/mo"
221,Common Room in Familie Mansions,"$1,000/mo"
222,Room in 107 Towner Road,"$2,000/mo"
223,Master Room in 108 Aljunied Crescent,"$1,400/mo"
224,Master Room in City Square Mall,"$2,900/mo"
225,Room in Macpherson Garden Estate,"$1,500/mo"
226,Master Room in Geylang Conservation Area,"$3,000/mo"
227,Master Room in Petain Road/Tyrwhitt Road Conservation Area,"$2,500/mo"
228,Common Room in City Square Residences,"$1,600/mo"
229,Room in Guillemard Suites,"$2,600/mo"
230,Common Room in City Square Residences,"$1,700/mo"
231,Master Room in Sennett Estate,"$1,200/mo"
232,Master Room in Parc Haven,"$2,400/mo"
233,Room in TRE Residences,"$1,888/mo"
234,Master Room in Studios @ Marne,"$3,400/mo"
235,Master Room in Sims Urban Oasis,"$2,699/mo"
236,Common Room in 113 Potong Pasir Avenue 1,$999/mo
237,Common Room in Citylights,"$1,950/mo"
238,Room in Studios @ Marne,"$3,400/mo"
239,Master Room in Nin Residence,"$2,900/mo"
240,Room in Uptown @ Farrer,"$2,900/mo"
241,Common Room in Macpherson Garden Estate,"$1,300/mo"
242,Common Room in 249 Kim Keat Link,$800/mo
243,Common Room in 112A Whampoa Road,"$1,200/mo"
244,Common Room in 93 Whampoa Drive,$550/mo
245,Room in 813 Jellicoe Road,"$1,500/mo"
246,Common Room in 684 Race Course Road,"$1,000/mo"
247,Common Room in Joo Avenue,"$1,200/mo"
248,Room in 685 Race Course Road,"$1,800/mo"
249,Common Room in 102B Bidadari Park Drive,"$1,300/mo"
250,Common Room in Jalan Chengkek,"$2,200/mo"
251,Room in 8 Farrer Suites,"$2,200/mo"
