,Property,Price
0,Room in 22 Cavenagh Road,"$3,334/mo"
1,Room in 48 Bencoolen Street,"$4,333/mo"
2,Room in Kreta Ayer Conservation Area,Room in Kreta Ayer Conservation Area
3,Common Room in Mirage Tower,"$1,300/mo"
4,Common Room in UE Square,"$1,950/mo"
5,Master Room in Tiara,"$2,600/mo"
6,Common Room in 2 Delta Avenue,"$1,500/mo"
7,Common Room in 56 Havelock Road,"$1,200/mo"
8,Common Room in Euro-Asia Court,"$1,450/mo"
9,Master Room in Euro-Asia Court,"$2,600/mo"
10,Master Room in Langston Ville,"$2,700/mo"
11,Room in Studio 3,"$4,000/mo"
12,Common Room in Oleanas Residence,"$1,900/mo"
13,Room in Studio 3,"$4,000/mo"
14,Common Room in Euro-Asia Court,"$1,250/mo"
15,Common Room in UE Square,"$1,950/mo"
16,Common Room in UE Square,"$1,950/mo"
17,Common Room in River Valley Court,"$1,280/mo"
18,Room in Langston Ville,"$2,700/mo"
19,Room in 4B Boon Tiong Road,"$1,300/mo"
20,Room in UE Square,"$2,300/mo"
21,Common Room in Great World City,"$1,950/mo"
22,Master Room in Mirage Tower,"$2,700/mo"
23,Common Room in Riverdale Residence,"$1,800/mo"
24,Room in Illuminaire On Devonshire,"$4,000/mo"
25,Common Room in UE Square,"$2,200/mo"
26,Common Room in Mirage Tower,"$1,850/mo"
27,Master Room in 22 Havelock Road,"$1,800/mo"
28,Common Room in Aspen Heights,"$1,500/mo"
29,Common Room in Lloyd Mansion,"$2,000/mo"
30,Common Room in 22 Havelock Road,"$1,300/mo"
31,Common Room in Aspen Heights,"$1,200/mo"
32,Common Room in Yong An Park,"$1,650/mo"
33,Common Room in 22 Havelock Road,"$1,350/mo"
34,Common Room in UE Square,"$2,400/mo"
35,Common Room in UE Square,"$2,100/mo"
36,Common Room in Tiara,"$1,000/mo"
37,Master Room in UE Square,"$2,200/mo"
38,Master Room in River Valley Apartments,"$2,200/mo"
39,Common Room in Kellock Lodge,"$1,500/mo"
40,Common Room in Emerald Park,"$1,090/mo"
41,Master Room in 9A Boon Tiong Road,"$1,600/mo"
42,Room in UE Square,"$2,000/mo"
43,Common Room in River Valley Road,"$2,100/mo"
44,Common Room in River Valley Road,"$1,600/mo"
45,Room in Mirage Tower,"$2,700/mo"
46,Common Room in UE Square,"$2,300/mo"
47,Common Room in UE Square,"$2,100/mo"
48,Room in The Metz,"$5,500/mo"
49,Master Room in 38 Beo Crescent,"$2,200/mo"
50,Room in Spring Grove,"$2,488/mo"
51,Common Room in Hoot Kiam Mansion,"$1,700/mo"
52,Common Room in Horizon Towers,"$1,700/mo"
53,Room in 8 St Thomas,"$8,000/mo"
54,Room in OUE Twin Peaks,"$5,300/mo"
55,Room in Emerald Park,"$1,688/mo"
56,Room in 38 Beo Crescent,"$1,300/mo"
57,Common Room in 22 Havelock Road,$500/mo
58,Common Room in 5 Delta Avenue,"$1,100/mo"
59,Common Room in 5 Delta Avenue,$800/mo
60,Room in 22 Cavenagh Road,"$3,334/mo"
61,Room in Kreta Ayer Conservation Area,"$2,333/mo"
62,Room in Furama City Centre Singapore,"$4,600/mo"
63,Room in OG Orchard Point,"$8,833/mo"
64,Room in Far East Plaza,"$1,667/mo"
65,Master Room in Peace Centre/Peace Mansion / Peace Centre,"$1,500/mo"
66,Common Room in Peace Centre/Peace Mansion / Peace Centre,"$1,100/mo"
67,Common Room in People's Park Complex,"$1,100/mo"
68,Master Room in One Oxley Rise,"$2,300/mo"
69,Common Room in 128 Bukit Merah View,"$1,350/mo"
70,Common Room in Lucky Plaza,$700/mo
71,Common Room in 129 Bukit Merah View,$950/mo
72,Master Room in 119B Kim Tian Road,"$2,000/mo"
73,Master Room in The Riverside Piazza,"$1,600/mo"
74,Master Room in 142 Jalan Bukit Merah,"$1,200/mo"
75,Master Room in Fook Hai Building,"$1,400/mo"
76,Common Room in 96B Henderson Road,"$1,200/mo"
77,Master Room in Former Peace Centre/Peace Mansion,"$2,500/mo"
78,Common Room in 129 Bukit Merah View,$850/mo
79,Common Room in 55 Tiong Bahru Road,"$2,000/mo"
80,Common Room in Top Ten,"$2,300/mo"
81,Master Room in Orchard Court,"$2,000/mo"
82,Common Room in Kimsia Park,"$1,500/mo"
83,Common Room in Orchard Towers,"$1,438/mo"
84,Common Room in People's Park Complex,"$1,200/mo"
85,Common Room in Central Green Condominium,"$1,950/mo"
86,Common Room in Central Green Condominium,"$1,950/mo"
87,Master Room in Kimsia Court,"$2,100/mo"
88,Common Room in Kimsia Court,"$1,700/mo"
89,Master Room in Emerald Hill Conservation Area,"$2,000/mo"
90,Common Room in Bencoolen House,"$1,600/mo"
91,Master Room in 119 Bukit Merah View,"$1,200/mo"
92,Room in Furama City Centre Singapore,"$3,300/mo"
93,Master Room in Orchard Court,"$2,000/mo"
94,Common Room in The Riverside Piazza,"$1,600/mo"
95,Common Room in Cavenagh Gardens,"$1,100/mo"
96,Common Room in People's Park Complex,"$1,200/mo"
97,Common Room in People's Park Complex,"$1,699/mo"
98,Common Room in People's Park Complex,"$2,000/mo"
99,Common Room in The Riverside Piazza,"$1,600/mo"
100,Master Room in 20 Jalan Membina,"$1,499/mo"
101,Common Room in 538 Upper Cross Street,"$1,300/mo"
102,Common Room in Elizabeth Towers,"$1,800/mo"
103,Common Room in Emerald Garden,"$2,100/mo"
104,Common Room in Emerald Garden,"$2,300/mo"
105,Room in The Scotts Tower,"$5,150/mo"
106,Master Room in Kreta Ayer Conservation Area,"$4,620/mo"
107,Common Room in Kimsia Court,"$1,700/mo"
108,Common Room in Emerald Garden,"$2,100/mo"
109,Common Room in Emerald Garden,"$2,200/mo"
110,Common Room in Kimsia Court,"$1,300/mo"
111,Common Room in 144 Jalan Bukit Merah,"$1,000/mo"
112,Common Room in People's Park Complex,"$1,699/mo"
113,Common Room in People's Park Complex,"$1,200/mo"
114,Common Room in Cavenagh Gardens,"$1,480/mo"
115,Common Room in People's Park Complex,"$1,699/mo"
116,Common Room in 83 Redhill Lane,"$1,800/mo"
117,Common Room in Kimsia Court,"$1,508/mo"
118,Room in 26C Jalan Membina,"$1,310/mo"
119,Room in Emerald Garden,"$2,100/mo"
120,Master Room in Emerald Garden,"$2,850/mo"
121,Common Room in 26C Jalan Membina,"$1,300/mo"
122,Master Room in Elizabeth Heights,"$2,000/mo"
123,Room in Fraser Residence Singapore,"$2,900/mo"
124,Master Room in The Riverside Piazza,"$1,600/mo"
125,Common Room in Orchard Towers,"$2,800/mo"
126,Common Room in People's Park Complex,"$1,050/mo"
127,Master Room in Cavenagh Gardens,"$1,300/mo"
128,Master Room in Emerald Garden,"$2,950/mo"
129,Common Room in Emerald Garden,"$2,100/mo"
130,Common Room in Emerald Garden,"$2,250/mo"
131,Common Room in Emerald Garden,"$2,200/mo"
132,Common Room in 333 Kreta Ayer Road,"$3,300/mo"
133,Common Room in The Riverside Piazza,"$1,800/mo"
134,Common Room in Emerald Garden,"$2,600/mo"
135,Common Room in Emerald Garden,"$2,100/mo"
136,Room in Sophia Hills,"$2,400/mo"
137,Master Room in Kai Fook Mansion,"$2,000/mo"
138,Common Room in Kai Fook Mansion,"$1,500/mo"
139,Master Room in Kai Fook Mansion,"$2,500/mo"
140,Common Room in Orchard Towers,"$2,000/mo"
141,Common Room in Kimsia Court,"$1,400/mo"
142,Common Room in Lucky Plaza,"$1,988/mo"
143,Master Room in Sophia Crest,"$2,400/mo"
144,Common Room in 130 Bukit Merah View,"$1,100/mo"
145,Room in Jervois Meadows,"$1,800/mo"
146,Room in The Scotts Tower,"$5,150/mo"
147,Common Room in Wilkie Court,"$1,250/mo"
148,Master Room in 75C Redhill Road,"$1,850/mo"
149,Master Room in Fraser Residence Singapore,"$2,900/mo"
150,Common Room in 26C Jalan Membina,"$1,200/mo"
151,Common Room in 25A Jalan Membina,"$1,400/mo"
152,Master Room in 95A Henderson Road,"$2,500/mo"
153,Master Room in One Oxley Rise,"$2,300/mo"
154,Master Room in Fraser Residence Singapore,"$2,900/mo"
155,Room in Sophia Hills,"$2,500/mo"
156,Common Room in Jalan Arnap,"$2,000/mo"
157,Common Room in Fraser Residence Singapore,"$2,800/mo"
158,Common Room in 125 Bukit Merah View,"$1,200/mo"
159,Master Room in People's Park Complex,"$1,800/mo"
160,Master Room in 141 Jalan Bukit Merah,$800/mo
161,Master Room in 118D Jalan Membina,"$2,500/mo"
162,Common Room in Hollywood Apartments,"$1,550/mo"
163,Room in Wilkie Apartments,"$2,350/mo"
164,Room in Fraser Residence Singapore,"$2,900/mo"
165,Master Room in 66 Eng Watt Street,"$2,600/mo"
166,Common Room in 1A Cantonment Road,"$1,900/mo"
167,Master Room in Fraser Residence Singapore,"$2,900/mo"
168,Common Room in 128 Bukit Merah View,"$1,400/mo"
169,Master Room in People's Park Complex,"$1,500/mo"
170,Common Room in Kai Fook Mansion,"$1,590/mo"
171,Common Room in People's Park Complex,"$1,300/mo"
172,Room in Fraser Residence Singapore,"$2,900/mo"
173,Master Room in Liv On Wilkie,"$2,500/mo"
174,Master Room in 118C Jalan Membina,"$1,311/mo"
175,Room in 124B Bukit Merah View,"$1,400/mo"
176,Master Room in Fraser Residence Singapore,"$2,900/mo"
177,Master Room in Delfi Orchard,"$2,588/mo"
178,Master Room in Orchard Hotel Singapore,"$2,588/mo"
179,Master Room in People's Park Complex,"$1,450/mo"
180,Master Room in Kimsia Court,"$2,500/mo"
181,Common Room in 76 Redhill Road,"$1,500/mo"
182,Room in Cairnhill Nine,"$8,000/mo"
183,Common Room in Lucky Plaza,"$2,200/mo"
184,Room in Sophia Hills,"$2,700/mo"
185,Common Room in Rainbow Mansions,"$2,800/mo"
186,Master Room in Bencoolen House,"$2,200/mo"
187,Room in Fraser Residence Singapore,"$3,800/mo"
188,Room in Fraser Residence Singapore,"$3,200/mo"
189,Room in Fraser Residence Singapore,"$2,900/mo"
190,Common Room in 334 Kreta Ayer Road,"$1,200/mo"
191,Common Room in Former Peace Centre/Peace Mansion,"$2,300/mo"
192,Common Room in Cavenagh Gardens,"$1,680/mo"
