,Property,Price
0,Common Room in 32 Telok Blangah Rise,"$1,300/mo"
1,Common Room in 35 Telok Blangah Rise,$800/mo
2,Master Room in Harbourlights,"$2,900/mo"
3,Room in Wishart Road,"$1,600/mo"
4,Master Room in 142 Jalan Bukit Merah,"$1,200/mo"
5,Master Room in 62 Telok Blangah Heights,"$1,800/mo"
6,Common Room in 25 Telok Blangah Crescent,"$1,500/mo"
7,Common Room in 128 Bukit Merah View,"$1,350/mo"
8,Common Room in Teresa Ville,"$1,800/mo"
9,Master Room in Teresa Ville,"$1,100/mo"
10,Common Room in Spottiswoode Park,"$1,600/mo"
11,Common Room in 51 Telok Blangah Drive,$700/mo
12,Common Room in 144 Jalan Bukit Merah,"$1,000/mo"
13,Master Room in Reflections At Keppel Bay,"$3,600/mo"
14,Common Room in Teresa Ville,"$2,000/mo"
15,Master Room in Teresa Ville,"$2,700/mo"
16,Room in 84 Telok Blangah Heights,"$1,500/mo"
17,Master Room in 107 Spottiswoode Park Road,"$1,600/mo"
18,Master Room in Teresa Ville,"$2,700/mo"
19,Common Room in Spottiswoode Park,"$1,350/mo"
20,Master Room in 25 Telok Blangah Crescent,"$2,000/mo"
21,Common Room in 14A Telok Blangah Crescent,"$1,300/mo"
22,Common Room in 80A Telok Blangah Street 31,"$1,250/mo"
23,Room in 80A Telok Blangah Street 31,"$1,200/mo"
24,Room in Raeburn Park,"$3,500/mo"
25,Common Room in 93B Telok Blangah Street 31,"$1,200/mo"
26,Master Room in Spottiswoode Park,"$1,200/mo"
27,Master Room in 141 Jalan Bukit Merah,$800/mo
28,Common Room in 20 Telok Blangah Crescent,"$1,300/mo"
29,Room in 80A Telok Blangah Street 31,"$1,200/mo"
30,Common Room in 110 Bukit Purmei Road,"$1,288/mo"
31,Common Room in 128 Bukit Merah View,"$1,400/mo"
32,Master Room in 118C Jalan Membina,"$1,311/mo"
33,Room in 80A Telok Blangah Street 31,"$1,200/mo"
34,Common Room in 27 Telok Blangah Way,"$1,400/mo"
35,Room in 93B Telok Blangah Street 31,"$1,500/mo"
