,Property,Price
0,Room in 22 Cavenagh Road,"$3,334/mo"
1,Room in 48 Bencoolen Street,"$4,333/mo"
2,Room in Kreta Ayer Conservation Area,"$2,333/mo"
3,Room in 32 Tras Street,"$3,981/mo"
4,Room in Furama City Centre Singapore,"$4,600/mo"
5,Room in OG Orchard Point,"$8,833/mo"
6,Room in 12 Queen Street,"$5,000/mo"
7,Room in Green World,"$3,167/mo"
8,Room in Far East Plaza,"$1,667/mo"
9,Room in Jalan Besar,"$2,940/mo"
10,Master Room in 525 Bedok North Street 3,"$1,300/mo"
11,Common Room in Northoaks,"$1,100/mo"
12,Common Room in 681 Choa Chu Kang Crescent,$950/mo
13,Master Room in 813 Jellicoe Road,"$1,500/mo"
14,Master Room in 383 Bukit Batok West Avenue 5,"$1,500/mo"
15,Common Room in 224A Compassvale Walk,"$1,000/mo"
16,Master Room in 250 Bangkit Road,$950/mo
17,Common Room in 751 Yishun Street 72,"$1,058/mo"
18,Common Room in 612 Ang Mo Kio Avenue 4,"$1,100/mo"
19,Room in 610C Tampines North Drive 1,"$1,400/mo"
20,Room in 2 Delta Avenue,"$1,400/mo"
21,Master Room in 253 Kim Keat Avenue,"$1,200/mo"
22,Common Room in 160 Tampines Street 12,"$1,500/mo"
23,Common Room in 305 Shunfu Road,"$1,050/mo"
24,Common Room in 79B Toa Payoh Central,"$1,600/mo"
25,Common Room in Yishun Emerald,$900/mo
26,Common Room in 630 Yishun Street 61,"$1,000/mo"
27,Common Room in Parc Oasis,"$1,200/mo"
28,Common Room in Ritz Mansions,"$1,450/mo"
29,Common Room in 336 Tah Ching Road,$950/mo
30,Master Room in The Plaza,"$3,500/mo"
31,Common Room in The Plaza,"$2,800/mo"
32,Common Room in 138C Lorong 1A Toa Payoh,"$1,500/mo"
33,Common Room in 872 Tampines Street 84,"$1,200/mo"
34,Common Room in 182 Pasir Ris Street 11,"$1,000/mo"
35,Room in 22 Cavenagh Road,"$3,334/mo"
36,Room in 48 Bencoolen Street,"$4,333/mo"
37,Room in Kreta Ayer Conservation Area,"$2,333/mo"
38,Room in 32 Tras Street,"$3,981/mo"
39,Room in Furama City Centre Singapore,"$4,600/mo"
40,Room in OG Orchard Point,"$8,833/mo"
41,Room in 12 Queen Street,"$5,000/mo"
42,Room in Green World,"$3,167/mo"
43,Room in Far East Plaza,"$1,667/mo"
44,Room in Jalan Besar,"$2,940/mo"
45,Master Room in 525 Bedok North Street 3,"$1,300/mo"
46,Common Room in Northoaks,"$1,100/mo"
47,Common Room in 681 Choa Chu Kang Crescent,$950/mo
48,Master Room in 813 Jellicoe Road,"$1,500/mo"
49,Master Room in 383 Bukit Batok West Avenue 5,"$1,500/mo"
50,Common Room in 224A Compassvale Walk,"$1,000/mo"
51,Master Room in 250 Bangkit Road,$950/mo
52,Common Room in 751 Yishun Street 72,"$1,058/mo"
53,Common Room in 612 Ang Mo Kio Avenue 4,"$1,100/mo"
54,Room in 610C Tampines North Drive 1,"$1,400/mo"
55,Room in 2 Delta Avenue,"$1,400/mo"
56,Master Room in 253 Kim Keat Avenue,"$1,200/mo"
57,Common Room in Kai Fook Mansion,"$1,500/mo"
58,Master Room in Kai Fook Mansion,"$2,500/mo"
59,Common Room in Mirage Tower,"$1,850/mo"
60,Master Room in 22 Havelock Road,"$1,800/mo"
61,Common Room in 22 Havelock Road,"$1,300/mo"
62,Common Room in Yong An Park,"$1,650/mo"
63,Common Room in 22 Havelock Road,"$1,350/mo"
64,Common Room in Tiara,"$1,000/mo"
65,Master Room in River Valley Apartments,"$2,200/mo"
66,Common Room in Kellock Lodge,"$1,500/mo"
67,Common Room in 25A Jalan Membina,"$1,400/mo"
68,Common Room in Emerald Park,"$1,090/mo"
69,Master Room in 9A Boon Tiong Road,"$1,600/mo"
70,Common Room in River Valley Road,"$2,100/mo"
71,Common Room in River Valley Road,"$1,600/mo"
72,Room in Mirage Tower,"$2,700/mo"
73,Master Room in 66 Eng Watt Street,"$2,600/mo"
74,Common Room in Kai Fook Mansion,"$1,590/mo"
75,Master Room in 38 Beo Crescent,"$2,200/mo"
76,Common Room in Hoot Kiam Mansion,"$1,700/mo"
77,Room in 8 St Thomas,"$8,000/mo"
78,Room in Emerald Park,"$1,688/mo"
79,Room in 38 Beo Crescent,"$1,300/mo"
80,Common Room in 22 Havelock Road,$500/mo
81,Common Room in 5 Delta Avenue,"$1,100/mo"
82,Common Room in 5 Delta Avenue,$800/mo
83,Room in 22 Cavenagh Road,"$3,334/mo"
84,Room in Kreta Ayer Conservation Area,"$2,333/mo"
85,Room in 32 Tras Street,"$3,981/mo"
86,Room in Furama City Centre Singapore,"$4,600/mo"
87,Room in OG Orchard Point,"$8,833/mo"
88,Common Room in People's Park Complex,"$1,100/mo"
89,Master Room in One Oxley Rise,"$2,300/mo"
90,Common Room in 128 Bukit Merah View,"$1,350/mo"
91,Common Room in UE Square,"$1,950/mo"
92,Common Room in Lucky Plaza,$700/mo
93,Common Room in 129 Bukit Merah View,$950/mo
94,Master Room in 119B Kim Tian Road,"$2,000/mo"
95,Master Room in The Riverside Piazza,"$1,600/mo"
96,Master Room in 142 Jalan Bukit Merah,"$1,200/mo"
97,Master Room in Fook Hai Building,"$1,400/mo"
98,Common Room in 96B Henderson Road,"$1,200/mo"
99,Master Room in Icon,"$2,700/mo"
100,Common Room in 129 Bukit Merah View,$850/mo
101,Common Room in UE Square,"$1,950/mo"
102,Common Room in Top Ten,"$2,300/mo"
103,Master Room in Orchard Court,"$2,000/mo"
104,Common Room in Kimsia Park,"$1,500/mo"
105,Common Room in People's Park Complex,"$1,200/mo"
106,Common Room in 2 Tanjong Pagar Plaza,"$1,500/mo"
107,Master Room in Kimsia Court,"$2,100/mo"
108,Common Room in Kimsia Court,"$1,700/mo"
109,Master Room in Emerald Hill Conservation Area,"$2,000/mo"
110,Common Room in Teresa Ville,"$1,800/mo"
111,Master Room in 119 Bukit Merah View,"$1,200/mo"
112,Room in Furama City Centre Singapore,"$3,300/mo"
113,Master Room in Orchard Court,"$2,000/mo"
114,Common Room in The Riverside Piazza,"$1,600/mo"
115,Master Room in Teresa Ville,"$1,100/mo"
116,Common Room in People's Park Complex,"$1,200/mo"
117,Common Room in People's Park Complex,"$1,699/mo"
118,Common Room in People's Park Complex,"$2,000/mo"
119,Common Room in The Riverside Piazza,"$1,600/mo"
120,Common Room in 538 Upper Cross Street,"$1,300/mo"
121,Common Room in Spottiswoode Park,"$1,600/mo"
122,Common Room in Elizabeth Towers,"$1,800/mo"
123,Common Room in Emerald Garden,"$2,100/mo"
124,Common Room in Emerald Garden,"$2,300/mo"
125,Room in Studio 3,"$4,000/mo"
126,Room in Studio 3,"$4,000/mo"
127,Master Room in Kreta Ayer Conservation Area,"$4,620/mo"
128,Common Room in Kimsia Court,"$1,700/mo"
129,Common Room in Emerald Garden,"$2,100/mo"
130,Common Room in Emerald Garden,"$2,200/mo"
131,Common Room in Kimsia Court,"$1,300/mo"
132,Room in Skysuites @ Anson,"$3,000/mo"
133,Common Room in 144 Jalan Bukit Merah,"$1,000/mo"
134,Common Room in UE Square,"$1,950/mo"
135,Common Room in Teresa Ville,"$2,000/mo"
136,Master Room in Teresa Ville,"$2,700/mo"
137,Common Room in People's Park Complex,"$1,699/mo"
138,Common Room in People's Park Complex,"$1,200/mo"
139,Common Room in UE Square,"$1,950/mo"
140,Common Room in People's Park Complex,"$1,200/mo"
141,Common Room in 2 Tanjong Pagar Plaza,"$1,800/mo"
142,Common Room in International Plaza,"$1,700/mo"
143,Common Room in Kimsia Court,"$1,508/mo"
144,Room in 26C Jalan Membina,"$1,310/mo"
145,Room in Emerald Garden,"$2,100/mo"
146,Master Room in Emerald Garden,"$2,850/mo"
147,Common Room in 26C Jalan Membina,"$1,300/mo"
148,Room in Fraser Residence Singapore,"$2,900/mo"
149,Master Room in The Riverside Piazza,"$1,600/mo"
150,Room in UE Square,"$2,300/mo"
151,Master Room in 107 Spottiswoode Park Road,"$1,600/mo"
152,Room in Illuminaire On Devonshire,"$4,000/mo"
153,Common Room in People's Park Complex,"$1,050/mo"
154,Common Room in 4 Tanjong Pagar Plaza,"$1,500/mo"
155,Master Room in Emerald Garden,"$2,950/mo"
156,Master Room in Teresa Ville,"$2,700/mo"
157,Common Room in Spottiswoode Park,"$1,350/mo"
158,Common Room in Emerald Garden,"$2,100/mo"
159,Common Room in Emerald Garden,"$2,250/mo"
160,Common Room in Emerald Garden,"$2,200/mo"
161,Common Room in 333 Kreta Ayer Road,"$3,300/mo"
162,Common Room in 2 Tanjong Pagar Plaza,"$1,500/mo"
163,Common Room in The Riverside Piazza,"$1,800/mo"
164,Common Room in UE Square,"$2,200/mo"
165,Common Room in Emerald Garden,"$2,600/mo"
166,Common Room in Emerald Garden,"$2,100/mo"
167,Master Room in Skysuites @ Anson,"$4,388/mo"
168,Common Room in Kimsia Court,"$1,400/mo"
169,Common Room in Aspen Heights,"$1,500/mo"
170,Common Room in Lloyd Mansion,"$2,000/mo"
171,Common Room in 1557 Keppel Road,"$3,500/mo"
172,Common Room in Aspen Heights,"$1,200/mo"
173,Common Room in Lucky Plaza,"$1,988/mo"
174,Common Room in UE Square,"$2,400/mo"
175,Common Room in 14A Telok Blangah Crescent,"$1,300/mo"
176,Common Room in UE Square,"$2,100/mo"
177,Common Room in 130 Bukit Merah View,"$1,100/mo"
178,Master Room in UE Square,"$2,200/mo"
179,Master Room in International Plaza,"$2,900/mo"
180,Room in Raeburn Park,"$3,500/mo"
181,Master Room in 75C Redhill Road,"$1,850/mo"
182,Master Room in Fraser Residence Singapore,"$2,900/mo"
183,Common Room in 26C Jalan Membina,"$1,200/mo"
184,Common Room in 18 Cantonment Close,"$1,600/mo"
185,Master Room in 95A Henderson Road,"$2,500/mo"
186,Master Room in One Oxley Rise,"$2,300/mo"
187,Master Room in Skysuites @ Anson,"$4,200/mo"
188,Master Room in Spottiswoode Park,"$1,200/mo"
189,Master Room in Fraser Residence Singapore,"$2,900/mo"
190,Room in Skysuites @ Anson,"$4,200/mo"
191,Room in 1F Cantonment Road,"$1,800/mo"
192,Room in UE Square,"$2,000/mo"
193,Common Room in Jalan Arnap,"$2,000/mo"
194,Common Room in Fraser Residence Singapore,"$2,800/mo"
195,Room in Skysuites @ Anson,"$4,500/mo"
196,Common Room in 125 Bukit Merah View,"$1,200/mo"
197,Master Room in People's Park Complex,"$1,800/mo"
198,Master Room in 141 Jalan Bukit Merah,$800/mo
199,Master Room in 118D Jalan Membina,"$2,500/mo"
200,Common Room in Hollywood Apartments,"$1,550/mo"
201,Room in Fraser Residence Singapore,"$2,900/mo"
202,Common Room in 20 Telok Blangah Crescent,"$1,300/mo"
203,Common Room in 4 Tanjong Pagar Plaza,"$1,580/mo"
204,Common Room in 1A Cantonment Road,"$1,900/mo"
205,Common Room in 4 Tanjong Pagar Plaza,"$1,500/mo"
206,Master Room in Fraser Residence Singapore,"$2,900/mo"
207,Common Room in UE Square,"$2,300/mo"
208,Common Room in 110 Bukit Purmei Road,"$1,288/mo"
209,Common Room in UE Square,"$2,100/mo"
210,Common Room in 128 Bukit Merah View,"$1,400/mo"
211,Master Room in People's Park Complex,"$1,500/mo"
212,Common Room in People's Park Complex,"$1,300/mo"
213,Room in Fraser Residence Singapore,"$2,900/mo"
214,Room in The Metz,"$5,500/mo"
215,Master Room in 118C Jalan Membina,"$1,311/mo"
216,Room in Spring Grove,"$2,488/mo"
217,Room in 124B Bukit Merah View,"$1,400/mo"
218,Master Room in Fraser Residence Singapore,"$2,900/mo"
219,Room in 1 Cantonment Road,"$1,949/mo"
220,Common Room in Horizon Towers,"$1,700/mo"
221,Master Room in People's Park Complex,"$1,450/mo"
222,Common Room in 1 Cantonment Road,"$1,650/mo"
223,Master Room in Kimsia Court,"$2,500/mo"
224,Common Room in 76 Redhill Road,"$1,500/mo"
225,Room in Cairnhill Nine,"$8,000/mo"
226,Room in OUE Twin Peaks,"$5,300/mo"
227,Common Room in Lucky Plaza,"$2,200/mo"
228,Common Room in Rainbow Mansions,"$2,800/mo"
229,Room in 1F Cantonment Road,"$1,850/mo"
230,Common Room in 8 Cantonment Close,"$1,600/mo"
231,Room in Fraser Residence Singapore,"$3,800/mo"
232,Room in Fraser Residence Singapore,"$3,200/mo"
233,Room in Fraser Residence Singapore,"$2,900/mo"
234,Common Room in 334 Kreta Ayer Road,"$1,200/mo"
235,Common Room in 2 Tanjong Pagar Plaza,"$1,900/mo"
236,Room in Skysuites @ Anson,"$4,500/mo"
