,Property,Price
0,Master Room in Star Point,"$2,400/mo"
1,Common Room in Horizon Residences,"$1,800/mo"
2,Master Room in Star Point,"$2,400/mo"
3,Room in Star Point,"$1,800/mo"
4,Room in Mendon Spring,"$1,500/mo"
5,Room in Star Point,"$1,800/mo"
6,Common Room in Barossa Gardens,"$1,100/mo"
7,Room in Parc Imperial,"$3,700/mo"
8,Common Room in Buona Vista Gardens,"$1,400/mo"
9,Room in Pasir Panjang Road,"$2,000/mo"
10,Room in Liiv Residences,"$3,000/mo"
11,Common Room in Fragrance Court,"$1,580/mo"
12,Master Room in Pasir Panjang Road,"$2,400/mo"
