,Property,Price
0,Master Room in The Dairy Farm,"$1,500/mo"
1,Common Room in The Skywoods,"$1,550/mo"
2,Common Room in Upper Bukit Timah Road,$850/mo
3,Master Room in Hillington Green,"$2,500/mo"
4,Room in Hume Park I,"$2,000/mo"
5,Room in Parc Palais,"$1,400/mo"
6,Common Room in Hillview Park,"$2,000/mo"
7,Common Room in Hume Park II,"$1,300/mo"
8,Common Room in Hume Park II,"$1,300/mo"
9,Common Room in Cashew Park Condominium,"$1,450/mo"
10,Master Room in Cashew Villas,"$2,500/mo"
11,Master Room in ESPA,"$1,350/mo"
12,Master Room in The Dairy Farm,"$1,250/mo"
13,Common Room in Hillview Garden Estate,"$1,500/mo"
14,Common Room in Summerhill,"$1,090/mo"
15,Common Room in Hillbrooks,"$1,300/mo"
16,Room in Cashew Garden,"$1,339/mo"
17,Room in Hume Park II,"$1,500/mo"
18,Master Room in Springdale Condominium,"$1,800/mo"
19,Common Room in Southaven II,"$1,200/mo"
20,Common Room in 150 Petir Road,$750/mo
21,Common Room in 528 Bukit Batok Street 51,$400/mo
22,Common Room in 148 Gangsa Road,$850/mo
23,Common Room in 124 Pending Road,$450/mo
24,Common Room in Springdale Condominium,"$1,550/mo"
25,Common Room in Hazel Park Condominium,"$1,500/mo"
26,Common Room in 170 Gangsa Road,$900/mo
27,Common Room in 173 Gangsa Road,$950/mo
28,Master Room in 148 Gangsa Road,"$1,050/mo"
29,Common Room in 386 Bukit Batok West Avenue 5,"$1,100/mo"
30,Master Room in 131 Cashew Road,$850/mo
31,Common Room in 241 Bukit Panjang Ring Road,$700/mo
32,Master Room in Springdale Condominium,"$1,600/mo"
33,Common Room in Bukit 828,"$1,600/mo"
34,Common Room in Foresque Residences,"$1,250/mo"
35,Common Room in 384 Bukit Batok West Avenue 5,$900/mo
36,Master Room in 540 Bukit Batok Street 52,"$1,200/mo"
37,Room in 385 Bukit Batok West Avenue 5,$900/mo
38,Common Room in 385 Bukit Batok West Avenue 5,$900/mo
39,Common Room in 101 Gangsa Road,$900/mo
40,Common Room in 133 Cashew Road,$900/mo
41,Master Room in Phoenix Heights,"$2,200/mo"
42,Common Room in 102 Gangsa Road,$950/mo
43,Common Room in 358 Bukit Batok Street 31,$800/mo
44,Master Room in 240 Bukit Batok East Avenue 5,"$1,500/mo"
45,Common Room in 150 Petir Road,$800/mo
46,Common Room in Cashew Heights Condominium,"$1,500/mo"
47,Master Room in 175 Lompang Road,$908/mo
48,Common Room in 384 Bukit Batok West Avenue 5,$900/mo
49,Master Room in The Linear,"$1,800/mo"
50,Master Room in 383 Bukit Batok West Avenue 5,"$1,500/mo"
51,Common Room in Cashew Heights Condominium,"$1,260/mo"
52,Master Room in 338 Bukit Batok Street 34,"$1,100/mo"
53,Master Room in Springdale Condominium,"$1,600/mo"
54,Common Room in 164 Gangsa Road,$700/mo
55,Master Room in 338 Bukit Batok Street 34,"$1,100/mo"
56,Common Room in Maysprings,"$1,299/mo"
57,Room in Regent Heights,"$7,000/mo"
58,Room in Regent Heights,"$1,400/mo"
59,Room in Regent Heights,"$1,700/mo"
60,Room in Merawoods,$850/mo
61,Master Room in Regent Heights,"$2,200/mo"
62,Common Room in 269 Bukit Batok East Avenue 4,"$1,000/mo"
63,Room in Hills Twoone,"$2,300/mo"
64,Common Room in 110 Gangsa Road,"$1,300/mo"
65,Master Room in Maysprings,"$1,299/mo"
66,Common Room in Hillsta,"$1,400/mo"
67,Common Room in Hazel Park Condominium,"$1,100/mo"
68,Room in Maysprings,"$1,100/mo"
69,Room in 275 Bangkit Road,"$1,200/mo"
70,Master Room in Hillview Regency,"$2,180/mo"
71,Common Room in 237 Bukit Panjang Ring Road,$900/mo
72,Master Room in 150 Petir Road,"$1,000/mo"
73,Room in 272 Bangkit Road,$900/mo
74,Room in 236 Bukit Panjang Ring Road,"$1,600/mo"
75,Common Room in Nicon Gardens,"$1,900/mo"
76,Common Room in 123 Pending Road,"$1,100/mo"
77,Common Room in Maysprings,"$1,099/mo"
78,Common Room in 168 Petir Road,"$1,100/mo"
79,Room in 247 Bukit Batok East Avenue 5,"$1,500/mo"
80,Master Room in 250 Bukit Batok East Avenue 5,"$1,100/mo"
81,Room in Maysprings,"$1,500/mo"
82,Master Room in Pavilion Park,"$2,200/mo"
83,Room in Hazel Park Condominium,"$1,800/mo"
84,Common Room in Maysprings,"$1,400/mo"
85,Common Room in 213 Petir Road,$750/mo
86,Common Room in 240 Bukit Batok East Avenue 5,$450/mo
87,Room in Hillview Regency,"$1,200/mo"
88,Common Room in Le Wood,"$1,500/mo"
89,Common Room in 175 Lompang Road,$800/mo
90,Room in The Linear,"$2,500/mo"
91,Common Room in Montrosa,"$1,100/mo"
92,Common Room in Springdale Condominium,$920/mo
93,Master Room in 240 Bukit Batok East Avenue 5,"$1,500/mo"
94,Common Room in 338 Bukit Batok Street 34,$900/mo
95,Common Room in 124 Pending Road,$800/mo
96,Common Room in Chestervale,"$1,400/mo"
97,Master Room in Guilin View,"$1,720/mo"
98,Master Room in 390 Bukit Batok West Avenue 5,"$1,300/mo"
99,Common Room in Guilin View,"$1,720/mo"
100,Master Room in 248 Bukit Batok East Avenue 5,"$1,400/mo"
101,Room in 204 Petir Road,"$1,000/mo"
102,Common Room in 237 Bukit Panjang Ring Road,$980/mo
103,Room in 372 Bukit Batok Street 31,$350/mo
104,Common Room in 124 Pending Road,"$1,000/mo"
105,Room in 237 Bukit Panjang Ring Road,$950/mo
106,Room in 386 Bukit Batok West Avenue 5,$800/mo
107,Room in Hillview Regency,"$1,500/mo"
108,Common Room in 205 Petir Road,$750/mo
109,Common Room in Maysprings,"$1,100/mo"
110,Master Room in 257 Bangkit Road,"$1,000/mo"
111,Common Room in Guilin View,"$1,000/mo"
112,Common Room in Eco Sanctuary,"$1,180/mo"
113,Master Room in 143 Petir Road,"$1,000/mo"
114,Common Room in Hillview Regency,"$1,500/mo"
115,Room in 383 Bukit Batok West Avenue 5,$950/mo
116,Master Room in Phoenix Heights,"$2,200/mo"
117,Common Room in 384 Bukit Batok West Avenue 5,"$1,000/mo"
118,Common Room in 386 Bukit Batok West Avenue 5,$850/mo
119,Common Room in 507 Bukit Batok Street 52,$950/mo
120,Common Room in Hillview Regency,"$1,500/mo"
121,Common Room in Eco Sanctuary,"$1,180/mo"
122,Common Room in 139 Petir Road,"$1,000/mo"
123,Common Room in Guilin View,"$1,500/mo"
124,Common Room in Chestervale,"$1,100/mo"
125,Common Room in 250 Bukit Batok East Avenue 5,"$1,200/mo"
126,Room in Hillview Regency,$900/mo
127,Room in 275 Bangkit Road,"$1,000/mo"
128,Room in 383 Bukit Batok West Avenue 5,$950/mo
129,Common Room in Pavilion Park,"$1,500/mo"
