,Property,Price
0,Common Room in 4 Holland Close,"$1,500/mo"
1,Master Room in Willyn Ville,"$2,700/mo"
2,Common Room in 102 Commonwealth Crescent,"$1,200/mo"
3,Master Room in Willyn Ville,"$2,800/mo"
4,Common Room in 4 Holland Close,"$1,350/mo"
5,Common Room in 4 Holland Close,"$1,350/mo"
6,Master Room in Willyn Ville,"$3,000/mo"
7,Common Room in 4 Holland Close,"$1,500/mo"
8,Common Room in 90 Commonwealth Drive,"$1,600/mo"
9,Common Room in 19 Ghim Moh Road,"$1,100/mo"
10,Room in 13 Holland Drive,"$2,100/mo"
11,Room in Holland Tower,"$1,600/mo"
12,Room in Holland Tower,"$2,500/mo"
13,Master Room in 93 Commonwealth Drive,"$1,000/mo"
14,Common Room in 13 Holland Drive,"$1,200/mo"
15,Master Room in Jalan Kelabu Asap,"$3,000/mo"
16,Room in 2 Holland Avenue,"$1,800/mo"
17,Room in 2 Holland Avenue,"$1,400/mo"
18,Common Room in 7 Commonwealth Avenue,"$1,100/mo"
19,Common Room in 83 Commonwealth Close,"$1,400/mo"
20,Room in 30A Holland Close,"$1,400/mo"
21,Common Room in 92 Commonwealth Drive,$900/mo
22,Room in 83 Commonwealth Close,"$1,400/mo"
23,Master Room in 13 Holland Drive,"$1,800/mo"
24,Common Room in 11 Holland Drive,"$1,088/mo"
25,Common Room in 21 Ghim Moh Road,"$1,300/mo"
26,Common Room in 6 Ghim Moh Road,$600/mo
27,Room in 21 Holland Drive,"$2,000/mo"
28,Common Room in 1 Dover Road,"$1,000/mo"
29,Common Room in Victoria Park Road,"$2,800/mo"
30,Common Room in 28C Dover Crescent,"$1,500/mo"
31,Common Room in One North Residences,"$3,000/mo"
32,Common Room in Victoria Park Road,"$2,800/mo"
33,Common Room in 36 Margaret Drive,"$1,600/mo"
34,Room in Margaret Ville,"$3,500/mo"
35,Master Room in Victoria Park Close,"$2,900/mo"
36,Master Room in 51 Commonwealth Drive,"$2,000/mo"
37,Master Room in Spanish Village,"$2,500/mo"
38,Common Room in 3 Ghim Moh Road,$900/mo
39,Master Room in Dynasty Garden,"$2,000/mo"
40,Common Room in 30 Margaret Drive,"$1,000/mo"
41,Room in Lutheran Road,"$1,600/mo"
42,Common Room in 31 Ghim Moh Link,"$1,100/mo"
43,Master Room in Victoria Park Close,"$2,600/mo"
44,Common Room in 81 Commonwealth Close,"$1,400/mo"
45,Common Room in 31 Ghim Moh Link,"$1,350/mo"
46,Room in 81 Commonwealth Close,"$1,400/mo"
47,Common Room in Spanish Village,"$1,600/mo"
48,Common Room in Ming Teck Park,"$2,200/mo"
49,Master Room in One North Residences,"$3,900/mo"
50,Common Room in 32 Margaret Drive,"$1,400/mo"
51,Room in Lutheran Road,"$1,600/mo"
52,Master Room in One North Residences,"$3,000/mo"
53,Common Room in Victoria Park Close,"$2,800/mo"
54,Common Room in 90 Tanglin Halt Road,"$1,100/mo"
55,Common Room in One Duchess,"$2,500/mo"
56,Common Room in 39A Margaret Drive,"$1,800/mo"
57,Common Room in 28 Ghim Moh Link,$900/mo
58,Room in 52 Commonwealth Drive,"$1,200/mo"
59,Master Room in Dynasty Garden,"$2,000/mo"
60,Common Room in 19 Dover Crescent,"$1,500/mo"
61,Common Room in 8A Empress Road,"$1,300/mo"
62,Master Room in One North Residences,"$1,800/mo"
63,Common Room in Holland Grove,"$3,000/mo"
64,Room in 2 Queen's Road,"$1,500/mo"
65,Common Room in Dover Parkview,"$1,500/mo"
66,Common Room in Dover Parkview,"$1,500/mo"
67,Room in 39A Margaret Drive,"$1,500/mo"
68,Room in 90 Tanglin Halt Road,"$1,800/mo"
69,Common Room in Dynasty Garden,"$2,500/mo"
70,Common Room in Spanish Village,"$2,400/mo"
71,Master Room in Dynasty Garden,"$2,000/mo"
72,Common Room in 50 Commonwealth Drive,"$1,200/mo"
73,Common Room in Parksuites,"$1,700/mo"
74,Common Room in 19 Dover Crescent,"$1,500/mo"
75,Master Room in The Tresor,"$2,900/mo"
