,Property,Price
0,Common Room in 547 Hougang Street 51,$900/mo
1,Common Room in Parc Vera,"$1,300/mo"
2,Common Room in 613 Hougang Avenue 8,$950/mo
3,Common Room in 617 Hougang Avenue 8,$930/mo
4,Common Room in 301 Hougang Avenue 5,$979/mo
5,Master Room in 520 Hougang Avenue 6,"$3,398/mo"
6,Common Room in 352 Hougang Avenue 7,$800/mo
7,Common Room in 424 Hougang Avenue 6,$750/mo
8,Common Room in 332 Hougang Avenue 5,"$1,200/mo"
9,Master Room in Silver Hill,"$2,000/mo"
10,Master Room in Evergreen Park,"$1,500/mo"
11,Common Room in 321 Hougang Avenue 5,"$1,300/mo"
12,Room in 420 Hougang Avenue 10,"$1,300/mo"
13,Master Room in 547 Hougang Street 51,$950/mo
14,Common Room in 603 Hougang Avenue 4,"$1,100/mo"
15,Common Room in 678 Hougang Avenue 8,$900/mo
16,Room in 445 Hougang Avenue 8,"$2,200/mo"
17,Master Room in Silver Hill,"$2,000/mo"
18,Room in 832 Hougang Central,$900/mo
19,Room in 515 Hougang Avenue 10,"$1,088/mo"
20,Room in 327 Hougang Avenue 5,"$1,000/mo"
21,Common Room in 22 Hougang Avenue 3,$400/mo
22,Master Room in 603 Hougang Avenue 4,"$1,000/mo"
23,Master Room in 420 Hougang Avenue 10,"$1,300/mo"
24,Common Room in Evergreen Park,"$1,000/mo"
25,Master Room in 570 Hougang Street 51,$950/mo
26,Common Room in Evergreen Park,"$1,150/mo"
27,Common Room in 326 Hougang Avenue 7,$850/mo
28,Common Room in 306 Hougang Avenue 5,"$1,000/mo"
29,Common Room in 671 Hougang Avenue 8,$900/mo
30,Common Room in 516 Hougang Avenue 10,$800/mo
31,Common Room in 374 Hougang Street 31,"$1,100/mo"
32,Common Room in 832 Hougang Central,$900/mo
33,Common Room in 328 Hougang Avenue 5,$900/mo
34,Room in 678 Hougang Avenue 8,"$1,600/mo"
35,Master Room in 22 Hougang Avenue 3,$400/mo
36,Common Room in 436 Hougang Avenue 8,"$1,000/mo"
37,Master Room in 674 Hougang Avenue 8,"$1,200/mo"
38,Master Room in 524 Hougang Avenue 6,"$2,200/mo"
39,Common Room in 458 Hougang Avenue 10,$699/mo
40,Room in 316 Hougang Avenue 7,"$1,150/mo"
41,Room in 352 Hougang Avenue 7,"$2,388/mo"
42,Room in 416 Hougang Avenue 10,"$1,000/mo"
43,Room in 711 Hougang Avenue 2,$900/mo
44,Common Room in 332 Hougang Avenue 5,$850/mo
45,Master Room in 524 Hougang Avenue 6,"$2,200/mo"
46,Room in 341 Hougang Avenue 7,$950/mo
47,Room in 709 Hougang Avenue 2,"$1,200/mo"
48,Common Room in 416 Hougang Avenue 10,"$1,000/mo"
49,Common Room in 705 Hougang Avenue 2,$950/mo
50,Common Room in 678 Hougang Avenue 8,"$1,000/mo"
51,Room in 420 Hougang Avenue 10,"$1,250/mo"
52,Room in 708 Hougang Avenue 2,"$1,400/mo"
53,Common Room in Evergreen Park,"$1,088/mo"
54,Common Room in 451 Hougang Avenue 10,"$1,100/mo"
55,Common Room in 676 Hougang Avenue 8,$950/mo
56,Common Room in 603 Hougang Avenue 4,"$1,200/mo"
57,Room in 311 Hougang Avenue 5,$550/mo
58,Room in 15 Hougang Avenue 3,$980/mo
59,Master Room in 475C Upper Serangoon Crescent,"$1,350/mo"
60,Room in 836 Hougang Central,"$2,200/mo"
61,Common Room in 224A Compassvale Walk,"$1,000/mo"
62,Common Room in 302B Anchorvale Link,"$1,500/mo"
63,Master Room in 209C Compassvale Lane,"$1,200/mo"
64,Common Room in Riversound Residence,"$1,280/mo"
65,Common Room in 969 Hougang Street 91,$900/mo
66,Common Room in 969 Hougang Street 91,$900/mo
67,Common Room in 473C Upper Serangoon Crescent,$850/mo
68,Common Room in Rio Vista,"$1,500/mo"
69,Common Room in 971 Hougang Street 91,$930/mo
70,Common Room in Riversound Residence,"$1,000/mo"
71,Common Room in 507 Serangoon North Avenue 4,$950/mo
72,Common Room in 641 Hougang Avenue 8,$800/mo
73,Common Room in 637 Hougang Avenue 8,$700/mo
74,Common Room in Fortune Park,"$1,280/mo"
75,Common Room in Fortune Park,"$1,350/mo"
76,Common Room in 281B Sengkang East Avenue,"$1,200/mo"
77,Common Room in Riversound Residence,"$1,000/mo"
78,Common Room in 250 Hougang Avenue 3,"$1,000/mo"
79,Common Room in Kovan Melody,"$1,200/mo"
80,Common Room in Glasgow Road,"$1,200/mo"
81,Common Room in Parry Green,"$1,900/mo"
82,Common Room in 627 Hougang Avenue 8,"$1,450/mo"
83,Common Room in Parry Park,"$1,600/mo"
84,Common Room in 473B Upper Serangoon Crescent,"$1,200/mo"
85,Master Room in Hougang Green,"$1,800/mo"
86,Common Room in Hougang Green,"$1,300/mo"
87,Room in 920 Hougang Street 91,"$1,200/mo"
88,Room in The Quartz,"$1,500/mo"
89,Master Room in Hundred Palms Residences,"$1,800/mo"
90,Master Room in Riversound Residence,"$2,600/mo"
91,Common Room in 942 Hougang Street 92,$900/mo
92,Master Room in Kovan Melody,"$1,900/mo"
93,Common Room in Regentville,"$1,100/mo"
94,Common Room in 928 Hougang Street 91,"$1,200/mo"
95,Master Room in 119C Rivervale Drive,"$1,500/mo"
96,Room in 224A Compassvale Walk,"$1,000/mo"
97,Room in Kovan Melody,"$1,900/mo"
98,Room in Primo Residences,"$2,000/mo"
99,Room in Kovan Melody,"$1,900/mo"
100,Master Room in Fortune Park,"$1,399/mo"
101,Common Room in Fortune Park,"$1,499/mo"
102,Common Room in 988A Buangkok Green,"$1,200/mo"
103,Common Room in 632 Hougang Avenue 8,$350/mo
104,Room in 203B Compassvale Road,$850/mo
105,Common Room in 473C Upper Serangoon Crescent,$900/mo
106,Common Room in 630 Hougang Avenue 8,$950/mo
107,Master Room in 914 Hougang Street 91,"$1,400/mo"
108,Common Room in 627 Hougang Avenue 8,"$1,450/mo"
109,Common Room in The Quartz,"$1,500/mo"
110,Common Room in Regentville,"$1,100/mo"
111,Room in 473D Upper Serangoon Crescent,"$1,200/mo"
112,Common Room in 39 Flower Road,"$1,300/mo"
113,Common Room in Bliss @ Kovan,"$1,500/mo"
114,Common Room in Hougang Green,$800/mo
115,Master Room in Tampines Road,"$2,500/mo"
116,Common Room in Regentville,"$1,250/mo"
117,Common Room in 207C Compassvale Lane,"$1,000/mo"
118,Room in 914 Hougang Street 91,"$1,000/mo"
119,Common Room in Regentville,"$1,000/mo"
120,Common Room in Fortune Park,"$2,200/mo"
121,Common Room in Jewel @ Buangkok,"$1,350/mo"
122,Master Room in Riversound Residence,"$2,000/mo"
123,Master Room in Kovan Residences,"$2,200/mo"
124,Room in Riversound Residence,"$1,200/mo"
125,Common Room in Regentville,"$1,000/mo"
126,Master Room in Riversails,"$2,000/mo"
127,Common Room in 101 Hougang Avenue 1,$550/mo
128,Common Room in 635 Hougang Avenue 8,$900/mo
129,Common Room in 559 Hougang Street 51,"$1,200/mo"
130,Common Room in 531 Serangoon North Avenue 4,"$1,000/mo"
131,Room in 471A Upper Serangoon Crescent,$900/mo
132,Master Room in 561 Hougang Street 51,"$1,300/mo"
133,Common Room in Charlton 18,"$1,850/mo"
134,Common Room in 950 Hougang Street 91,$950/mo
135,Common Room in Kovan Residences,"$1,800/mo"
136,Common Room in 273B Compassvale Link,"$1,400/mo"
137,Common Room in 922 Hougang Street 91,$850/mo
138,Room in 627 Hougang Avenue 8,"$1,300/mo"
139,Room in 268A Compassvale Link,$850/mo
140,Common Room in 240 Hougang Street 22,"$1,100/mo"
141,Master Room in Upper Serangoon Road,"$2,600/mo"
142,Common Room in 227A Compassvale Drive,"$1,200/mo"
143,Room in 978D Buangkok Crescent,$950/mo
144,Room in 981C Buangkok Crescent,"$1,300/mo"
145,Common Room in 203B Compassvale Road,"$1,800/mo"
146,Common Room in Kovan Road,"$1,300/mo"
147,Master Room in Kingsford Waterbay,"$3,000/mo"
148,Room in 637 Hougang Avenue 8,$980/mo
149,Room in 278B Compassvale Bow,"$2,200/mo"
150,Master Room in 303B Anchorvale Link,"$1,100/mo"
151,Common Room in 473B Upper Serangoon Crescent,"$1,000/mo"
152,Common Room in The Top Residence,"$1,800/mo"
153,Room in 117B Rivervale Drive,"$1,100/mo"
154,Master Room in 302A Anchorvale Link,"$1,600/mo"
155,Master Room in Lowland View,"$2,200/mo"
156,Common Room in Jewel @ Buangkok,"$1,600/mo"
157,Common Room in 626 Hougang Avenue 8,$800/mo
158,Common Room in Austville Residences,"$1,500/mo"
159,Common Room in 207A Compassvale Lane,"$1,000/mo"
160,Master Room in Hougang Green,"$1,350/mo"
161,Room in Trilive,"$2,500/mo"
162,Master Room in 501 Serangoon North Avenue 4,$950/mo
163,Common Room in Jewel @ Buangkok,"$1,350/mo"
164,Master Room in Rio Vista,"$1,200/mo"
165,Common Room in Austville Residences,"$1,100/mo"
166,Common Room in 268A Compassvale Link,$850/mo
167,Room in 303B Anchorvale Link,$800/mo
168,Common Room in 507 Serangoon North Avenue 4,$950/mo
169,Common Room in 302C Anchorvale Link,$800/mo
170,Master Room in Regentville,$999/mo
171,Common Room in 630 Hougang Avenue 8,$800/mo
172,Common Room in Riversound Residence,"$1,300/mo"
173,Room in Regentville,"$1,100/mo"
174,Common Room in 981C Buangkok Crescent,$800/mo
175,Common Room in 103 Rivervale Walk,$800/mo
176,Room in Regentville,"$1,299/mo"
177,Room in Riversails,"$1,388/mo"
