,Property,Price
0,Room in 48 Bencoolen Street,"$4,333/mo"
1,Room in 12 Queen Street,"$5,000/mo"
2,Room in Jalan Besar,"$2,940/mo"
3,Master Room in 813 Jellicoe Road,"$1,300/mo"
4,Master Room in 12 Farrer Park Road,"$2,000/mo"
5,Master Room in Peace Centre/Peace Mansion / Peace Centre,"$1,500/mo"
6,Common Room in Peace Centre/Peace Mansion / Peace Centre,"$1,100/mo"
7,Common Room in 11 Farrer Park Road,"$1,400/mo"
8,Master Room in Former Peace Centre/Peace Mansion,"$2,500/mo"
9,Master Room in The Plaza,"$3,500/mo"
10,Common Room in The Plaza,"$2,800/mo"
11,Common Room in Owen Road,"$2,000/mo"
12,Master Room in 813 Jellicoe Road,"$1,500/mo"
13,Common Room in Bencoolen House,"$1,600/mo"
14,Common Room in 668 Chander Road,"$2,800/mo"
15,Master Room in Studios @ Marne,"$3,500/mo"
16,Common Room in 681 Race Course Road,"$1,100/mo"
17,Room in Uptown @ Farrer,"$3,200/mo"
18,Master Room in Burlington Square,"$2,500/mo"
19,Common Room in Burlington Square,"$1,900/mo"
20,Common Room in City Square Residences,"$2,200/mo"
21,Room in Kerrisdale,"$1,600/mo"
22,Common Room in City Square Residences,"$2,200/mo"
23,Common Room in Sultan Gate Place,"$1,150/mo"
24,Master Room in Jalan Besar Plaza,"$2,500/mo"
25,Room in Duo Residences / Duo Tower,"$4,499/mo"
26,Room in 668 Chander Road,"$1,488/mo"
27,Room in 32 Penhas Road,"$1,449/mo"
28,Master Room in Kerrisdale,$900/mo
29,Common Room in City Square Residences,"$2,000/mo"
30,Common Room in City Square Residences,"$2,000/mo"
31,Common Room in Citylights,"$2,000/mo"
32,Common Room in Race Course Mansion,"$1,600/mo"
33,Room in City Square Residences,"$2,600/mo"
34,Room in 32 Penhas Road,"$2,849/mo"
35,Common Room in 232 Bain Street,"$1,418/mo"
36,Common Room in The Bencoolen,"$1,950/mo"
37,Common Room in Little India Conservation Area,"$6,500/mo"
38,Master Room in Kerrisdale,"$2,500/mo"
39,Room in City Square Residences,"$2,600/mo"
40,Master Room in Burlington Square,"$2,500/mo"
41,Room in 466 Crawford Lane,"$1,100/mo"
42,Common Room in 12 Farrer Park Road,"$1,500/mo"
43,Master Room in Kerrisdale,"$2,000/mo"
44,Common Room in Kerrisdale,"$1,200/mo"
45,Common Room in Niven Road,"$1,200/mo"
46,Common Room in Sunshine Plaza,"$1,000/mo"
47,Common Room in Burlington Square,"$1,400/mo"
48,Room in 269B Queen Street,"$1,400/mo"
49,Master Room in City Square Residences,"$2,600/mo"
50,Master Room in Sophia Crest,"$2,400/mo"
51,Common Room in City Square Residences,"$1,800/mo"
52,Common Room in Burlington Square,"$1,900/mo"
53,Master Room in Burlington Square,"$2,600/mo"
54,Master Room in Little India Conservation Area,"$2,000/mo"
55,Master Room in 95 Lavender Street,"$1,650/mo"
56,Master Room in City Square Residences,"$2,600/mo"
57,Master Room in City Square Residences,"$2,300/mo"
58,Common Room in City Square Residences,"$1,600/mo"
59,Room in Burlington Square,"$1,800/mo"
60,Common Room in 813 Jellicoe Road,"$1,500/mo"
61,Common Room in Wilkie Court,"$1,250/mo"
62,Common Room in Burlington Square,"$1,800/mo"
63,Room in Kerrisdale,"$2,000/mo"
64,Room in 26 Jalan Berseh,"$1,278/mo"
65,Common Room in 26 Jalan Berseh,"$1,200/mo"
66,Room in Mackenzie 88,"$3,500/mo"
67,Common Room in City Square Residences,"$2,100/mo"
68,Common Room in Petain Court,"$1,400/mo"
69,Master Room in Kerrisdale,"$1,700/mo"
70,Common Room in The Mkz,"$1,680/mo"
71,Common Room in Race Course Mansion,"$1,800/mo"
72,Room in Wilkie Apartments,"$2,350/mo"
73,Room in Studios @ Marne,"$3,500/mo"
74,Room in 232 Bain Street,"$1,500/mo"
75,Room in 12 North Bridge Road,"$1,200/mo"
76,Common Room in Kerrisdale,"$1,700/mo"
77,Master Room in 641 Rowell Road,"$2,200/mo"
78,Master Room in Liv On Wilkie,"$2,500/mo"
79,Master Room in City Square Mall,"$2,900/mo"
80,Master Room in Petain Road/Tyrwhitt Road Conservation Area,"$2,500/mo"
81,Master Room in 75BR,"$4,200/mo"
82,Common Room in 641 Rowell Road,"$1,700/mo"
83,Common Room in 642 Rowell Road,"$1,400/mo"
84,Room in 8 Selegie Road,"$1,200/mo"
85,Common Room in City Square Residences,"$1,600/mo"
86,Common Room in City Square Residences,"$1,700/mo"
87,Master Room in Studios @ Marne,"$3,400/mo"
88,Common Room in 263 Waterloo Street,"$1,400/mo"
89,Common Room in Citylights,"$1,950/mo"
90,Room in Studios @ Marne,"$3,400/mo"
91,Room in Uptown @ Farrer,"$2,900/mo"
92,Master Room in Bencoolen House,"$2,200/mo"
93,Master Room in Beach Road Conservation Area,"$3,800/mo"
94,Room in 813 Jellicoe Road,"$1,500/mo"
95,Common Room in Former Peace Centre/Peace Mansion,"$2,300/mo"
96,Room in 685 Race Course Road,"$1,800/mo"
97,Room in The Bencoolen,"$2,600/mo"
98,Room in 22 Cavenagh Road,"$3,334/mo"
99,Room in OG Orchard Point,"$8,833/mo"
100,Master Room in Mergui Mansions,"$1,100/mo"
101,Master Room in One Oxley Rise,"$2,300/mo"
102,Common Room in 94 Whampoa Drive,$900/mo
103,Common Room in Tianso Heights,"$1,850/mo"
104,Common Room in Top Ten,"$2,300/mo"
105,Master Room in Orchard Court,"$2,000/mo"
106,Common Room in Balestier Point,"$1,200/mo"
107,Common Room in Race Course Road,"$1,500/mo"
108,Master Room in 107 Towner Road,"$2,000/mo"
109,Common Room in 2 Beach Road,"$1,500/mo"
110,Master Room in Ava Towers,"$1,850/mo"
111,Common Room in 122 Mcnair Road,"$1,500/mo"
112,Common Room in 122 Mcnair Road,"$1,500/mo"
113,Master Room in Emerald Hill Conservation Area,"$2,000/mo"
114,Common Room in 683 Tessensohn Road,"$1,100/mo"
115,Master Room in Orchard Court,"$2,000/mo"
116,Common Room in 8A Upper Boon Keng Road,"$1,198/mo"
117,Master Room in Gloucester Mansions,"$2,700/mo"
118,Master Room in Ava Towers,"$1,850/mo"
119,Common Room in Cavenagh Gardens,"$1,100/mo"
120,Master Room in Sing Avenue,"$2,500/mo"
121,Common Room in The Huntington,"$2,750/mo"
122,Master Room in 8 Farrer Suites,"$2,200/mo"
123,Common Room in Parc Centennial,"$2,250/mo"
124,Master Room in Serangoon Road,"$3,000/mo"
125,Master Room in Serangoon Road,"$2,400/mo"
126,Common Room in 5 Boon Keng Road,"$1,000/mo"
127,Master Room in 8 Farrer Suites,"$2,300/mo"
128,Common Room in Tianso Heights,"$1,850/mo"
129,Master Room in Ava Towers,"$1,850/mo"
130,Common Room in Cavenagh Gardens,"$1,480/mo"
131,Common Room in 110 Mcnair Road,"$1,500/mo"
132,Common Room in The Lincoln Residences,"$1,450/mo"
133,Common Room in 34 Whampoa West,$850/mo
134,Room in Soleil @ Sinaran,"$4,280/mo"
135,Room in Thomson Euro-Asia,"$1,400/mo"
136,Common Room in 52 Kent Road,"$1,500/mo"
137,Master Room in 8 Farrer Suites,"$2,400/mo"
138,Room in Lion Towers,"$1,500/mo"
139,Master Room in Cavenagh Gardens,"$1,300/mo"
140,Common Room in The Lincoln Residences,"$1,600/mo"
141,Common Room in 121 Mcnair Road,"$1,200/mo"
142,Master Room in 25 Truro Road,"$2,288/mo"
143,Common Room in 51 Kent Road,"$1,200/mo"
144,Common Room in 105 Towner Road,"$1,500/mo"
145,Room in Sophia Hills,"$2,400/mo"
146,Master Room in Balestier 288,"$2,000/mo"
147,Master Room in Shrewsbury Road,"$1,550/mo"
148,Common Room in Lloyd Mansion,"$2,000/mo"
149,Room in Thomson Euro-Asia,"$1,700/mo"
150,Master Room in Kentish Lodge,"$2,600/mo"
151,Room in 109 Mcnair Road,$900/mo
152,Common Room in 48A Dorset Road,$950/mo
153,Room in Kentish Green,$850/mo
154,Common Room in Apleton View,"$1,850/mo"
155,Room in 8B Upper Boon Keng Road,"$1,350/mo"
156,Room in 11 Upper Boon Keng Road,$550/mo
157,Common Room in 8B Upper Boon Keng Road,"$1,400/mo"
158,Common Room in 8 Farrer Suites,"$2,399/mo"
159,Master Room in One Oxley Rise,"$2,300/mo"
160,Room in Moulmein Court,"$1,400/mo"
161,Room in 8 Farrer Suites,"$2,200/mo"
162,Common Room in Thomson Euro-Asia,"$1,700/mo"
163,Room in Sophia Hills,"$2,500/mo"
164,Common Room in Thomson Euro-Asia,"$1,800/mo"
165,Master Room in Lavender Street,"$2,300/mo"
166,Common Room in Hollywood Apartments,"$1,550/mo"
167,Master Room in The Huntington,"$2,620/mo"
168,Common Room in 8A Upper Boon Keng Road,"$1,300/mo"
169,Master Room in 110 Mcnair Road,"$1,400/mo"
170,Common Room in 113A Mcnair Road,"$1,200/mo"
171,Common Room in Kentish Court,"$1,350/mo"
172,Master Room in 69 Moulmein Road,"$2,200/mo"
173,Room in 107 Towner Road,"$2,000/mo"
174,Common Room in Thomson Euro-Asia,"$1,800/mo"
175,Room in Sophia Hills,"$2,700/mo"
176,Common Room in Parkshore,"$2,200/mo"
177,Master Room in Birmingham Mansions,"$1,600/mo"
178,Common Room in Balestier Point,"$1,380/mo"
179,Common Room in Thomson Euro-Asia,"$1,700/mo"
180,Common Room in 93 Whampoa Drive,$550/mo
181,Common Room in 684 Race Course Road,"$1,000/mo"
182,Common Room in Joo Avenue,"$1,200/mo"
183,Common Room in Cavenagh Gardens,"$1,680/mo"
184,Room in 8 Farrer Suites,"$2,200/mo"
