,Property,Price
0,Common Room in 544 Jelapang Road,"$1,050/mo"
1,Common Room in 540 Jelapang Road,$888/mo
2,Common Room in 507 Jelapang Road,$900/mo
3,Common Room in 519 Jelapang Road,"$1,000/mo"
4,Common Room in 515 Jelapang Road,$850/mo
5,Common Room in 177 Lompang Road,$900/mo
6,Common Room in 170 Gangsa Road,$900/mo
7,Common Room in 173 Gangsa Road,$950/mo
8,Master Room in 548A Segar Road,"$1,300/mo"
9,Common Room in 606 Senja Road,$800/mo
10,Common Room in 631 Senja Road,"$1,100/mo"
11,Common Room in 101 Gangsa Road,$900/mo
12,Common Room in 437 Fajar Road,"$1,200/mo"
13,Common Room in 641A Senja Close,$900/mo
14,Common Room in 621 Senja Road,$850/mo
15,Common Room in 102 Gangsa Road,$950/mo
16,Common Room in 476 Segar Road,$850/mo
17,Common Room in 509 Jelapang Road,$650/mo
18,Master Room in 175 Lompang Road,$908/mo
19,Common Room in 420 Fajar Road,$650/mo
20,Common Room in 629 Senja Road,$900/mo
21,Common Room in 476 Segar Road,$850/mo
22,Common Room in 633A Senja Road,$900/mo
23,Common Room in 546A Segar Road,$800/mo
24,Room in 611 Bukit Panjang Ring Road,"$1,700/mo"
25,Common Room in 412 Saujana Road,$950/mo
26,Room in 476 Segar Road,$850/mo
27,Room in 619 Bukit Panjang Ring Road,$800/mo
28,Common Room in 647B Senja Close,"$1,400/mo"
29,Common Room in 631 Senja Road,"$1,000/mo"
30,Room in 619 Bukit Panjang Ring Road,$900/mo
31,Room in 544 Jelapang Road,"$1,050/mo"
32,Master Room in 502 Jelapang Road,$830/mo
33,Common Room in 620 Bukit Panjang Ring Road,"$1,000/mo"
34,Common Room in 647B Senja Close,"$1,400/mo"
35,Master Room in 548A Segar Road,"$1,200/mo"
36,Common Room in 620 Bukit Panjang Ring Road,"$1,000/mo"
37,Common Room in 533 Bukit Panjang Ring Road,$950/mo
38,Common Room in 175 Lompang Road,$800/mo
39,Common Room in 468 Segar Road,$800/mo
40,Common Room in 549A Segar Road,$800/mo
41,Common Room in 477 Segar Road,"$1,100/mo"
42,Room in 611 Bukit Panjang Ring Road,"$1,300/mo"
43,Common Room in 629 Senja Road,$900/mo
44,Common Room in 412 Saujana Road,$950/mo
45,Common Room in 437 Fajar Road,"$1,000/mo"
46,Common Room in 545 Bukit Panjang Ring Road,"$1,200/mo"
47,Room in 636B Senja Road,$990/mo
48,Room in 406 Fajar Road,$800/mo
49,Room in 548A Segar Road,"$1,300/mo"
50,Room in 622 Senja Road,$900/mo
51,Common Room in 544 Jelapang Road,"$1,000/mo"
52,Room in 631 Senja Road,"$1,000/mo"
53,Master Room in 619 Bukit Panjang Ring Road,"$1,600/mo"
54,Common Room in 621 Senja Road,"$1,000/mo"
55,Room in 611 Bukit Panjang Ring Road,$900/mo
56,Room in 507 Jelapang Road,$750/mo
57,Room in 630 Senja Road,"$1,000/mo"
58,Common Room in 416 Saujana Road,"$1,100/mo"
59,Common Room in 655 Senja Road,$850/mo
60,Common Room in 510A Jelapang Road,$800/mo
61,Room in Blossom Residences,"$1,300/mo"
62,Master Room in 250 Bangkit Road,$950/mo
63,Common Room in 132 Choa Chu Kang Avenue 1,$900/mo
64,Common Room in 150 Petir Road,$750/mo
65,Common Room in 205 Choa Chu Kang Central,$850/mo
66,Common Room in 148 Gangsa Road,$850/mo
67,Common Room in Sol Acres,"$1,300/mo"
68,Common Room in 124 Pending Road,$450/mo
69,Common Room in Hazel Park Condominium,"$1,500/mo"
70,Master Room in 148 Gangsa Road,"$1,050/mo"
71,Master Room in 11 Teck Whye Lane,"$1,200/mo"
72,Master Room in 131 Cashew Road,$850/mo
73,Common Room in 241 Bukit Panjang Ring Road,$700/mo
74,Common Room in Bukit 828,"$1,600/mo"
75,Common Room in 133 Cashew Road,$900/mo
76,Master Room in Phoenix Heights,"$2,200/mo"
77,Common Room in 132 Choa Chu Kang Avenue 1,$900/mo
78,Common Room in 150 Petir Road,$800/mo
79,Master Room in 154 Jalan Teck Whye,"$1,000/mo"
80,Common Room in Cashew Heights Condominium,"$1,500/mo"
81,Common Room in 767 Choa Chu Kang Street 54,"$1,000/mo"
82,Master Room in Sol Acres,"$1,180/mo"
83,Common Room in Yew Mei Green,"$1,400/mo"
84,Master Room in The Linear,"$1,800/mo"
85,Common Room in Cashew Heights Condominium,"$1,260/mo"
86,Room in Sol Acres,"$1,400/mo"
87,Common Room in 164 Gangsa Road,$700/mo
88,Common Room in 154 Jalan Teck Whye,$850/mo
89,Common Room in Sol Acres,"$1,180/mo"
90,Common Room in Maysprings,"$1,299/mo"
91,Common Room in 110 Gangsa Road,"$1,300/mo"
92,Master Room in Maysprings,"$1,299/mo"
93,Master Room in 118 Teck Whye Lane,"$1,700/mo"
94,Common Room in Hillsta,"$1,400/mo"
95,Common Room in 110 Teck Whye Lane,$750/mo
96,Common Room in Hazel Park Condominium,"$1,100/mo"
97,Room in Maysprings,"$1,100/mo"
98,Room in 275 Bangkit Road,"$1,200/mo"
99,Common Room in 237 Bukit Panjang Ring Road,$900/mo
100,Master Room in 150 Petir Road,"$1,000/mo"
101,Room in 272 Bangkit Road,$900/mo
102,Room in 236 Bukit Panjang Ring Road,"$1,600/mo"
103,Common Room in 14 Teck Whye Lane,$900/mo
104,Common Room in Nicon Gardens,"$1,900/mo"
105,Common Room in 123 Pending Road,"$1,100/mo"
106,Common Room in Maysprings,"$1,099/mo"
107,Common Room in 168 Petir Road,"$1,100/mo"
108,Master Room in 120 Teck Whye Lane,"$1,800/mo"
109,Room in Maysprings,"$1,500/mo"
110,Common Room in 119 Teck Whye Lane,$700/mo
111,Common Room in Wandervale,$900/mo
112,Room in Hazel Park Condominium,"$1,800/mo"
113,Common Room in Maysprings,"$1,400/mo"
114,Common Room in 213 Petir Road,$750/mo
115,Common Room in 254 Bangkit Road,"$1,500/mo"
116,Master Room in 13 Teck Whye Lane,$850/mo
117,Common Room in 11 Teck Whye Lane,$900/mo
118,Common Room in Mi Casa,"$1,400/mo"
119,Room in The Linear,"$2,500/mo"
120,Common Room in 120 Teck Whye Lane,"$1,800/mo"
121,Common Room in 762 Choa Chu Kang North 5,$850/mo
122,Master Room in 767 Choa Chu Kang Street 54,"$1,000/mo"
123,Master Room in 3 Teck Whye Avenue,$850/mo
124,Common Room in Yew Mei Green,"$1,500/mo"
125,Common Room in Cashew Park Condominium,"$1,450/mo"
126,Common Room in 124 Pending Road,$800/mo
127,Common Room in 212 Choa Chu Kang Central,"$1,200/mo"
128,Common Room in Chestervale,"$1,400/mo"
129,Room in 204 Petir Road,"$1,000/mo"
130,Common Room in 211 Choa Chu Kang Central,$850/mo
131,Common Room in 211 Choa Chu Kang Central,$850/mo
132,Common Room in 237 Bukit Panjang Ring Road,$980/mo
133,Common Room in The Rainforest,"$1,250/mo"
134,Room in 789 Choa Chu Kang North 6,$800/mo
135,Room in Yew Mei Green,"$1,800/mo"
136,Master Room in Cashew Villas,"$2,500/mo"
137,Common Room in 124 Pending Road,"$1,000/mo"
138,Room in 237 Bukit Panjang Ring Road,$950/mo
139,Common Room in 205 Petir Road,$750/mo
140,Common Room in Maysprings,"$1,100/mo"
141,Master Room in 257 Bangkit Road,"$1,000/mo"
142,Master Room in ESPA,"$1,350/mo"
143,Master Room in 143 Petir Road,"$1,000/mo"
144,Master Room in Phoenix Heights,"$2,200/mo"
145,Master Room in 113 Teck Whye Lane,"$1,500/mo"
146,Master Room in 11 Teck Whye Lane,$900/mo
147,Common Room in Wandervale,"$1,050/mo"
148,Common Room in 139 Petir Road,"$1,000/mo"
149,Master Room in Yew Mei Green,"$1,600/mo"
150,Master Room in The Windermere,"$1,600/mo"
151,Room in Cashew Garden,"$1,339/mo"
152,Common Room in 110 Teck Whye Lane,$700/mo
153,Common Room in Chestervale,"$1,100/mo"
154,Room in 123 Teck Whye Lane,$750/mo
155,Room in 275 Bangkit Road,"$1,000/mo"
156,Common Room in 11 Teck Whye Lane,$900/mo
157,Common Room in 209 Choa Chu Kang Central,"$1,050/mo"
158,Master Room in 154 Jalan Teck Whye,"$1,000/mo"
159,Master Room in 148 Gangsa Road,"$1,050/mo"
160,Room in The Rainforest,"$2,800/mo"
161,Common Room in 105 Teck Whye Lane,$850/mo
