,Property,Price
0,Master Room in 208 Jurong East Street 21,"$1,200/mo"
1,Master Room in Ivory Heights,"$1,500/mo"
2,Common Room in 269 Toh Guan Road,"$1,000/mo"
3,Common Room in 265 Toh Guan Road,"$1,200/mo"
4,Common Room in 113 Jurong East Street 13,$800/mo
5,Room in 249 Jurong East Street 24,"$1,400/mo"
6,Master Room in Ivory Heights,"$2,000/mo"
7,Common Room in 279 Toh Guan Road,"$1,500/mo"
8,Master Room in 288C Jurong East Street 21,"$1,600/mo"
9,Master Room in Ivory Heights,"$1,800/mo"
10,Room in 205 Jurong East Street 21,"$1,400/mo"
11,Master Room in Ivory Heights,"$1,400/mo"
12,Common Room in Ivory Heights,"$1,050/mo"
13,Common Room in Ivory Heights,"$1,300/mo"
14,Common Room in 113 Jurong East Street 13,"$1,200/mo"
15,Master Room in 238 Jurong East Street 21,"$3,500/mo"
16,Common Room in 208 Jurong East Street 21,"$1,300/mo"
17,Master Room in Ivory Heights,"$1,750/mo"
18,Master Room in 283 Toh Guan Road,"$1,200/mo"
19,Common Room in 276 Toh Guan Road,$750/mo
20,Common Room in 244 Jurong East Street 24,$900/mo
21,Common Room in 113 Jurong East Street 13,$800/mo
22,Common Room in Westmere,"$1,550/mo"
23,Common Room in 285A Toh Guan Road,"$1,000/mo"
24,Common Room in 108 Jurong East Street 13,"$1,100/mo"
25,Master Room in Ivory Heights,"$1,300/mo"
26,Master Room in Westmere,"$1,350/mo"
27,Common Room in 107 Jurong East Street 13,$800/mo
28,Room in 216 Jurong East Street 21,"$1,000/mo"
29,Common Room in J Gateway,"$1,480/mo"
30,Master Room in 248 Jurong East Street 24,"$1,600/mo"
31,Room in J Gateway,"$6,500/mo"
32,Room in Westmere,"$2,000/mo"
33,Room in 211 Jurong East Street 21,"$1,000/mo"
34,Common Room in 279 Toh Guan Road,$800/mo
35,Master Room in 240 Jurong East Street 21,$900/mo
36,Master Room in 229 Jurong East Street 21,"$1,800/mo"
37,Common Room in 206 Bukit Batok Street 21,"$1,100/mo"
38,Master Room in 164 Bukit Batok Street 11,"$2,600/mo"
39,Common Room in 164 Bukit Batok Street 11,"$2,000/mo"
40,Common Room in 41 Teban Gardens Road,$850/mo
41,Common Room in 309 Jurong East Street 32,"$1,100/mo"
42,Common Room in The Mayfair,"$1,300/mo"
43,Common Room in 133 Bukit Batok West Avenue 6,$900/mo
44,Common Room in 134 Bukit Batok West Avenue 6,"$1,200/mo"
45,Common Room in 34 Teban Gardens Road,$550/mo
46,Master Room in 55 Teban Gardens Road,"$1,500/mo"
47,Common Room in Parc Riviera,"$1,350/mo"
48,Common Room in 172 Bukit Batok West Avenue 8,"$1,100/mo"
49,Common Room in 307 Jurong East Street 32,$900/mo
50,Common Room in 307 Jurong East Street 32,$900/mo
51,Master Room in 161 Bukit Batok Street 11,"$1,200/mo"
52,Common Room in Parc Oasis,"$1,300/mo"
53,Master Room in Lake Life,"$1,500/mo"
54,Common Room in 301 Jurong East Street 32,"$1,000/mo"
55,Common Room in 314 Jurong East Street 32,"$1,000/mo"
56,Master Room in The Jade,"$2,000/mo"
57,Common Room in 261 Jurong East Street 24,$800/mo
58,Master Room in Parc Oasis,"$2,300/mo"
59,Common Room in 307 Jurong East Street 32,$900/mo
60,Common Room in 116 Jurong East Street 13,"$1,000/mo"
61,Common Room in 164 Bukit Batok Street 11,"$2,000/mo"
62,Master Room in 164 Bukit Batok Street 11,"$2,600/mo"
63,Common Room in 55 Teban Gardens Road,"$1,000/mo"
64,Room in Parc Riviera,"$1,300/mo"
65,Common Room in 450C Bukit Batok West Avenue 6,"$1,000/mo"
66,Common Room in The Mayfair,"$1,250/mo"
67,Common Room in 213 Bukit Batok Street 21,"$1,218/mo"
68,Common Room in Parc Oasis,"$1,450/mo"
69,Common Room in The Mayfair,"$1,300/mo"
70,Master Room in 303 Jurong East Street 32,"$1,300/mo"
71,Room in Parc Oasis,"$1,400/mo"
72,Common Room in The Mayfair,"$1,300/mo"
73,Common Room in 215 Bukit Batok Street 21,$900/mo
74,Common Room in 189 Bukit Batok West Avenue 6,$998/mo
75,Common Room in 309 Jurong East Street 32,"$1,100/mo"
76,Master Room in 296A Bukit Batok Street 22,"$1,999/mo"
77,Common Room in The Mayfair,"$1,300/mo"
78,Common Room in 23 Teban Gardens Road,$800/mo
79,Room in The Jade,"$1,250/mo"
80,Common Room in Parc Oasis,"$1,600/mo"
81,Common Room in Lakeside Tower,"$1,200/mo"
82,Common Room in 301 Jurong East Street 32,"$1,200/mo"
83,Common Room in Parc Oasis,"$1,400/mo"
84,Common Room in Parc Riviera,"$1,350/mo"
85,Master Room in Parc Oasis,"$1,500/mo"
86,Common Room in 116 Bukit Batok West Avenue 6,$750/mo
87,Common Room in The Mayfair,"$1,250/mo"
88,Master Room in Parc Oasis,"$2,100/mo"
89,Master Room in Parc Oasis,"$2,000/mo"
90,Common Room in 445A Bukit Batok West Avenue 8,"$1,000/mo"
91,Master Room in Parc Oasis,"$2,100/mo"
92,Master Room in 146 Bukit Batok West Avenue 6,"$1,100/mo"
93,Common Room in 176 Bukit Batok West Avenue 8,$999/mo
94,Room in 114 Ho Ching Road,"$1,000/mo"
95,Room in 172 Bukit Batok West Avenue 8,$900/mo
96,Room in 264 Jurong East Street 24,"$1,200/mo"
97,Room in 257 Jurong East Street 24,$450/mo
98,Room in 47 Teban Gardens Road,"$1,200/mo"
99,Common Room in Parc Oasis,"$1,300/mo"
100,Common Room in 257 Jurong East Street 24,$800/mo
101,Master Room in 259 Jurong East Street 24,"$3,500/mo"
102,Common Room in Parc Oasis,"$1,500/mo"
103,Common Room in Parc Oasis,"$1,410/mo"
104,Room in The Mayfair,"$1,770/mo"
105,Room in 164 Bukit Batok Street 11,"$2,000/mo"
106,Room in 321 Tah Ching Road,$850/mo
107,Common Room in The Jade,"$1,400/mo"
108,Master Room in Parc Oasis,"$1,580/mo"
109,Common Room in 212 Bukit Batok Street 21,$850/mo
110,Room in 171 Bukit Batok West Avenue 8,"$1,600/mo"
111,Room in 259 Jurong East Street 24,"$2,700/mo"
112,Master Room in 226 Jurong East Street 21,"$1,400/mo"
113,Common Room in Parc Oasis,"$1,460/mo"
114,Common Room in Parc Oasis,"$1,400/mo"
115,Room in 134 Bukit Batok West Avenue 6,"$1,000/mo"
116,Room in 138 Bukit Batok West Avenue 6,"$1,000/mo"
117,Common Room in 303 Jurong East Street 32,"$1,000/mo"
118,Common Room in The Mayfair,"$1,770/mo"
119,Master Room in 301 Jurong East Street 32,"$1,400/mo"
120,Common Room in The Jade,"$1,460/mo"
121,Master Room in 131 Bukit Batok West Avenue 6,"$1,200/mo"
122,Common Room in 273 Toh Guan Road,"$1,200/mo"
123,Common Room in 202 Bukit Batok Street 21,$960/mo
124,Room in 120 Ho Ching Road,"$1,100/mo"
125,Common Room in 23 Teban Gardens Road,"$1,100/mo"
126,Room in 131 Bukit Batok West Avenue 6,"$1,000/mo"
127,Room in 161 Bukit Batok Street 11,"$1,200/mo"
128,Room in 202 Bukit Batok Street 21,$999/mo
129,Common Room in The Jade,"$1,300/mo"
130,Common Room in 301 Jurong East Street 32,$700/mo
131,Common Room in 401 Pandan Gardens,"$1,000/mo"
132,Common Room in 407 Pandan Gardens,$800/mo
