,Property,Price
0,Common Room in 682B Edgedale Plains,"$1,000/mo"
1,Common Room in The Amore,"$1,200/mo"
2,Common Room in 682A Edgedale Plains,$950/mo
3,Common Room in 682A Edgedale Plains,$900/mo
4,Common Room in 622C Punggol Central,$900/mo
5,Common Room in 632B Punggol Drive,$900/mo
6,Common Room in 187 Punggol Central,$800/mo
7,Master Room in 171B Edgedale Plains,"$1,500/mo"
8,Common Room in River Isles,"$2,500/mo"
9,Common Room in 682A Edgedale Plains,$900/mo
10,Common Room in The Terrace,"$1,700/mo"
11,Common Room in 624A Punggol Central,$850/mo
12,Common Room in The Amore,"$1,100/mo"
13,Common Room in 635C Punggol Drive,$950/mo
14,Room in 682A Edgedale Plains,$900/mo
15,Common Room in The Terrace,"$1,200/mo"
16,Room in 128A Punggol Field Walk,$980/mo
17,Common Room in 172C Edgedale Plains,"$1,200/mo"
18,Common Room in 668B Edgefield Plains,"$1,300/mo"
19,Room in The Terrace,"$1,300/mo"
20,Room in 652 Punggol Central,"$1,200/mo"
21,Common Room in 166A Punggol Central,"$1,000/mo"
22,Common Room in 647 Punggol Central,"$3,800/mo"
23,Common Room in 622C Punggol Central,"$1,200/mo"
24,Common Room in River Isles,"$1,300/mo"
25,Common Room in 666A Punggol Drive,$850/mo
26,Master Room in 682B Edgedale Plains,"$1,500/mo"
27,Room in 613D Punggol Drive,$950/mo
28,Common Room in Waterbay,"$1,360/mo"
29,Common Room in Waterbay,"$1,500/mo"
30,Room in 641A Punggol Drive,$900/mo
31,Room in 642D Punggol Drive,"$1,000/mo"
32,Room in 682A Edgedale Plains,"$1,000/mo"
33,Common Room in 672A Edgefield Plains,$850/mo
34,Common Room in 619C Punggol Drive,$850/mo
35,Room in 642D Punggol Drive,"$1,000/mo"
36,Room in 175C Punggol Field,"$1,000/mo"
37,Room in 171A Edgedale Plains,$950/mo
38,Common Room in 670C Edgefield Plains,$900/mo
39,Common Room in The Terrace,"$1,200/mo"
40,Common Room in Flo Residence,"$1,150/mo"
41,Master Room in 171A Edgedale Plains,"$1,200/mo"
42,Common Room in Flo Residence,"$1,500/mo"
43,Common Room in 202A Punggol Field,"$1,000/mo"
44,Common Room in 195C Punggol Road,"$1,200/mo"
45,Common Room in 107D Edgefield Plains,"$1,000/mo"
46,Common Room in 124B Rivervale Drive,$700/mo
47,Common Room in 250D Compassvale Street,"$1,100/mo"
48,Common Room in 295C Compassvale Crescent,"$1,000/mo"
49,Common Room in 180C Rivervale Crescent,$900/mo
50,Master Room in Beauty Garden,"$3,000/mo"
51,Master Room in Beauty Garden,"$2,800/mo"
52,Common Room in 612C Punggol Drive,$850/mo
53,Common Room in 296B Compassvale Crescent,$800/mo
54,Master Room in Beauty Garden,"$3,000/mo"
55,Master Room in Beauty Garden,"$2,800/mo"
56,Common Room in Rivervale Crest,"$1,300/mo"
57,Master Room in 294 Punggol Central,"$2,000/mo"
58,Master Room in A Treasure Trove,"$1,500/mo"
59,Master Room in Prive,"$2,200/mo"
60,Master Room in 188C Rivervale Drive,$900/mo
61,Room in 305D Punggol Drive,$950/mo
62,Common Room in 142 Rivervale Crescent,"$1,200/mo"
63,Common Room in 163A Rivervale Crescent,"$1,150/mo"
64,Room in 678C Punggol Drive,$900/mo
65,Common Room in 111 Edgefield Plains,"$1,000/mo"
66,Master Room in 102B Punggol Field,"$1,000/mo"
67,Common Room in 104B Edgefield Plains,$900/mo
68,Room in 104B Edgefield Plains,$900/mo
69,Room in 296A Compassvale Crescent,"$1,100/mo"
70,Common Room in 302B Punggol Place,$850/mo
71,Room in 299 Punggol Central,"$1,200/mo"
72,Room in 122E Rivervale Drive,$900/mo
73,Common Room in 271C Punggol Walk,"$1,100/mo"
74,Common Room in 185A Rivervale Crescent,$900/mo
75,Common Room in 104B Edgefield Plains,$900/mo
76,Common Room in 612C Punggol Drive,$950/mo
77,Common Room in 292A Compassvale Street,"$1,200/mo"
78,Common Room in 105B Edgefield Plains,$950/mo
79,Master Room in 211D Punggol Walk,"$1,200/mo"
80,Common Room in 612C Punggol Drive,$850/mo
81,Master Room in 196D Punggol Field,"$1,200/mo"
82,Common Room in A Treasure Trove,"$1,500/mo"
83,Room in 144 Rivervale Drive,"$1,600/mo"
84,Master Room in 211D Punggol Walk,"$1,350/mo"
85,Room in 180C Rivervale Crescent,"$1,200/mo"
86,Common Room in 207B Punggol Place,"$1,000/mo"
87,Room in 208B Punggol Place,"$1,400/mo"
88,Room in 196C Punggol Field,"$1,300/mo"
89,Room in 299 Punggol Central,"$1,000/mo"
90,Common Room in A Treasure Trove,"$1,500/mo"
91,Common Room in A Treasure Trove,"$1,750/mo"
92,Common Room in Parc Centros,"$2,000/mo"
93,Common Room in 162A Rivervale Crescent,$850/mo
94,Common Room in 209C Punggol Place,$850/mo
95,Master Room in 155 Rivervale Crescent,"$1,600/mo"
96,Common Room in 195D Punggol Road,"$1,100/mo"
97,Common Room in 186D Rivervale Drive,"$1,000/mo"
98,Common Room in 297B Compassvale Street,$800/mo
99,Master Room in 157C Rivervale Crescent,"$1,200/mo"
100,Common Room in 305D Punggol Drive,$950/mo
101,Master Room in 105A Edgefield Plains,"$1,100/mo"
102,Room in 185D Rivervale Crescent,"$1,000/mo"
103,Common Room in 273D Punggol Place,"$1,000/mo"
104,Common Room in 121 Rivervale Drive,$950/mo
105,Common Room in 121 Rivervale Drive,$950/mo
106,Room in 101A Punggol Field,"$1,500/mo"
