,Property,Price
0,Master Room in Windy Heights,"$1,950/mo"
1,Common Room in Escada View,"$1,850/mo"
2,Common Room in Windy Heights,"$1,500/mo"
3,Master Room in 106 Bedok Reservoir Road,"$1,200/mo"
4,"$1,200/mo","$1,750/mo"
5,Common Room in 667 Jalan Damai,$700/mo
6,Common Room in Escada View,"$1,350/mo"
7,Master Room in Windy Heights,"$1,900/mo"
8,Room in 659 Jalan Tenaga,"$1,150/mo"
9,Common Room in 103 Bedok Reservoir Road,$900/mo
10,Common Room in 141 Bedok Reservoir Road,$800/mo
11,Master Room in 625 Bedok Reservoir Road,"$1,100/mo"
12,Common Room in euHabitat,"$2,000/mo"
13,Common Room in 116 Bedok Reservoir Road,$950/mo
14,Room in 632 Bedok Reservoir Road,"$2,100/mo"
15,Common Room in 151 Bedok Reservoir Road,$950/mo
16,Common Room in 112 Bedok Reservoir Road,"$1,200/mo"
17,Common Room in D - Heritage Apartments,"$1,200/mo"
18,Room in 632 Bedok Reservoir Road,"$2,100/mo"
19,Room in 108 Bedok Reservoir Road,$800/mo
20,Common Room in 147 Bedok Reservoir Road,$900/mo
21,Room in Tropika East,"$3,600/mo"
22,Master Room in 131 Bedok Reservoir Road,"$1,200/mo"
23,Common Room in 131 Bedok Reservoir Road,$900/mo
24,Common Room in 632 Bedok Reservoir Road,"$1,900/mo"
25,Common Room in Cascata,"$1,300/mo"
26,Common Room in euHabitat,"$3,577/mo"
27,Common Room in Escada View,"$1,520/mo"
28,Common Room in euHabitat,"$2,100/mo"
29,Common Room in 20 Chai Chee Road,"$1,200/mo"
30,Master Room in 529 Bedok North Street 3,"$1,700/mo"
31,Common Room in 613B Bedok Reservoir Road,"$1,050/mo"
32,Common Room in 61 Chai Chee Road,"$1,200/mo"
33,Common Room in 701 Bedok Reservoir Road,$900/mo
34,Common Room in 20 Eunos Crescent,$850/mo
35,,
36,Common Room in 16 Eunos Crescent,$950/mo
37,Common Room in 807C Chai Chee Road,$900/mo
38,Room in Parc Esta,"$4,000/mo"
39,Common Room in Kembangan Estate,"$1,750/mo"
40,Common Room in 701 Bedok Reservoir Road,"$1,300/mo"
41,Master Room in 330 Ubi Avenue 1,"$1,800/mo"
42,Master Room in 701 Bedok Reservoir Road,"$1,900/mo"
43,Common Room in 32 Eunos Crescent,"$1,000/mo"
44,Common Room in 334 Ubi Avenue 1,"$1,150/mo"
45,Common Room in 701 Bedok Reservoir Road,"$1,800/mo"
46,Room in Parc Esta,"$2,800/mo"
47,Master Room in 534 Bedok North Street 3,$850/mo
48,Master Room in 302 Ubi Avenue 1,"$2,000/mo"
49,Master Room in 302 Ubi Avenue 1,"$2,000/mo"
50,Master Room in Kembangan Court,"$2,000/mo"
51,Common Room in 55 Chai Chee Drive,$900/mo
52,Common Room in Parc Esta,"$2,800/mo"
53,Common Room in East Bay Gardens,"$1,950/mo"
54,Master Room in 14 Eunos Crescent,"$1,500/mo"
55,Common Room in 701 Bedok Reservoir Road,"$1,200/mo"
56,Common Room in Jalan Lapang,$900/mo
57,Room in 59 Chai Chee Road,"$1,500/mo"
58,Common Room in 20 Chai Chee Road,$900/mo
59,Room in 547 Bedok North Street 3,$850/mo
60,Common Room in Lengkong Satu,"$1,800/mo"
61,Room in 17 Eunos Crescent,"$1,600/mo"
62,Common Room in Astoria Park,"$1,400/mo"
63,Common Room in 703 Bedok Reservoir Road,"$1,300/mo"
64,Common Room in 21 Eunos Crescent,"$1,250/mo"
65,Master Room in 709 Bedok Reservoir Road,"$1,200/mo"
66,Common Room in 17 Eunos Crescent,$600/mo
67,Room in 547 Bedok North Street 3,$850/mo
68,Master Room in 16 Eunos Crescent,"$1,588/mo"
69,Common Room in 341 Ubi Avenue 1,$750/mo
70,Room in Jalan Senyum,"$1,350/mo"
71,Master Room in 302 Ubi Avenue 1,"$2,000/mo"
72,Common Room in 619 Bedok Reservoir Road,"$1,050/mo"
73,Common Room in 20 Chai Chee Road,$750/mo
