,Property,Price
0,Master Room in Canne Lodge,"$2,350/mo"
1,Common Room in 3A Upper Boon Keng Road,"$1,000/mo"
2,Master Room in Wing Fong Mansions,"$1,850/mo"
3,Common Room in Wing Fong Court,"$1,250/mo"
4,Common Room in 16 Upper Boon Keng Road,"$2,800/mo"
5,Master Room in Accord Apartments,"$1,400/mo"
6,Common Room in 8A Upper Boon Keng Road,"$1,198/mo"
7,Common Room in Lorong 9 Geylang,"$1,200/mo"
8,Common Room in Wing Fong Mansions,"$1,000/mo"
9,Common Room in Wing Fong Mansions,"$2,000/mo"
10,Common Room in Canberlin Lodge,"$1,500/mo"
11,Master Room in Canne Lodge,"$2,008/mo"
12,Room in 3C Upper Boon Keng Road,"$1,100/mo"
13,Common Room in Citylights,"$2,000/mo"
14,Common Room in 2D Upper Boon Keng Road,"$1,000/mo"
15,Master Room in 16 Upper Boon Keng Road,"$2,800/mo"
16,Common Room in 2D Upper Boon Keng Road,"$1,100/mo"
17,Common Room in Wing Fong Mansions,"$1,000/mo"
18,Common Room in Canberlin Lodge,"$1,350/mo"
19,Master Room in Canne Lodge,"$2,200/mo"
20,Master Room in Canne Lodge,"$2,200/mo"
21,Common Room in Canne Lodge,"$1,900/mo"
22,Common Room in 2A Upper Boon Keng Road,"$1,400/mo"
23,Master Room in Canne Lodge,"$1,800/mo"
24,Room in Goodview Apartments,"$1,800/mo"
25,Common Room in Goodview Apartments,"$1,900/mo"
26,Master Room in Wing Fong Court,"$1,850/mo"
27,Common Room in Canne Lodge,"$1,800/mo"
28,Common Room in Canberlin Lodge,"$1,300/mo"
29,Master Room in Summer View,"$1,800/mo"
30,Common Room in Canne Ville,"$2,000/mo"
31,Room in 8B Upper Boon Keng Road,"$1,350/mo"
32,Room in 11 Upper Boon Keng Road,$550/mo
33,Room in 2D Upper Boon Keng Road,"$1,100/mo"
34,Common Room in 8B Upper Boon Keng Road,"$1,400/mo"
35,Common Room in Lorong 13 Geylang,"$2,900/mo"
36,Room in 112 Lorong 3 Geylang,"$1,000/mo"
37,Common Room in 2D Upper Boon Keng Road,$900/mo
38,Master Room in 16 Upper Boon Keng Road,"$3,200/mo"
39,Master Room in Boon Keng Ville,"$3,500/mo"
40,Common Room in Canne Lodge,"$2,200/mo"
41,Common Room in Canne Lodge,"$1,800/mo"
42,Common Room in Wing Fong Mansions,"$1,580/mo"
43,Common Room in 8A Upper Boon Keng Road,"$1,300/mo"
44,Room in 16 Upper Boon Keng Road,"$2,700/mo"
45,Common Room in Familie Mansions,"$1,000/mo"
46,Common Room in Canne Lodge,"$1,900/mo"
47,Common Room in Canne Lodge,"$1,800/mo"
48,Master Room in Canne Lodge,"$2,300/mo"
49,Common Room in Citylights,"$1,950/mo"
50,Room in 16 Upper Boon Keng Road,"$1,500/mo"
51,Room in Jalan Besar,"$2,940/mo"
52,Master Room in Eight Riversuites,"$2,400/mo"
53,Common Room in The Centren,"$1,950/mo"
54,Master Room in The Plaza,"$3,500/mo"
55,Common Room in The Plaza,"$2,800/mo"
56,Master Room in 813 Jellicoe Road,"$1,500/mo"
57,Common Room in Race Course Road,"$1,500/mo"
58,Master Room in 12 Pine Close,"$1,900/mo"
59,Master Room in 107 Towner Road,"$2,000/mo"
60,Master Room in 56 Geylang Bahru,"$1,300/mo"
61,Common Room in 2 Beach Road,"$1,500/mo"
62,Common Room in 5 Saint George's Lane,"$1,200/mo"
63,Room in 119 Aljunied Avenue 2,"$2,900/mo"
64,Master Room in 32 Cassia Crescent,"$1,600/mo"
65,Common Room in TRE Residences,"$1,500/mo"
66,Master Room in # 1 Loft,"$1,850/mo"
67,Common Room in 683 Tessensohn Road,"$1,100/mo"
68,Common Room in 49 Whampoa South,$850/mo
69,Room in 119 Aljunied Avenue 2,"$2,500/mo"
70,Common Room in 122 Mcnair Road,"$1,500/mo"
71,Common Room in 122 Mcnair Road,"$1,500/mo"
72,Common Room in 8 Saint George's Lane,"$1,600/mo"
73,Room in 119 Aljunied Avenue 2,"$2,100/mo"
74,Master Room in Sing Avenue,"$2,500/mo"
75,Master Room in Central Grove,"$2,000/mo"
76,Common Room in Delight Court,"$1,350/mo"
77,Master Room in Cassia View,"$2,199/mo"
78,Common Room in Central Grove,$880/mo
79,Master Room in 8 Farrer Suites,"$2,200/mo"
80,Master Room in Serangoon Road,"$3,000/mo"
81,Master Room in Serangoon Road,"$2,400/mo"
82,Master Room in Studios @ Marne,"$3,500/mo"
83,Master Room in Cassia View,"$2,300/mo"
84,Common Room in Cassia View,"$1,050/mo"
85,Common Room in 5 Boon Keng Road,"$1,000/mo"
86,Common Room in 28 Cassia Crescent,$900/mo
87,Common Room in Sims Green,"$1,200/mo"
88,Master Room in 8 Farrer Suites,"$2,300/mo"
89,Common Room in 681 Race Course Road,"$1,100/mo"
90,Room in Uptown @ Farrer,"$3,200/mo"
91,Master Room in Sims 450 Centre,"$2,600/mo"
92,Common Room in 14 Saint George's Road,$500/mo
93,Room in Loft 33,"$1,600/mo"
94,Common Room in TRE Residences,"$1,700/mo"
95,Common Room in 5 Saint George's Lane,"$1,200/mo"
96,Common Room in City Square Residences,"$2,200/mo"
97,Room in Kerrisdale,"$1,600/mo"
98,Common Room in City Square Residences,"$2,200/mo"
99,Common Room in Sultan Gate Place,"$1,150/mo"
100,Master Room in Jalan Besar Plaza,"$2,500/mo"
101,Room in Duo Residences / Duo Tower,"$4,499/mo"
102,Common Room in Delight Court,"$1,358/mo"
103,Common Room in 34 Whampoa West,$850/mo
104,Room in 32 Penhas Road,"$1,449/mo"
105,Master Room in Loft 33,"$1,900/mo"
106,Master Room in 813 Jellicoe Road,"$1,300/mo"
107,Master Room in Kerrisdale,$900/mo
108,Room in Dakota Residences,"$1,800/mo"
109,Common Room in City Square Residences,"$2,000/mo"
110,Common Room in City Square Residences,"$2,000/mo"
111,Room in Atrium Residences,"$1,600/mo"
112,Master Room in 108 Aljunied Crescent,"$1,800/mo"
113,Common Room in 6 Saint George's Lane,$900/mo
114,Master Room in 8 Farrer Suites,"$2,400/mo"
115,Master Room in TRE Residences,"$2,400/mo"
116,Common Room in Atrium Residences,"$1,450/mo"
117,Room in City Square Residences,"$2,600/mo"
118,Common Room in 56 Geylang Bahru,$550/mo
119,Common Room in 28 Cassia Crescent,"$1,250/mo"
120,Room in 32 Penhas Road,"$2,849/mo"
121,Common Room in 123 Geylang East Central,$900/mo
122,Room in TRE Residences,"$2,400/mo"
123,Common Room in 121 Mcnair Road,"$1,200/mo"
124,Room in 56 Geylang Bahru,$550/mo
125,Master Room in Kerrisdale,"$2,500/mo"
126,Room in Sims Green,$880/mo
127,Room in Central Grove,"$2,200/mo"
128,Room in Atrium Residences,"$1,400/mo"
129,Room in One Saint Michaels,"$1,600/mo"
130,Room in City Square Residences,"$2,600/mo"
131,Room in 81 Lorong 25 Geylang,"$2,300/mo"
132,Room in 6 Saint George's Lane,$900/mo
133,Room in 466 Crawford Lane,"$1,100/mo"
134,Common Room in 105 Towner Road,"$1,500/mo"
135,Master Room in Kerrisdale,"$2,000/mo"
136,Common Room in Kerrisdale,"$1,200/mo"
137,Master Room in Water Place,"$7,000/mo"
138,Room in 47 Bendemeer Road,"$1,200/mo"
139,Room in Penang Service Apartments,"$1,500/mo"
140,Common Room in 97 Geylang Bahru,"$1,200/mo"
141,Common Room in Cassia View,$999/mo
142,Common Room in 123 Geylang East Central,"$1,500/mo"
143,Master Room in 3 Saint George's Road,"$1,200/mo"
144,Room in TRE Residences,"$1,700/mo"
145,Master Room in City Square Residences,"$2,600/mo"
146,Common Room in 97 Geylang Bahru,"$1,200/mo"
147,Master Room in One Saint Michaels,"$2,500/mo"
148,Room in 109 Mcnair Road,$900/mo
149,Common Room in City Square Residences,"$1,800/mo"
150,Common Room in 8 Saint George's Lane,"$1,600/mo"
151,Master Room in 95 Lavender Street,"$1,650/mo"
152,Common Room in 110 Mcnair Road,"$1,500/mo"
153,Room in The Alcove,"$1,650/mo"
154,Master Room in City Square Residences,"$2,600/mo"
155,Master Room in City Square Residences,"$2,300/mo"
156,Common Room in City Square Residences,"$1,600/mo"
157,Common Room in The Midas,"$1,500/mo"
158,Common Room in TRE Residences,"$1,550/mo"
159,Common Room in Sims Urban Oasis,"$1,500/mo"
160,Common Room in 813 Jellicoe Road,"$1,500/mo"
161,Room in Penang Service Apartments,"$2,200/mo"
162,Room in Kerrisdale,"$2,000/mo"
163,Master Room in 2 Saint George's Road,$800/mo
164,Room in 26 Jalan Berseh,"$1,278/mo"
165,Common Room in 26 Jalan Berseh,"$1,200/mo"
166,Common Room in TRE Residences,"$2,700/mo"
167,Master Room in Casa Emerald,"$2,000/mo"
168,Common Room in Casa Emerald,"$1,300/mo"
169,Common Room in City Square Residences,"$2,100/mo"
170,Room in 45 Sims Drive,"$1,100/mo"
171,Common Room in 8 Farrer Suites,"$2,399/mo"
172,Common Room in Petain Court,"$1,400/mo"
173,Room in 8 Farrer Suites,"$2,200/mo"
174,Master Room in Lavender Street,"$2,300/mo"
175,Master Room in Kerrisdale,"$1,700/mo"
176,Common Room in Cassia View,"$1,900/mo"
177,Room in 5 Pine Close,"$1,500/mo"
178,Master Room in 3 Saint George's Road,"$1,300/mo"
179,Room in Studios @ Marne,"$3,500/mo"
180,Room in 119 Aljunied Avenue 2,"$2,800/mo"
181,Room in 122 Geylang East Central,$900/mo
182,Room in 60 Dakota Crescent,"$1,400/mo"
183,Room in 119 Aljunied Avenue 2,"$2,300/mo"
184,Master Room in 110 Mcnair Road,"$1,400/mo"
185,Common Room in 113A Mcnair Road,"$1,200/mo"
186,Master Room in 119 Aljunied Avenue 2,"$2,700/mo"
187,Master Room in The Elysia,"$2,100/mo"
188,Room in 12 North Bridge Road,"$1,200/mo"
189,Common Room in Kerrisdale,"$1,700/mo"
190,Common Room in 119 Aljunied Avenue 2,"$2,800/mo"
191,Master Room in 641 Rowell Road,"$2,200/mo"
192,Room in 107 Towner Road,"$2,000/mo"
193,Master Room in 108 Aljunied Crescent,"$1,400/mo"
194,Master Room in City Square Mall,"$2,900/mo"
195,Master Room in Geylang Conservation Area,"$3,000/mo"
196,Master Room in Petain Road/Tyrwhitt Road Conservation Area,"$2,500/mo"
197,Room in Eight Riversuites,"$1,500/mo"
198,Room in Cassia View,"$2,198/mo"
199,Common Room in 641 Rowell Road,"$1,700/mo"
200,Common Room in 642 Rowell Road,"$1,400/mo"
201,Common Room in City Square Residences,"$1,600/mo"
202,Room in Guillemard Suites,"$2,600/mo"
203,Common Room in City Square Residences,"$1,700/mo"
204,Room in TRE Residences,"$1,888/mo"
205,Room in The Venue Residences,"$2,300/mo"
206,Master Room in Studios @ Marne,"$3,400/mo"
207,Master Room in Sims Urban Oasis,"$2,699/mo"
208,Common Room in Parkshore,"$2,200/mo"
209,Common Room in 47 Bendemeer Road,"$1,200/mo"
210,Room in Studios @ Marne,"$3,400/mo"
211,Room in Uptown @ Farrer,"$2,900/mo"
212,Room in Fortville,"$3,840/mo"
213,Room in 813 Jellicoe Road,"$1,500/mo"
214,Common Room in 684 Race Course Road,"$1,000/mo"
215,Common Room in Joo Avenue,"$1,200/mo"
216,Room in 685 Race Course Road,"$1,800/mo"
217,Room in 8 Farrer Suites,"$2,200/mo"
