,Property,Price
0,Common Room in 296 Choa Chu Kang Avenue 2,$600/mo
1,Common Room in 132 Choa Chu Kang Avenue 1,$900/mo
2,Common Room in 205 Choa Chu Kang Central,$850/mo
3,Common Room in 230 Choa Chu Kang Central,$700/mo
4,Common Room in Sol Acres,"$1,300/mo"
5,Master Room in 11 Teck Whye Lane,"$1,200/mo"
6,Common Room in 354 Choa Chu Kang Central,"$1,000/mo"
7,Common Room in 230 Choa Chu Kang Central,$800/mo
8,Common Room in 802B Keat Hong Close,$900/mo
9,Common Room in 132 Choa Chu Kang Avenue 1,$900/mo
10,Master Room in 154 Jalan Teck Whye,"$1,000/mo"
11,Master Room in 231 Choa Chu Kang Central,"$1,400/mo"
12,Master Room in Sol Acres,"$1,180/mo"
13,Common Room in 801C Keat Hong Close,$850/mo
14,Common Room in 809B Choa Chu Kang Avenue 1,"$1,000/mo"
15,Common Room in 805B Keat Hong Close,$800/mo
16,Room in Sol Acres,"$1,400/mo"
17,Room in 815B Choa Chu Kang Avenue 7,$850/mo
18,Common Room in 154 Jalan Teck Whye,$850/mo
19,Common Room in Sol Acres,"$1,180/mo"
20,Common Room in 808C Choa Chu Kang Avenue 1,$890/mo
21,Master Room in 118 Teck Whye Lane,"$1,700/mo"
22,Common Room in Hillsta,"$1,400/mo"
23,Common Room in 110 Teck Whye Lane,$750/mo
24,Common Room in 14 Teck Whye Lane,$900/mo
25,Master Room in 120 Teck Whye Lane,"$1,800/mo"
26,Room in 284 Choa Chu Kang Avenue 3,$950/mo
27,Common Room in 119 Teck Whye Lane,$700/mo
28,Common Room in Wandervale,$900/mo
29,Common Room in 816B Keat Hong Link,$800/mo
30,Master Room in 13 Teck Whye Lane,$850/mo
31,Common Room in 345 Choa Chu Kang Loop,"$1,800/mo"
32,Common Room in 11 Teck Whye Lane,$900/mo
33,Common Room in 805D Keat Hong Close,"$1,200/mo"
34,Common Room in Mi Casa,"$1,400/mo"
35,Common Room in 817B Keat Hong Link,$700/mo
36,Common Room in 120 Teck Whye Lane,"$1,800/mo"
37,Master Room in 3 Teck Whye Avenue,$850/mo
38,Common Room in 354 Choa Chu Kang Central,$700/mo
39,Common Room in 212 Choa Chu Kang Central,"$1,200/mo"
40,Common Room in 211 Choa Chu Kang Central,$850/mo
41,Common Room in 211 Choa Chu Kang Central,$850/mo
42,Common Room in The Rainforest,"$1,250/mo"
43,Room in 804A Keat Hong Close,"$1,200/mo"
44,Common Room in 288 Choa Chu Kang Avenue 3,$800/mo
45,Room in 233 Choa Chu Kang Central,$900/mo
46,Master Room in 113 Teck Whye Lane,"$1,500/mo"
47,Master Room in 11 Teck Whye Lane,$900/mo
48,Master Room in 227 Choa Chu Kang Central,"$1,500/mo"
49,Common Room in Wandervale,"$1,050/mo"
50,Common Room in 110 Teck Whye Lane,$700/mo
51,Common Room in 803A Keat Hong Close,$850/mo
52,Master Room in 810A Choa Chu Kang Avenue 7,"$1,100/mo"
53,Room in 123 Teck Whye Lane,$750/mo
54,Room in 818B Choa Chu Kang Avenue 1,"$1,000/mo"
55,Common Room in 11 Teck Whye Lane,$900/mo
56,Room in 214 Choa Chu Kang Central,"$1,000/mo"
57,Common Room in 209 Choa Chu Kang Central,"$1,050/mo"
58,Common Room in 411 Choa Chu Kang Avenue 3,"$1,200/mo"
59,Master Room in 154 Jalan Teck Whye,"$1,000/mo"
60,Room in The Rainforest,"$2,800/mo"
61,Common Room in 284 Choa Chu Kang Avenue 3,$850/mo
62,Master Room in 345 Choa Chu Kang Loop,"$1,500/mo"
63,Common Room in 105 Teck Whye Lane,$850/mo
64,Master Room in 383 Bukit Batok West Avenue 5,"$1,500/mo"
65,Master Room in 704 Choa Chu Kang Street 53,"$1,000/mo"
66,Common Room in 544 Jelapang Road,"$1,050/mo"
67,Common Room in 540 Jelapang Road,$888/mo
68,Master Room in 323 Bukit Batok Street 33,$400/mo
69,Common Room in 322 Bukit Batok Street 33,$800/mo
70,Common Room in 484C Choa Chu Kang Avenue 5,$800/mo
71,Common Room in 148 Gangsa Road,$850/mo
72,Common Room in Northvale,"$1,190/mo"
73,Common Room in 177 Lompang Road,$900/mo
74,Common Room in 476C Choa Chu Kang Avenue 5,"$1,100/mo"
75,Master Room in 432 Choa Chu Kang Avenue 4,"$1,500/mo"
76,Common Room in 488B Choa Chu Kang Avenue 5,$750/mo
77,Common Room in 758 Choa Chu Kang North 5,$850/mo
78,Common Room in Northvale,"$1,200/mo"
79,Common Room in Hazel Park Condominium,"$1,500/mo"
80,Common Room in 170 Gangsa Road,$900/mo
81,Common Room in 173 Gangsa Road,$950/mo
82,Master Room in 148 Gangsa Road,"$1,050/mo"
83,Common Room in Northvale,"$1,300/mo"
84,Common Room in 386 Bukit Batok West Avenue 5,"$1,100/mo"
85,Common Room in Bukit 828,"$1,600/mo"
86,Common Room in 606 Senja Road,$800/mo
87,Master Room in 422 Bukit Batok West Avenue 2,"$1,500/mo"
88,Common Room in 384 Bukit Batok West Avenue 5,$900/mo
89,Common Room in 631 Senja Road,"$1,100/mo"
90,Room in 385 Bukit Batok West Avenue 5,$900/mo
91,Common Room in 385 Bukit Batok West Avenue 5,$900/mo
92,Common Room in 641A Senja Close,$900/mo
93,Common Room in 621 Senja Road,$850/mo
94,Master Room in Phoenix Heights,"$2,200/mo"
95,Master Room in 476B Choa Chu Kang Avenue 5,"$1,600/mo"
96,Common Room in 358 Bukit Batok Street 31,$800/mo
97,Common Room in iNZ Residence,"$1,250/mo"
98,Common Room in 489D Choa Chu Kang Avenue 5,$950/mo
99,Common Room in 767 Choa Chu Kang Street 54,"$1,000/mo"
100,Master Room in 175 Lompang Road,$908/mo
101,Common Room in 307 Choa Chu Kang Avenue 4,"$1,300/mo"
102,Common Room in Yew Mei Green,"$1,400/mo"
103,Common Room in 384 Bukit Batok West Avenue 5,$900/mo
104,Master Room in The Linear,"$1,800/mo"
105,Common Room in 629 Senja Road,$900/mo
106,Master Room in 338 Bukit Batok Street 34,"$1,100/mo"
107,Common Room in 322 Bukit Batok Street 33,$950/mo
108,Room in 506 Choa Chu Kang Street 51,$900/mo
109,Common Room in 164 Gangsa Road,$700/mo
110,Master Room in 426 Bukit Batok West Avenue 2,"$1,000/mo"
111,Master Room in 338 Bukit Batok Street 34,"$1,100/mo"
112,Common Room in Maysprings,"$1,299/mo"
113,Common Room in 633A Senja Road,$900/mo
114,Common Room in 417 Bukit Batok West Avenue 4,$950/mo
115,Master Room in Maysprings,"$1,299/mo"
116,Room in 611 Bukit Panjang Ring Road,"$1,700/mo"
117,Master Room in The Warren,"$1,800/mo"
118,Common Room in Hazel Park Condominium,"$1,100/mo"
119,Room in Maysprings,"$1,100/mo"
120,Room in 619 Bukit Panjang Ring Road,$800/mo
121,Common Room in 647B Senja Close,"$1,400/mo"
122,Common Room in 631 Senja Road,"$1,000/mo"
123,Common Room in 460 Choa Chu Kang Avenue 4,"$1,200/mo"
124,Room in 619 Bukit Panjang Ring Road,$900/mo
125,Room in 544 Jelapang Road,"$1,050/mo"
126,Common Room in Nicon Gardens,"$1,900/mo"
127,Common Room in 323 Bukit Batok Street 33,$900/mo
128,Common Room in Maysprings,"$1,099/mo"
129,Common Room in 168 Petir Road,"$1,100/mo"
130,Common Room in 324 Bukit Batok Street 33,$800/mo
131,Common Room in 620 Bukit Panjang Ring Road,"$1,000/mo"
132,Room in Maysprings,"$1,500/mo"
133,Master Room in Pavilion Park,"$2,200/mo"
134,Room in Hazel Park Condominium,"$1,800/mo"
135,Common Room in Maysprings,"$1,400/mo"
136,Common Room in 647B Senja Close,"$1,400/mo"
137,Common Room in 620 Bukit Panjang Ring Road,"$1,000/mo"
138,Common Room in 533 Bukit Panjang Ring Road,$950/mo
139,Common Room in 175 Lompang Road,$800/mo
140,Room in The Linear,"$2,500/mo"
141,Common Room in Northvale,"$1,290/mo"
142,Common Room in 762 Choa Chu Kang North 5,$850/mo
143,Master Room in 767 Choa Chu Kang Street 54,"$1,000/mo"
144,Common Room in 333 Bukit Batok Street 32,$800/mo
145,Common Room in Yew Mei Green,"$1,500/mo"
146,Room in 611 Bukit Panjang Ring Road,"$1,300/mo"
147,Master Room in iNZ Residence,"$1,500/mo"
148,Common Room in 338 Bukit Batok Street 34,$900/mo
149,Master Room in 484B Choa Chu Kang Avenue 5,"$1,000/mo"
150,Room in The Warren,"$1,600/mo"
151,Common Room in 629 Senja Road,$900/mo
152,Room in 323 Bukit Batok Street 33,"$1,200/mo"
153,Master Room in 307 Choa Chu Kang Avenue 4,"$1,450/mo"
154,Common Room in 449 Choa Chu Kang Avenue 4,"$1,000/mo"
155,Master Room in 390 Bukit Batok West Avenue 5,"$1,300/mo"
156,Master Room in Northvale,"$1,690/mo"
157,Common Room in 420 Bukit Batok West Avenue 2,$900/mo
158,Room in 789 Choa Chu Kang North 6,$800/mo
159,Room in Yew Mei Green,"$1,800/mo"
160,Common Room in 545 Bukit Panjang Ring Road,"$1,200/mo"
161,Room in 636B Senja Road,$990/mo
162,Room in 503 Choa Chu Kang Street 51,"$1,100/mo"
163,Room in 386 Bukit Batok West Avenue 5,$800/mo
164,Room in 446 Choa Chu Kang Avenue 4,$800/mo
165,Common Room in Maysprings,"$1,100/mo"
166,Room in 487A Choa Chu Kang Avenue 5,$800/mo
167,Room in 622 Senja Road,$900/mo
168,Common Room in Northvale,"$1,160/mo"
169,Room in 383 Bukit Batok West Avenue 5,$950/mo
170,Common Room in 323 Bukit Batok Street 33,$988/mo
171,Common Room in 544 Jelapang Road,"$1,000/mo"
172,Master Room in Phoenix Heights,"$2,200/mo"
173,Common Room in 384 Bukit Batok West Avenue 5,"$1,000/mo"
174,Common Room in 386 Bukit Batok West Avenue 5,$850/mo
175,Common Room in 484B Choa Chu Kang Avenue 5,$800/mo
176,Common Room in 408 Bukit Batok West Avenue 4,"$1,200/mo"
177,Common Room in 333 Bukit Batok Street 32,$900/mo
178,Common Room in Northvale,"$1,390/mo"
179,Common Room in Northvale,$950/mo
180,Room in 631 Senja Road,"$1,000/mo"
181,Master Room in 571 Choa Chu Kang Street 52,"$1,200/mo"
182,Common Room in iNZ Residence,"$1,000/mo"
183,Master Room in 619 Bukit Panjang Ring Road,"$1,600/mo"
184,Master Room in Yew Mei Green,"$1,600/mo"
185,Common Room in 621 Senja Road,"$1,000/mo"
186,Common Room in Northvale,"$1,200/mo"
187,Room in 611 Bukit Panjang Ring Road,$900/mo
188,Common Room in 445 Choa Chu Kang Avenue 4,$900/mo
189,Room in 630 Senja Road,"$1,000/mo"
190,Room in 383 Bukit Batok West Avenue 5,$950/mo
191,Common Room in 655 Senja Road,$850/mo
192,Room in 550 Choa Chu Kang Street 52,"$1,100/mo"
193,Common Room in Pavilion Park,"$1,500/mo"
194,Master Room in 148 Gangsa Road,"$1,050/mo"
195,Master Room in 424 Bukit Batok West Avenue 2,"$1,200/mo"
