,Property,Price
0,Common Room in Windy Heights,"$1,500/mo"
1,Common Room in 61 Chai Chee Road,"$1,200/mo"
2,Master Room in Windy Heights,"$1,950/mo"
3,Master Room in Lorong H Telok Kurau,"$1,650/mo"
4,Master Room in Lorong H Telok Kurau,"$1,700/mo"
5,Common Room in Escada View,"$1,750/mo"
6,Common Room in 16 Eunos Crescent,$950/mo
7,Common Room in Escada View,"$1,350/mo"
8,Master Room in Windy Heights,"$1,900/mo"
9,Common Room in 103 Bedok Reservoir Road,$900/mo
10,Common Room in Kembangan Estate,"$1,750/mo"
11,Common Room in euHabitat,"$2,000/mo"
12,Common Room in Escada View,"$1,850/mo"
13,Master Room in Kembangan Court,"$2,000/mo"
14,Master Room in Lorong H Telok Kurau,"$1,700/mo"
15,Common Room in 55 Chai Chee Drive,$900/mo
16,Common Room in East Bay Gardens,"$1,950/mo"
17,Master Room in The Ambra,"$2,000/mo"
18,Common Room in D - Heritage Apartments,"$1,200/mo"
19,Common Room in Jalan Lapang,$900/mo
20,Room in 59 Chai Chee Road,"$1,500/mo"
21,Common Room in Lorong J Telok Kurau,"$1,050/mo"
22,Common Room in Lengkong Satu,"$1,800/mo"
23,Room in 17 Eunos Crescent,"$1,600/mo"
24,Common Room in Astoria Park,"$1,400/mo"
25,Master Room in Frankel Estate,"$2,000/mo"
26,Room in Frankel Estate,"$2,000/mo"
27,Master Room in Frankel Estate,"$2,000/mo"
28,Master Room in Frankel Estate,"$2,100/mo"
29,Common Room in 17 Eunos Crescent,$600/mo
30,Common Room in Cascata,"$1,300/mo"
31,Common Room in euHabitat,"$3,577/mo"
32,Common Room in Escada View,"$1,520/mo"
33,Common Room in euHabitat,"$2,100/mo"
34,Master Room in 16 Eunos Crescent,"$1,588/mo"
35,Room in Jalan Senyum,"$1,350/mo"
36,Common Room in 20 Chai Chee Road,"$1,200/mo"
37,Common Room in 701 Bedok Reservoir Road,$900/mo
38,Master Room in Onan Road,"$2,000/mo"
39,Room in Casa Aroma,"$1,400/mo"
40,Master Room in Casa Aroma,"$2,500/mo"
41,Master Room in Tembeling Lodge,"$2,550/mo"
42,Common Room in 20 Eunos Crescent,$850/mo
43,Master Room in 106 Bedok Reservoir Road,"$1,200/mo"
44,Common Room in Casa Aroma,"$1,700/mo"
45,Common Room in 613B Bedok Reservoir Road,"$1,050/mo"
46,Common Room in Joo Chiat Road,"$1,200/mo"
47,Common Room in Casa Aroma,"$1,700/mo"
48,Common Room in Opera Estate,"$1,800/mo"
49,Master Room in Opera Estate,"$1,800/mo"
50,Common Room in Casa Aroma,"$1,700/mo"
51,Common Room in 667 Jalan Damai,$700/mo
52,Common Room in Mandarin Gardens,"$1,350/mo"
53,Common Room in Casa Aroma,"$1,500/mo"
54,Common Room in Mandarin Gardens,"$1,500/mo"
55,Master Room in Mandarin Gardens,"$1,850/mo"
56,Master Room in 41 Chai Chee Street,"$2,000/mo"
57,Common Room in 807C Chai Chee Road,$900/mo
58,Room in Parc Esta,"$4,000/mo"
59,Room in 659 Jalan Tenaga,"$1,150/mo"
60,Common Room in Mandarin Gardens,"$1,000/mo"
61,Common Room in East Grove,"$1,300/mo"
62,Common Room in 141 Bedok Reservoir Road,$800/mo
63,Common Room in Mandarin Gardens,"$1,500/mo"
64,Master Room in Opera Estate,"$2,350/mo"
65,Common Room in Mandarin Gardens,"$1,550/mo"
66,Common Room in Casa Aroma,"$1,500/mo"
67,Room in Tembeling Road,"$1,650/mo"
68,Master Room in 41 Chai Chee Street,"$1,100/mo"
69,Master Room in 625 Bedok Reservoir Road,"$1,100/mo"
70,Common Room in Langsat Road,"$1,500/mo"
71,Master Room in Casa Aroma,"$2,500/mo"
72,Common Room in Still Mansions,"$1,150/mo"
73,Common Room in 701 Bedok Reservoir Road,"$1,300/mo"
74,Common Room in 21 Chai Chee Road,$950/mo
75,Room in Casa Aroma,"$1,600/mo"
76,Common Room in 116 Bedok Reservoir Road,$950/mo
77,Master Room in 330 Ubi Avenue 1,"$1,800/mo"
78,Room in 632 Bedok Reservoir Road,"$2,100/mo"
79,Master Room in 701 Bedok Reservoir Road,"$1,900/mo"
80,Common Room in Tembeling Lodge,"$2,900/mo"
81,Common Room in East Grove,"$1,400/mo"
82,Common Room in 32 Eunos Crescent,"$1,000/mo"
83,Common Room in Maybelle Lodge,"$1,300/mo"
84,Master Room in Onan Road,"$2,200/mo"
85,Room in Mandarin Gardens,"$2,000/mo"
86,Common Room in 334 Ubi Avenue 1,"$1,150/mo"
87,Common Room in 701 Bedok Reservoir Road,"$1,800/mo"
88,Master Room in 2 Marine Terrace,"$1,300/mo"
89,Room in Parc Esta,"$2,800/mo"
90,Master Room in 534 Bedok North Street 3,$850/mo
91,Room in 3 Joo Chiat Road,"$1,400/mo"
92,Master Room in 302 Ubi Avenue 1,"$2,000/mo"
93,Master Room in Bedok Residences,"$1,700/mo"
94,Master Room in 302 Ubi Avenue 1,"$2,000/mo"
95,Common Room in 151 Bedok Reservoir Road,$950/mo
96,Room in Langsat Road,"$3,300/mo"
97,Master Room in Neptune Court,"$2,400/mo"
98,Common Room in Siglap V,"$1,550/mo"
99,Common Room in Parc Esta,"$2,800/mo"
100,Common Room in 112 Bedok Reservoir Road,"$1,200/mo"
101,Common Room in 13 Marine Terrace,$950/mo
102,Common Room in 29 Chai Chee Avenue,"$1,200/mo"
103,Master Room in Mandarin Gardens,"$2,000/mo"
104,Master Room in 420 Bedok North Street 1,"$1,200/mo"
105,Master Room in 14 Eunos Crescent,"$1,500/mo"
106,Master Room in East Coast Road,"$2,200/mo"
107,Common Room in 47 Marine Crescent,$800/mo
108,Common Room in Tembeling Road,"$1,150/mo"
109,Room in Neptune Court,"$1,600/mo"
110,Common Room in Upper East Coast Road,"$2,000/mo"
111,Common Room in Neptune Court,"$1,600/mo"
112,Room in 632 Bedok Reservoir Road,"$2,100/mo"
113,Common Room in Mandarin Gardens,"$2,000/mo"
114,Common Room in 428 Bedok North Road,$600/mo
115,Common Room in Springvale,"$1,900/mo"
116,Common Room in 422 Bedok North Road,$700/mo
117,Common Room in 701 Bedok Reservoir Road,"$1,200/mo"
118,Room in 222B Bedok North Drive,"$1,300/mo"
119,Room in Flamingo Valley,"$1,900/mo"
120,Master Room in Eight @ East Coast,"$2,800/mo"
121,Common Room in 32 Chai Chee Avenue,$700/mo
122,Room in 108 Bedok Reservoir Road,$800/mo
123,Room in 419 Bedok North Street 1,"$1,670/mo"
124,Common Room in 20 Chai Chee Road,$900/mo
125,Common Room in Cathay Gardens,"$1,600/mo"
126,Room in 547 Bedok North Street 3,$850/mo
127,Master Room in 43 Chai Chee Street,"$1,700/mo"
128,Common Room in 147 Bedok Reservoir Road,$900/mo
129,Room in Tropika East,"$3,600/mo"
130,Room in 25 Chai Chee Road,$900/mo
131,Room in 521 Bedok North Avenue 1,"$1,000/mo"
132,Room in 46 Marine Crescent,"$1,000/mo"
133,Common Room in Poshgrove East,"$1,500/mo"
134,Common Room in 703 Bedok Reservoir Road,"$1,300/mo"
135,Master Room in 131 Bedok Reservoir Road,"$1,200/mo"
136,Common Room in 131 Bedok Reservoir Road,$900/mo
137,Common Room in 21 Eunos Crescent,"$1,250/mo"
138,Master Room in 709 Bedok Reservoir Road,"$1,200/mo"
139,Room in Jalan Tua Kong,"$1,800/mo"
140,Master Room in Mandarin Gardens,"$1,800/mo"
141,Common Room in 632 Bedok Reservoir Road,"$1,900/mo"
142,Master Room in Springvale,"$1,180/mo"
143,Common Room in 427 Bedok North Road,$980/mo
144,Common Room in Mandarin Gardens,"$2,000/mo"
145,Room in 547 Bedok North Street 3,$850/mo
146,Common Room in Infini at East Coast,"$3,500/mo"
147,Common Room in Mandarin Gardens,"$1,530/mo"
148,Room in Soho Life,"$2,500/mo"
149,Room in Mandarin Gardens,"$1,500/mo"
150,Master Room in 17 Marine Terrace,$900/mo
151,Room in 18 Marine Terrace,"$1,100/mo"
152,Common Room in 341 Ubi Avenue 1,$750/mo
153,Common Room in Jalan Tua Kong,"$1,800/mo"
154,Master Room in 302 Ubi Avenue 1,"$2,000/mo"
155,Common Room in 619 Bedok Reservoir Road,"$1,050/mo"
156,Common Room in 20 Chai Chee Road,$750/mo
157,Master Room in 18 Marine Terrace,"$1,400/mo"
158,Master Room in Duku Lane,"$2,000/mo"
