,Property,Price
0,Master Room in Star Point,"$2,400/mo"
1,Master Room in Star Point,"$2,400/mo"
2,Room in Star Point,"$1,800/mo"
3,Room in Star Point,"$1,800/mo"
4,Common Room in 1 Dover Road,"$1,000/mo"
5,Common Room in 28C Dover Crescent,"$1,500/mo"
6,Common Room in One North Residences,"$3,000/mo"
7,Common Room in Horizon Residences,"$1,800/mo"
8,Master Room in 51 Commonwealth Drive,"$2,000/mo"
9,Common Room in 31 Ghim Moh Link,"$1,100/mo"
10,Common Room in 31 Ghim Moh Link,"$1,350/mo"
11,Room in Mendon Spring,"$1,500/mo"
12,Common Room in Barossa Gardens,"$1,100/mo"
13,Master Room in One North Residences,"$3,900/mo"
14,Common Room in 7 Commonwealth Avenue,"$1,100/mo"
15,Master Room in One North Residences,"$3,000/mo"
16,Common Room in 90 Tanglin Halt Road,"$1,100/mo"
17,Common Room in 28 Ghim Moh Link,$900/mo
18,Room in Parc Imperial,"$3,700/mo"
19,Room in 52 Commonwealth Drive,"$1,200/mo"
20,Common Room in 19 Dover Crescent,"$1,500/mo"
21,Master Room in One North Residences,"$1,800/mo"
22,Common Room in Dover Parkview,"$1,500/mo"
23,Common Room in Dover Parkview,"$1,500/mo"
24,Common Room in Buona Vista Gardens,"$1,400/mo"
25,Room in 90 Tanglin Halt Road,"$1,800/mo"
26,Common Room in 50 Commonwealth Drive,"$1,200/mo"
27,Common Room in 19 Dover Crescent,"$1,500/mo"
28,Common Room in 21 Ghim Moh Road,"$1,300/mo"
29,Room in Pasir Panjang Road,"$2,000/mo"
30,Room in Liiv Residences,"$3,000/mo"
