,Property,Price
0,Master Room in 813A Yishun Ring Road,"$1,300/mo"
1,Common Room in 850 Yishun Street 81,$950/mo
2,Common Room in 624 Yishun Ring Road,$850/mo
3,Common Room in 630 Yishun Street 61,"$1,000/mo"
4,Common Room in 630 Yishun Street 61,$700/mo
5,Common Room in 776 Yishun Avenue 2,$950/mo
6,Room in Orchid Park Condominium,"$1,500/mo"
7,Room in Orchid Park Condominium,"$1,200/mo"
8,Room in Orchid Park Condominium,"$2,200/mo"
9,Common Room in 781 Yishun Ring Road,"$1,200/mo"
10,Room in 817 Yishun Street 81,"$1,000/mo"
11,Room in Orchid Park Condominium,"$1,700/mo"
12,Common Room in Orchid Park Condominium,"$1,200/mo"
13,Common Room in 625 Yishun Street 61,$800/mo
14,Common Room in 662 Yishun Avenue 4,$900/mo
15,Room in 839 Yishun Street 81,"$1,000/mo"
16,Common Room in 829 Yishun Street 81,"$1,000/mo"
17,Common Room in 624 Yishun Ring Road,$900/mo
18,Common Room in 636 Yishun Street 61,"$1,100/mo"
19,Common Room in 879 Yishun Street 81,"$1,000/mo"
20,Room in 829 Yishun Street 81,"$1,000/mo"
21,Common Room in 876 Yishun Street 81,"$1,200/mo"
22,Room in Orchid Park Condominium,"$1,500/mo"
23,Room in Orchid Park Condominium,"$2,388/mo"
24,Common Room in Orchid Park Condominium,"$1,500/mo"
25,Master Room in Orchid Park Condominium,"$2,200/mo"
26,Common Room in Orchid Park Condominium,"$1,480/mo"
27,Common Room in Orchid Park Condominium,"$1,280/mo"
28,Master Room in Orchid Park Condominium,"$1,780/mo"
29,Common Room in 839 Yishun Street 81,$900/mo
30,Common Room in 868 Yishun Street 81,"$1,000/mo"
31,Common Room in 657 Yishun Avenue 4,"$1,000/mo"
32,Common Room in 620 Yishun Ring Road,$900/mo
33,Common Room in 839 Yishun Street 81,$700/mo
34,Common Room in 509B Yishun Avenue 4,"$1,000/mo"
35,Common Room in 641 Yishun Street 61,$850/mo
36,Master Room in Orchid Park Condominium,"$1,200/mo"
37,Common Room in 632 Yishun Street 61,$900/mo
38,Common Room in 651 Yishun Avenue 4,$950/mo
39,Master Room in 508A Yishun Avenue 4,$499/mo
40,Common Room in 858 Yishun Avenue 4,$900/mo
41,Master Room in 636 Yishun Street 61,"$1,000/mo"
42,Master Room in Orchid Park Condominium,"$2,200/mo"
43,Master Room in 786 Yishun Ring Road,"$1,800/mo"
44,Master Room in 828 Yishun Street 81,"$1,500/mo"
45,Master Room in 618 Yishun Ring Road,"$1,500/mo"
46,Room in Orchid Park Condominium,"$1,300/mo"
47,Common Room in Orchid Park Condominium,"$1,200/mo"
48,Common Room in 807 Yishun Ring Road,"$1,200/mo"
49,Room in Orchid Park Condominium,"$1,688/mo"
50,Master Room in 664 Yishun Avenue 4,"$1,400/mo"
51,Common Room in 651 Yishun Avenue 4,$950/mo
52,Common Room in 788 Yishun Avenue 2,$950/mo
53,Room in 935 Yishun Central 1,"$1,400/mo"
54,Common Room in 641 Yishun Street 61,"$1,000/mo"
55,Master Room in Orchid Park Condominium,"$1,100/mo"
56,Master Room in Orchid Park Condominium,"$1,300/mo"
57,Common Room in Orchid Park Condominium,"$1,288/mo"
58,Common Room in Orchid Park Condominium,"$1,688/mo"
59,Room in Orchid Park Condominium,"$1,600/mo"
60,Room in 852 Yishun Street 81,"$1,300/mo"
61,Room in 763 Yishun Street 72,"$1,000/mo"
62,Common Room in 816 Yishun Street 81,"$1,100/mo"
63,Common Room in 728 Yishun Street 71,$800/mo
64,Room in 607 Yishun Street 61,"$1,000/mo"
65,Master Room in 508A Yishun Avenue 4,$498/mo
66,Room in 758 Yishun Street 72,"$1,100/mo"
67,Room in 610 Yishun Street 61,"$1,200/mo"
68,Common Room in 788 Yishun Avenue 2,$900/mo
69,Common Room in 410 Yishun Ring Road,$850/mo
70,Common Room in 674A Yishun Avenue 4,$900/mo
71,Common Room in 410 Yishun Ring Road,$850/mo
72,Common Room in The Springside,"$1,200/mo"
73,Common Room in North Park Residences,"$1,650/mo"
74,Common Room in 114 Yishun Ring Road,$600/mo
75,Master Room in 124 Yishun Street 11,"$1,200/mo"
76,Common Room in 430A Yishun Avenue 11,$800/mo
77,Common Room in 331 Yishun Ring Road,$850/mo
78,Common Room in 346 Yishun Avenue 11,$500/mo
79,Common Room in 671B Yishun Avenue 4,$900/mo
80,Master Room in 315A Yishun Avenue 9,"$1,200/mo"
81,Common Room in 123 Yishun Street 11,$700/mo
82,Common Room in 145 Yishun Street 11,$750/mo
83,Room in North Park Residences,"$2,000/mo"
84,Master Room in 342B Yishun Ring Road,"$1,000/mo"
85,Common Room in 720 Yishun Street 71,$700/mo
86,Common Room in 423 Yishun Avenue 11,$800/mo
87,Master Room in 219 Yishun Street 21,"$1,200/mo"
88,Room in 342B Yishun Ring Road,"$1,000/mo"
89,Master Room in 350 Yishun Avenue 11,"$1,600/mo"
90,Room in North Park Residences,"$3,500/mo"
91,Common Room in 751 Yishun Street 72,"$1,058/mo"
92,Room in 346 Yishun Avenue 11,$850/mo
93,Room in 706 Yishun Avenue 5,$850/mo
94,Room in 120 Yishun Ring Road,$850/mo
95,Common Room in 674A Yishun Avenue 4,$900/mo
96,Common Room in 312 Yishun Ring Road,"$1,200/mo"
97,Common Room in 120 Yishun Ring Road,$850/mo
98,Common Room in 424D Yishun Avenue 11,$700/mo
99,Common Room in 231 Yishun Street 21,"$1,200/mo"
100,Room in 439 Yishun Avenue 11,$900/mo
101,Master Room in The Shaughnessy,"$1,500/mo"
102,Common Room in 442 Yishun Avenue 11,$800/mo
103,Common Room in 425 Yishun Avenue 11,"$1,000/mo"
104,Room in 115A Yishun Ring Road,$900/mo
105,Common Room in 676B Yishun Ring Road,$800/mo
106,Common Room in 218 Yishun Street 21,$950/mo
107,Master Room in 350 Yishun Avenue 11,"$1,800/mo"
108,Common Room in 757 Yishun Street 72,"$1,200/mo"
109,Common Room in 427 Yishun Avenue 11,"$1,100/mo"
110,Common Room in 360 Yishun Ring Road,"$1,400/mo"
111,Master Room in The Springside,"$1,388/mo"
112,Common Room in 424D Yishun Avenue 11,"$1,300/mo"
113,Common Room in 671B Yishun Avenue 4,$900/mo
114,Common Room in 115 Yishun Ring Road,$800/mo
115,Common Room in 150 Yishun Street 11,$800/mo
116,Common Room in Lilydale,"$1,588/mo"
117,Room in 671B Yishun Avenue 4,$900/mo
118,Room in 731 Yishun Street 72,"$2,100/mo"
119,Room in 716 Yishun Street 71,"$1,400/mo"
120,Room in 309 Yishun Ring Road,"$1,100/mo"
121,Room in 362 Yishun Ring Road,$650/mo
122,Room in 120 Yishun Ring Road,$850/mo
123,Master Room in 350 Yishun Avenue 11,"$1,800/mo"
124,Common Room in 426B Yishun Avenue 11,$900/mo
125,Room in 706 Yishun Avenue 5,"$1,600/mo"
126,Common Room in 706 Yishun Avenue 5,$400/mo
127,Master Room in 115A Yishun Ring Road,"$1,200/mo"
128,Common Room in North Park Residences,"$2,500/mo"
129,Common Room in 652 Yishun Avenue 4,$900/mo
130,Common Room in 423 Yishun Avenue 11,$950/mo
131,Master Room in 707 Yishun Avenue 5,"$1,400/mo"
132,Common Room in 101 Yishun Avenue 5,"$1,050/mo"
133,Common Room in 459 Yishun Avenue 11,$800/mo
134,Room in The Springside,"$1,900/mo"
135,Common Room in The Canopy,"$1,300/mo"
136,Room in North Park Residences,"$2,500/mo"
137,Room in 926 Yishun Central 1,$950/mo
138,Common Room in 704 Yishun Avenue 5,"$1,200/mo"
139,Common Room in 134 Yishun Street 11,"$1,300/mo"
140,Common Room in Sembawang Park,$900/mo
141,Room in 125 Yishun Street 11,$850/mo
142,Common Room in 120 Yishun Ring Road,$900/mo
143,Room in 302 Yishun Central,"$1,100/mo"
144,Room in 303 Yishun Central,"$1,200/mo"
145,Room in 407 Yishun Avenue 6,"$1,000/mo"
