,Property,Price
0,Common Room in Gardenvista,"$2,000/mo"
1,Master Room in Sherwood Towers / Bukit Timah Plaza,"$1,700/mo"
2,Common Room in 6 Toh Yi Drive,$980/mo
3,Common Room in Gardenvista,"$2,100/mo"
4,Common Room in Sherwood Towers / Bukit Timah Plaza,"$1,800/mo"
5,Master Room in Mayfair Modern,"$2,500/mo"
6,Common Room in Sherwood Towers / Bukit Timah Plaza,"$1,600/mo"
7,Master Room in Springdale Condominium,"$1,800/mo"
8,Common Room in Southaven II,"$1,200/mo"
9,Common Room in Springdale Condominium,"$1,550/mo"
10,Common Room in 5 Toh Yi Drive,"$1,000/mo"
11,Master Room in Springdale Condominium,"$1,600/mo"
12,Common Room in Mandarin Park,"$1,500/mo"
13,Common Room in Cheng Soon Garden,"$1,500/mo"
14,Master Room in Sixth Avenue Centre,"$1,600/mo"
15,Common Room in 2 Toh Yi Drive,"$1,200/mo"
16,Common Room in 14 Toh Yi Drive,$950/mo
17,Master Room in Springdale Condominium,"$1,600/mo"
18,Common Room in Pandan Valley,"$1,300/mo"
19,Master Room in Dynasty Garden,"$2,000/mo"
20,Common Room in Beauty World Plaza,"$1,200/mo"
21,Common Room in Turf Club Road,"$6,500/mo"
22,Room in Signature Park,"$1,500/mo"
23,Room in 13 Toh Yi Drive,"$1,800/mo"
24,Common Room in Ming Teck Park,"$2,200/mo"
25,Master Room in Orchid Apartments,"$1,200/mo"
26,Common Room in Le Wood,"$1,500/mo"
27,Common Room in Springdale Condominium,$920/mo
28,Master Room in Daintree Residence,"$2,200/mo"
29,Master Room in Dynasty Garden,"$2,000/mo"
30,Common Room in The Creek @ Bukit,"$1,800/mo"
31,Master Room in The Hillford,"$2,500/mo"
32,Common Room in Dynasty Garden,"$2,500/mo"
33,Master Room in Dynasty Garden,"$2,000/mo"
34,Common Room in Daintree Residence,"$2,200/mo"
