,Property,Price
0,Common Room in 617 Hougang Avenue 8,$930/mo
1,Common Room in Fortune Park,"$1,280/mo"
2,Common Room in Fortune Park,"$1,350/mo"
3,Common Room in 250 Hougang Avenue 3,"$1,000/mo"
4,Common Room in Kovan Melody,"$1,200/mo"
5,Common Room in Glasgow Road,"$1,200/mo"
6,Common Room in Parry Park,"$1,600/mo"
7,Room in 126 Hougang Avenue 1,$800/mo
8,Master Room in Kovan Melody,"$1,900/mo"
9,Room in Kovan Melody,"$1,900/mo"
10,Room in Primo Residences,"$2,000/mo"
11,Room in Kovan Melody,"$1,900/mo"
12,Master Room in Fortune Park,"$1,399/mo"
13,Common Room in Fortune Park,"$1,499/mo"
14,Common Room in 22 Hougang Avenue 3,$400/mo
15,Common Room in 39 Flower Road,"$1,300/mo"
16,Common Room in Bliss @ Kovan,"$1,500/mo"
17,Master Room in Tampines Road,"$2,500/mo"
18,Common Room in Fortune Park,"$2,200/mo"
19,Common Room in 374 Hougang Street 31,"$1,100/mo"
20,Master Room in Kovan Residences,"$2,200/mo"
21,Common Room in 101 Hougang Avenue 1,$550/mo
22,Master Room in 22 Hougang Avenue 3,$400/mo
23,Common Room in Charlton 18,"$1,850/mo"
24,Common Room in Kovan Residences,"$1,800/mo"
25,Common Room in 240 Hougang Street 22,"$1,100/mo"
26,Master Room in Upper Serangoon Road,"$2,600/mo"
27,Room in 711 Hougang Avenue 2,$900/mo
28,Common Room in Kovan Road,"$1,300/mo"
29,Room in 709 Hougang Avenue 2,"$1,200/mo"
30,Common Room in The Top Residence,"$1,800/mo"
31,Master Room in Spazio @ Kovan,"$2,000/mo"
32,Master Room in Lowland View,"$2,200/mo"
33,Common Room in 705 Hougang Avenue 2,$950/mo
34,Room in Trilive,"$2,500/mo"
35,Room in 708 Hougang Avenue 2,"$1,400/mo"
36,Master Room in Highland Close,"$2,000/mo"
37,Room in 15 Hougang Avenue 3,$980/mo
38,Common Room in Parc Vera,"$1,300/mo"
39,Common Room in Raya Garden,"$1,500/mo"
40,Master Room in The Garden Residences,"$1,800/mo"
41,Common Room in 208 Serangoon Central,$800/mo
42,Common Room in 204 Serangoon Central,"$1,100/mo"
43,Common Room in 108 Serangoon North Avenue 1,$850/mo
44,Common Room in 613 Hougang Avenue 8,$950/mo
45,Common Room in 301 Hougang Avenue 5,$979/mo
46,Master Room in 520 Hougang Avenue 6,"$3,398/mo"
47,Master Room in Forest Woods,"$2,300/mo"
48,Common Room in 424 Hougang Avenue 6,$750/mo
49,Common Room in 507 Serangoon North Avenue 4,$950/mo
50,Common Room in 419 Serangoon Central,$900/mo
51,Common Room in 641 Hougang Avenue 8,$800/mo
52,Common Room in 332 Hougang Avenue 5,"$1,200/mo"
53,Common Room in 637 Hougang Avenue 8,$700/mo
54,Master Room in Silver Hill,"$2,000/mo"
55,Master Room in Evergreen Park,"$1,500/mo"
56,Common Room in The Garden Residences,"$1,800/mo"
57,Master Room in 174B Hougang Avenue 1,"$1,500/mo"
58,Master Room in Classical Terrace,"$1,900/mo"
59,Common Room in 220 Serangoon Avenue 4,"$1,000/mo"
60,Master Room in Kensington Park Condominium,"$1,770/mo"
61,Common Room in 321 Hougang Avenue 5,"$1,300/mo"
62,Common Room in 222 Serangoon Avenue 4,"$1,200/mo"
63,Common Room in 218 Serangoon Avenue 4,$900/mo
64,Common Room in 127 Serangoon North Avenue 1,$950/mo
65,Common Room in Parry Green,"$1,900/mo"
66,Common Room in 627 Hougang Avenue 8,"$1,450/mo"
67,Master Room in 535A Serangoon North Avenue 4,$950/mo
68,Master Room in 3 Lorong Lew Lian,"$1,350/mo"
69,Room in 233 Serangoon Avenue 3,"$1,500/mo"
70,Common Room in 528 Serangoon North Avenue 4,$850/mo
71,Common Room in 144 Serangoon North Avenue 1,"$1,000/mo"
72,Room in 920 Hougang Street 91,"$1,200/mo"
73,Common Room in 603 Hougang Avenue 4,"$1,100/mo"
74,Master Room in Hundred Palms Residences,"$1,800/mo"
75,Room in 528 Serangoon North Avenue 4,$850/mo
76,Common Room in 942 Hougang Street 92,$900/mo
77,Common Room in Regentville,"$1,100/mo"
78,Common Room in 928 Hougang Street 91,"$1,200/mo"
79,Master Room in 153 Serangoon North Avenue 1,"$2,300/mo"
80,Common Room in 419 Serangoon Central,$900/mo
81,Common Room in 678 Hougang Avenue 8,$900/mo
82,Room in 210 Serangoon Central,"$1,200/mo"
83,Master Room in 108 Hougang Avenue 1,"$1,200/mo"
84,Master Room in Silver Hill,"$2,000/mo"
85,Common Room in The Garden Residences,"$1,400/mo"
86,Common Room in 632 Hougang Avenue 8,$350/mo
87,Common Room in 111 Serangoon North Avenue 1,$900/mo
88,Room in 832 Hougang Central,$900/mo
89,Room in 515 Hougang Avenue 10,"$1,088/mo"
90,Room in 327 Hougang Avenue 5,"$1,000/mo"
91,Room in 153 Serangoon North Avenue 1,"$2,400/mo"
92,Common Room in 425 Serangoon Avenue 1,"$1,000/mo"
93,Common Room in 222 Serangoon Avenue 4,$800/mo
94,Master Room in 108 Hougang Avenue 1,"$1,200/mo"
95,Common Room in 630 Hougang Avenue 8,$950/mo
96,Master Room in 914 Hougang Street 91,"$1,400/mo"
97,Master Room in 603 Hougang Avenue 4,"$1,000/mo"
98,Common Room in 627 Hougang Avenue 8,"$1,450/mo"
99,Master Room in Classical Terrace,"$2,000/mo"
100,Common Room in Evergreen Park,"$1,000/mo"
101,Master Room in 570 Hougang Street 51,$950/mo
102,Common Room in Evergreen Park,"$1,150/mo"
103,Common Room in Regentville,"$1,100/mo"
104,Common Room in 326 Hougang Avenue 7,$850/mo
105,Common Room in 306 Hougang Avenue 5,"$1,000/mo"
106,Common Room in 671 Hougang Avenue 8,$900/mo
107,Common Room in 216 Serangoon Avenue 4,"$1,000/mo"
108,Common Room in 516 Hougang Avenue 10,$800/mo
109,Common Room in Regentville,"$1,250/mo"
110,Room in 914 Hougang Street 91,"$1,000/mo"
111,Common Room in Regentville,"$1,000/mo"
112,Master Room in 124 Serangoon North Avenue 1,"$1,300/mo"
113,Master Room in Lim Tua Tow Road,"$2,100/mo"
114,Master Room in 236 Serangoon Avenue 3,"$1,500/mo"
115,Common Room in 832 Hougang Central,$900/mo
116,Common Room in 141 Serangoon North Avenue 2,$800/mo
117,Common Room in Regentville,"$1,000/mo"
118,Master Room in Fengli Gardens,"$1,600/mo"
119,Common Room in 635 Hougang Avenue 8,$900/mo
120,Common Room in 328 Hougang Avenue 5,$900/mo
121,Common Room in 531 Serangoon North Avenue 4,"$1,000/mo"
122,Room in 678 Hougang Avenue 8,"$1,600/mo"
123,Common Room in Kensington Park Condominium,"$1,870/mo"
124,Master Room in Kensington Park Condominium,"$1,670/mo"
125,Room in Joon Hiang Road,"$1,200/mo"
126,Master Room in 674 Hougang Avenue 8,"$1,200/mo"
127,Master Room in 524 Hougang Avenue 6,"$2,200/mo"
128,Common Room in 201 Serangoon Central,"$1,300/mo"
129,Common Room in 950 Hougang Street 91,$950/mo
130,Common Room in Rosalia Park,"$1,500/mo"
131,Common Room in 922 Hougang Street 91,$850/mo
132,Room in 316 Hougang Avenue 7,"$1,150/mo"
133,Room in 627 Hougang Avenue 8,"$1,300/mo"
134,Room in Joon Hiang Road,"$1,400/mo"
135,Common Room in Cherryhill,"$1,500/mo"
136,Common Room in 155 Hougang Street 11,$800/mo
137,Room in 153 Serangoon North Avenue 1,"$2,700/mo"
138,Common Room in 332 Hougang Avenue 5,$850/mo
139,Room in Upper Serangoon Shopping Centre,"$1,200/mo"
140,Common Room in 306 Hougang Avenue 5,"$1,000/mo"
141,Common Room in 671 Hougang Avenue 8,$900/mo
142,Master Room in 524 Hougang Avenue 6,"$2,200/mo"
143,Master Room in 153 Serangoon North Avenue 1,"$2,300/mo"
144,Room in 637 Hougang Avenue 8,$980/mo
145,Common Room in 145 Serangoon North Avenue 1,"$1,400/mo"
146,Room in 341 Hougang Avenue 7,$950/mo
147,Common Room in 116 Serangoon North Avenue 1,"$1,000/mo"
148,Common Room in 135 Lorong Ah Soo,$900/mo
149,Master Room in 229 Serangoon Avenue 4,"$1,188/mo"
150,Master Room in 123 Serangoon North Avenue 1,"$1,500/mo"
151,Common Room in The Garden Residences,"$1,500/mo"
152,Common Room in 626 Hougang Avenue 8,$800/mo
153,Common Room in 153 Serangoon North Avenue 1,"$2,700/mo"
154,Common Room in 678 Hougang Avenue 8,"$1,000/mo"
155,Room in 108 Hougang Avenue 1,"$1,300/mo"
156,Master Room in 501 Serangoon North Avenue 4,$950/mo
157,Common Room in Cambio Suites,"$1,900/mo"
158,Common Room in Evergreen Park,"$1,088/mo"
159,Common Room in 263 Serangoon Central Drive,$850/mo
160,Common Room in 222 Serangoon Avenue 4,"$1,000/mo"
161,Common Room in 507 Serangoon North Avenue 4,$950/mo
162,Common Room in 676 Hougang Avenue 8,$950/mo
163,Master Room in Regentville,$999/mo
164,Room in Yio Chu Kang Terrace,"$2,400/mo"
165,Common Room in 630 Hougang Avenue 8,$800/mo
166,Common Room in 603 Hougang Avenue 4,"$1,200/mo"
167,Room in 311 Hougang Avenue 5,$550/mo
168,Room in Regentville,"$1,100/mo"
169,Room in Regentville,"$1,299/mo"
170,Room in 836 Hougang Central,"$2,200/mo"
171,,
172,,
173,,
174,,
