,Property,Price
0,Common Room in 171 Woodlands Street 11,$900/mo
1,Master Room in 412 Woodlands Street 41,"$1,300/mo"
2,Common Room in 173 Woodlands Street 13,$900/mo
3,Master Room in 437 Woodlands Street 41,$899/mo
4,Common Room in 165 Woodlands Street 13,$800/mo
5,Common Room in 318 Woodlands Street 31,$800/mo
6,Room in 429 Woodlands Street 41,"$1,400/mo"
7,Common Room in 409 Woodlands Street 41,$650/mo
8,Common Room in 425 Woodlands Street 41,"$1,100/mo"
9,Common Room in 151 Woodlands Street 13,$500/mo
10,Common Room in 314 Woodlands Street 31,"$1,100/mo"
11,Common Room in 313 Woodlands Street 31,"$1,400/mo"
12,Room in 149 Woodlands Street 13,"$1,400/mo"
13,Common Room in 415 Woodlands Street 41,$950/mo
14,Common Room in 415 Woodlands Street 41,"$1,050/mo"
15,Common Room in 171 Woodlands Street 11,$950/mo
16,Room in 409 Woodlands Street 41,$800/mo
