,Property,Price
0,Common Room in 414B Fernvale Link,"$1,000/mo"
1,Master Room in 313D Anchorvale Road,"$1,200/mo"
2,Common Room in 468B Fernvale Link,$850/mo
3,Common Room in 469B Sengkang West Way,$700/mo
4,Common Room in 311D Anchorvale Lane,$900/mo
5,Common Room in 470B Fernvale Link,$850/mo
6,Common Room in 331C Anchorvale Street,$900/mo
7,Common Room in Rivertrees Residences,"$1,100/mo"
8,Room in 334B Anchorvale Crescent,"$1,800/mo"
9,Common Room in 430B Fernvale Link,$900/mo
10,Common Room in Lush Acres,"$1,000/mo"
11,Common Room in H2O Residences,"$1,350/mo"
12,Master Room in 351A Anchorvale Road,"$1,600/mo"
13,Room in High Park Residences,"$1,300/mo"
14,Room in 470B Fernvale Link,$850/mo
15,Common Room in 440C Fernvale Link,"$1,050/mo"
16,Room in 351A Anchorvale Road,"$1,800/mo"
17,Common Room in 334B Anchorvale Crescent,"$1,500/mo"
18,Common Room in 434A Fernvale Road,$950/mo
19,Room in 453D Fernvale Road,$980/mo
20,Common Room in Seletar Hills Estate,$950/mo
21,Common Room in 302B Anchorvale Link,"$1,500/mo"
22,Common Room in 216A Compassvale Drive,"$1,100/mo"
23,Master Room in Bellewaters,"$1,500/mo"
24,Common Room in 308C Anchorvale Road,"$1,000/mo"
25,Common Room in 409A Fernvale Road,$800/mo
26,Common Room in 256D Sumang Walk,$900/mo
27,Master Room in 448A Sengkang West Way,"$1,300/mo"
28,Common Room in 266C Punggol Way,"$1,200/mo"
29,Master Room in Compass Heights,"$1,850/mo"
30,Master Room in The Topiary,"$1,100/mo"
31,Common Room in Compass Heights,"$1,200/mo"
32,Common Room in 293C Compassvale Crescent,"$1,100/mo"
33,Common Room in The Topiary,"$1,100/mo"
34,Common Room in The Topiary,"$1,000/mo"
35,Common Room in 412B Fernvale Link,"$1,150/mo"
36,Common Room in 281B Sengkang East Avenue,"$1,200/mo"
37,Master Room in Twin Waterfalls,"$1,500/mo"
38,Common Room in 213A Punggol Walk,"$1,000/mo"
39,Room in Compass Heights,"$1,300/mo"
40,Common Room in 261B Punggol Way,$800/mo
41,Common Room in The Vales,"$1,600/mo"
42,Common Room in The Topiary,"$1,200/mo"
43,Common Room in 286C Compassvale Crescent,"$1,500/mo"
44,Master Room in Compass Heights,"$1,200/mo"
45,Common Room in 216B Compassvale Drive,"$1,200/mo"
46,Common Room in 216B Compassvale Drive,"$1,200/mo"
47,Common Room in 217B Sumang Walk,$850/mo
48,Room in 306C Anchorvale Link,"$1,000/mo"
49,Room in 203B Compassvale Road,$850/mo
50,Room in 258D Compassvale Road,"$1,500/mo"
51,Master Room in 325B Sengkang East Way,"$1,500/mo"
52,Common Room in 322A Anchorvale Drive,$900/mo
53,Common Room in 201A Compassvale Drive,$850/mo
54,Common Room in 320B Anchorvale Drive,$900/mo
55,Common Room in The Topiary,"$2,300/mo"
56,Master Room in 410A Fernvale Road,"$1,800/mo"
57,Common Room in The Gardens At Gerald,$600/mo
58,Master Room in 406B Fernvale Road,"$1,000/mo"
59,Common Room in 305B Anchorvale Link,$850/mo
60,Common Room in 216A Compassvale Drive,"$1,100/mo"
61,Common Room in 292A Compassvale Street,"$1,200/mo"
62,Master Room in 256D Sumang Walk,$900/mo
63,Common Room in Treasure Crest,$600/mo
64,Common Room in 319A Anchorvale Drive,$900/mo
65,Common Room in La Fiesta,"$1,888/mo"
66,Master Room in 332B Anchorvale Link,"$2,200/mo"
67,Common Room in Bellewaters,"$1,200/mo"
68,Common Room in 322B Anchorvale Drive,"$1,100/mo"
69,Room in 261A Sengkang East Way,"$1,100/mo"
70,Common Room in Compass Heights,"$1,400/mo"
71,Master Room in The Topiary,"$1,100/mo"
72,Room in 981C Buangkok Crescent,"$1,300/mo"
73,Common Room in 203B Compassvale Road,"$1,800/mo"
74,Common Room in 441B Fernvale Road,$950/mo
75,Room in La Fiesta,"$3,688/mo"
76,Common Room in 261D Sengkang East Way,"$1,000/mo"
77,Common Room in 322A Anchorvale Drive,"$1,200/mo"
78,Master Room in 303B Anchorvale Link,"$1,100/mo"
79,Common Room in 322A Anchorvale Drive,$850/mo
80,Common Room in 319B Anchorvale Drive,$600/mo
81,Common Room in 228B Punggol Field,$800/mo
82,Common Room in 220C Sumang Lane,$900/mo
83,Master Room in 302A Anchorvale Link,"$1,600/mo"
84,Common Room in Ecopolitan,"$1,800/mo"
85,Room in 448A Sengkang West Way,$900/mo
86,Common Room in 256B Sumang Walk,$900/mo
87,Common Room in Compass Heights,"$1,300/mo"
88,Room in The Topiary,"$2,450/mo"
89,Common Room in The Vales,"$1,600/mo"
90,Room in The Topiary,"$2,450/mo"
91,Room in Twin Waterfalls,"$1,300/mo"
92,Common Room in 445B Fernvale Road,"$1,000/mo"
93,Master Room in Twin Waterfalls,"$1,250/mo"
94,Common Room in Treasure Crest,"$1,200/mo"
95,Master Room in 228B Punggol Field,"$1,500/mo"
96,Room in 303B Anchorvale Link,$800/mo
97,Common Room in 302C Anchorvale Link,$800/mo
98,Room in 216A Compassvale Drive,"$1,100/mo"
99,Common Room in 313B Anchorvale Road,$990/mo
100,Common Room in 446C Jalan Kayu,$900/mo
101,Common Room in 981C Buangkok Crescent,$800/mo
102,Common Room in The Vales,"$1,000/mo"
