,Property,Price
0,Master Room in 62 Telok Blangah Heights,"$1,800/mo"
1,Common Room in 51 Telok Blangah Drive,$700/mo
2,Room in 84 Telok Blangah Heights,"$1,500/mo"
3,Common Room in 80A Telok Blangah Street 31,"$1,250/mo"
4,Room in 80A Telok Blangah Street 31,"$1,200/mo"
5,Common Room in 93B Telok Blangah Street 31,"$1,200/mo"
6,Room in 80A Telok Blangah Street 31,"$1,200/mo"
7,Room in 80A Telok Blangah Street 31,"$1,200/mo"
8,Room in 93B Telok Blangah Street 31,"$1,500/mo"
9,Master Room in 31 Telok Blangah Rise,"$2,200/mo"
10,Common Room in The Anchorage,"$1,500/mo"
11,Master Room in The Interlace,"$4,000/mo"
12,Common Room in 25 Telok Blangah Crescent,"$1,500/mo"
13,Master Room in 161 Bukit Merah Central,"$2,100/mo"
14,Common Room in Queensway Shopping Centre/Queensway Tower,"$1,380/mo"
15,Common Room in 167 Stirling Road,$980/mo
16,Master Room in Reflections At Keppel Bay,"$3,600/mo"
17,Common Room in 125 Bukit Merah Lane 1,"$1,500/mo"
18,Room in 125 Bukit Merah Lane 1,"$1,500/mo"
19,Common Room in Queensway Shopping Centre/Queensway Tower,"$1,380/mo"
20,Common Room in Queensway Shopping Centre/Queensway Tower,"$1,380/mo"
21,Room in Mendon Spring,"$1,500/mo"
22,Room in Queensway Shopping Centre/Queensway Tower,"$1,380/mo"
23,Master Room in 25 Telok Blangah Crescent,"$2,000/mo"
24,Common Room in 47 Lengkok Bahru,$800/mo
25,Common Room in Fragrance Court,"$1,580/mo"
26,Common Room in 9 Jalan Rumah Tinggi,"$1,400/mo"
27,Common Room in 168 Stirling Road,"$1,100/mo"
28,Common Room in 2 Jalan Bukit Merah,"$1,000/mo"
29,Common Room in 38 Jalan Rumah Tinggi,"$1,100/mo"
30,Room in Wishart Road,"$1,600/mo"
31,Room in 2 Jalan Bukit Merah,$700/mo
32,Master Room in Pasir Panjang Road,"$2,400/mo"
33,Room in 161 Bukit Merah Central,"$1,900/mo"
34,Common Room in 115 Bukit Merah Central,"$1,200/mo"
35,Room in 116 Bukit Merah Central,"$1,150/mo"
36,Room in 167 Stirling Road,"$1,400/mo"
