,Property,Price
0,Common Room in 336 Tah Ching Road,$950/mo
1,Common Room in Parc Vista,"$1,450/mo"
2,Common Room in Lakepoint Condominium,"$1,300/mo"
3,Common Room in 352 Kang Ching Road,$800/mo
4,Master Room in Lakepoint Condominium,"$2,050/mo"
5,Common Room in Lakepoint Condominium,"$1,450/mo"
6,Common Room in Lakepoint Condominium,"$1,250/mo"
7,Common Room in Parc Vista,"$1,450/mo"
8,Common Room in 210 Boon Lay Place,$850/mo
9,Common Room in 348 Kang Ching Road,"$1,000/mo"
10,Master Room in Lakeville,"$2,000/mo"
11,Room in Summerdale,"$1,250/mo"
12,Common Room in 533 Jurong West Street 52,$900/mo
13,Room in The Lakefront Residences,"$1,750/mo"
14,Common Room in Parc Vista,"$1,380/mo"
15,Common Room in 523 Jurong West Street 52,$850/mo
16,Common Room in 365 Corporation Drive,"$1,000/mo"
17,Room in 517C Jurong West Street 52,"$1,100/mo"
18,Common Room in Summerdale,"$1,250/mo"
19,Common Room in 489 Jurong West Avenue 1,"$1,500/mo"
20,Room in Parc Vista,"$1,450/mo"
21,Room in Parc Vista,"$1,450/mo"
22,Room in Parc Vista,"$1,550/mo"
23,Common Room in Parc Vista,"$1,280/mo"
24,Common Room in Lakeside Grove,"$1,250/mo"
25,Room in Parc Vista,"$1,550/mo"
26,Room in Parc Vista,"$1,450/mo"
27,Common Room in 503 Jurong West Avenue 1,"$1,500/mo"
28,Common Room in 425 Jurong West Avenue 1,$850/mo
29,Master Room in 517D Jurong West Street 52,"$1,200/mo"
30,Common Room in Lake Grande,"$1,700/mo"
31,Room in 422 Jurong West Street 42,$900/mo
32,Room in Lakeside Grove,"$1,250/mo"
33,Common Room in 521 Jurong West Street 52,$900/mo
34,Common Room in 458 Jurong West Street 41,"$1,200/mo"
35,Common Room in Lakeside Tower,"$1,200/mo"
36,Common Room in The Lakefront Residences,"$1,450/mo"
37,Room in Parc Vista,"$2,400/mo"
38,Common Room in Lake Grande,"$1,800/mo"
39,Common Room in Lakeside Grove,"$2,000/mo"
40,Common Room in Lakepoint Condominium,"$1,200/mo"
41,Common Room in 542 Jurong West Avenue 1,"$1,300/mo"
42,Common Room in 221 Boon Lay Place,$800/mo
43,Common Room in 352 Kang Ching Road,$800/mo
44,Room in 210 Boon Lay Place,$900/mo
45,Master Room in 361 Yung An Road,"$1,100/mo"
46,Room in Lakepoint Condominium,"$1,300/mo"
47,Common Room in Summerdale,"$1,250/mo"
48,Master Room in 460 Jurong West Street 41,"$1,500/mo"
49,Common Room in 363 Yung An Road,$800/mo
50,Room in Lakeholmz,"$1,450/mo"
51,Room in 206 Boon Lay Drive,$850/mo
52,Room in 436 Jurong West Avenue 1,"$1,000/mo"
53,Common Room in Summerdale,"$1,175/mo"
54,Common Room in 365 Corporation Drive,"$1,000/mo"
55,Room in 321 Tah Ching Road,$850/mo
56,Common Room in 457 Jurong West Street 41,$800/mo
57,Common Room in Summerdale,"$1,450/mo"
58,Common Room in Summerdale,"$1,300/mo"
59,Common Room in Summerdale,"$1,450/mo"
60,Room in Summerdale,"$1,550/mo"
61,Common Room in The Lakefront Residences,"$1,200/mo"
62,Common Room in 207 Boon Lay Place,"$1,700/mo"
63,Room in 523 Jurong West Street 52,$850/mo
64,Room in The Lakeshore,"$1,700/mo"
65,Common Room in Corporation Road,"$1,650/mo"
66,Room in The Lakefront Residences,"$1,300/mo"
67,Common Room in The Lakeshore,"$1,300/mo"
68,Room in 472 Jurong West Street 41,"$2,500/mo"
69,Room in 338A Tah Ching Road,"$1,200/mo"
70,Common Room in 204 Boon Lay Drive,"$1,300/mo"
71,Common Room in Lakepoint Condominium,"$1,300/mo"
72,Common Room in 352 Kang Ching Road,$800/mo
73,Room in 361 Yung An Road,"$1,500/mo"
74,Master Room in Parc Oasis,"$2,300/mo"
75,Master Room in Ivory Heights,"$1,500/mo"
76,Master Room in 679B Jurong West Central 1,"$2,000/mo"
77,Common Room in 668D Jurong West Street 64,$850/mo
78,Common Room in 339 Jurong East Avenue 1,"$1,000/mo"
79,Common Room in 185 Boon Lay Avenue,$500/mo
80,Common Room in 309 Jurong East Street 32,"$1,100/mo"
81,Common Room in The Mayfair,"$1,300/mo"
82,Common Room in 140A Corporation Drive,$900/mo
83,Common Room in 550 Jurong West Street 42,$700/mo
84,Common Room in 332 Jurong East Avenue 1,"$1,000/mo"
85,Common Room in 113 Jurong East Street 13,$800/mo
86,Common Room in 307 Jurong East Street 32,$900/mo
87,Common Room in 307 Jurong East Street 32,$900/mo
88,Common Room in 679C Jurong West Central 1,"$1,000/mo"
89,Common Room in Parc Oasis,"$1,300/mo"
90,Master Room in Lake Life,"$1,500/mo"
91,Common Room in 301 Jurong East Street 32,"$1,000/mo"
92,Common Room in 314 Jurong East Street 32,"$1,000/mo"
93,Master Room in Ivory Heights,"$2,000/mo"
94,Master Room in 555 Jurong West Street 42,"$1,350/mo"
95,Common Room in 307 Jurong East Street 32,$900/mo
96,Common Room in 339 Jurong East Avenue 1,$750/mo
97,Common Room in 183D Boon Lay Avenue,$950/mo
98,Master Room in 272B Jurong West Street 24,"$1,200/mo"
99,Common Room in 116 Jurong East Street 13,"$1,000/mo"
100,Master Room in 85 SOHO @ Boon Lay,"$1,700/mo"
101,Master Room in Ivory Heights,"$1,800/mo"
102,Master Room in Ivory Heights,"$1,400/mo"
103,Room in 698A Jurong West Central 3,"$1,000/mo"
104,Room in 693 Jurong West Central 1,$900/mo
105,Common Room in The Mayfair,"$1,250/mo"
106,Common Room in 669A Jurong West Street 64,"$1,000/mo"
107,Common Room in Parc Oasis,"$1,450/mo"
108,Common Room in Ivory Heights,"$1,050/mo"
109,Common Room in The Mayfair,"$1,300/mo"
110,Common Room in 419 Jurong West Street 42,$800/mo
111,Master Room in 303 Jurong East Street 32,"$1,300/mo"
112,Room in Parc Oasis,"$1,400/mo"
113,Common Room in The Mayfair,"$1,300/mo"
114,Common Room in 339 Jurong East Avenue 1,$750/mo
115,Room in 140A Corporation Drive,"$1,200/mo"
116,Common Room in Ivory Heights,"$1,300/mo"
117,Common Room in 309 Jurong East Street 32,"$1,100/mo"
118,Common Room in The Mayfair,"$1,300/mo"
119,Common Room in Parc Oasis,"$1,600/mo"
120,Common Room in 113 Jurong East Street 13,"$1,200/mo"
121,Common Room in 339 Jurong East Avenue 1,$800/mo
122,Common Room in 301 Jurong East Street 32,"$1,200/mo"
123,Common Room in 216B Boon Lay Avenue,$850/mo
124,Common Room in 402 Jurong West Street 42,$900/mo
125,Common Room in Parc Oasis,"$1,400/mo"
126,Common Room in 339 Jurong East Avenue 1,$650/mo
127,Common Room in 668C Jurong West Street 64,"$1,400/mo"
128,Common Room in 409 Jurong West Street 42,$900/mo
129,Master Room in Ivory Heights,"$1,750/mo"
130,Common Room in 561A Jurong West Street 42,$950/mo
131,Master Room in Parc Oasis,"$1,500/mo"
132,Common Room in 409 Jurong West Street 42,"$1,350/mo"
133,Common Room in 113 Jurong East Street 13,$800/mo
134,Common Room in 332 Jurong East Avenue 1,"$1,200/mo"
135,Common Room in The Mayfair,"$1,250/mo"
136,Master Room in Parc Oasis,"$2,100/mo"
137,Master Room in Parc Oasis,"$2,000/mo"
138,Common Room in Westmere,"$1,550/mo"
139,Common Room in 152 Yung Ho Road,$450/mo
140,Master Room in 85 SOHO @ Boon Lay,"$2,500/mo"
141,Master Room in Parc Oasis,"$2,100/mo"
142,Common Room in 688 Jurong West Central 1,"$1,250/mo"
143,Common Room in 174 Boon Lay Drive,$800/mo
144,Common Room in 417 Jurong West Street 42,$850/mo
145,Room in 85 SOHO @ Boon Lay,"$2,200/mo"
146,Room in 114 Ho Ching Road,"$1,000/mo"
147,Room in 257 Jurong East Street 24,$450/mo
148,Common Room in 108 Jurong East Street 13,"$1,100/mo"
149,Common Room in 327 Jurong East Street 31,"$1,000/mo"
150,Master Room in Ivory Heights,"$1,300/mo"
151,Common Room in Parc Oasis,"$1,300/mo"
152,Common Room in 257 Jurong East Street 24,$800/mo
153,Common Room in Parc Oasis,"$1,500/mo"
154,Common Room in Parc Oasis,"$1,410/mo"
155,Room in 414 Jurong West Street 42,$800/mo
156,Room in The Mayfair,"$1,770/mo"
157,Master Room in Westmere,"$1,350/mo"
158,Room in 85 SOHO @ Boon Lay,"$2,200/mo"
159,Common Room in 690 Jurong West Central 1,$800/mo
160,Master Room in The Centris,"$1,700/mo"
161,Master Room in Parc Oasis,"$1,580/mo"
162,Room in 216 Jurong East Street 21,"$1,000/mo"
163,Master Room in 226 Jurong East Street 21,"$1,400/mo"
164,Common Room in Parc Oasis,"$1,460/mo"
165,Common Room in Parc Oasis,"$1,400/mo"
166,Common Room in 303 Jurong East Street 32,"$1,000/mo"
167,Common Room in The Mayfair,"$1,770/mo"
168,Room in Westmere,"$2,000/mo"
169,Common Room in 339 Jurong East Avenue 1,$650/mo
170,Common Room in 339 Jurong East Avenue 1,$750/mo
171,Common Room in 339 Jurong East Avenue 1,$650/mo
172,Common Room in 161 Yung Ping Road,"$1,300/mo"
173,Master Room in 301 Jurong East Street 32,"$1,400/mo"
174,Common Room in 262 Boon Lay Drive,"$1,500/mo"
175,Common Room in The Centris,"$1,580/mo"
176,Room in 676A Jurong West Street 64,"$1,600/mo"
177,Room in 120 Ho Ching Road,"$1,100/mo"
178,Master Room in 561B Jurong West Street 42,"$1,350/mo"
179,Common Room in The Centris,"$1,550/mo"
180,Common Room in 669C Jurong West Street 64,"$1,000/mo"
181,Common Room in 332 Jurong East Avenue 1,$950/mo
182,Common Room in 153 Yung Ho Road,"$1,000/mo"
183,Common Room in 301 Jurong East Street 32,$700/mo
184,Common Room in 339 Jurong East Avenue 1,$400/mo
185,Room in 684 Jurong West Street 64,"$1,000/mo"
186,Master Room in 229 Jurong East Street 21,"$1,800/mo"
187,Common Room in 268 Boon Lay Drive,$900/mo
188,Room in 177 Yung Sheng Road,"$1,500/mo"
189,Room in 419 Jurong West Street 42,$850/mo
190,Common Room in 419 Jurong West Street 42,$800/mo
