,Property,Price
0,Room in Jalan Besar,"$2,940/mo"
1,Master Room in The Plaza,"$3,500/mo"
2,Common Room in The Plaza,"$2,800/mo"
3,Master Room in 813 Jellicoe Road,"$1,500/mo"
4,Common Room in 2 Beach Road,"$1,500/mo"
5,Common Room in 8A Upper Boon Keng Road,"$1,198/mo"
6,Master Room in Studios @ Marne,"$3,500/mo"
7,Common Room in City Square Residences,"$2,200/mo"
8,Room in Kerrisdale,"$1,600/mo"
9,Common Room in City Square Residences,"$2,200/mo"
10,Common Room in Sultan Gate Place,"$1,150/mo"
11,Master Room in Jalan Besar Plaza,"$2,500/mo"
12,Room in 32 Penhas Road,"$1,449/mo"
13,Master Room in 813 Jellicoe Road,"$1,300/mo"
14,Master Room in Kerrisdale,$900/mo
15,Common Room in City Square Residences,"$2,000/mo"
16,Common Room in City Square Residences,"$2,000/mo"
17,Common Room in Citylights,"$2,000/mo"
18,Room in City Square Residences,"$2,600/mo"
19,Room in 32 Penhas Road,"$2,849/mo"
20,Master Room in Kerrisdale,"$2,500/mo"
21,Room in City Square Residences,"$2,600/mo"
22,Room in 466 Crawford Lane,"$1,100/mo"
23,Master Room in Kerrisdale,"$2,000/mo"
24,Common Room in Kerrisdale,"$1,200/mo"
25,Master Room in City Square Residences,"$2,600/mo"
26,Common Room in City Square Residences,"$1,800/mo"
27,Master Room in 95 Lavender Street,"$1,650/mo"
28,Master Room in City Square Residences,"$2,600/mo"
29,Master Room in City Square Residences,"$2,300/mo"
30,Common Room in City Square Residences,"$1,600/mo"
31,Common Room in 813 Jellicoe Road,"$1,500/mo"
32,Room in Kerrisdale,"$2,000/mo"
33,Room in 8B Upper Boon Keng Road,"$1,350/mo"
34,Room in 26 Jalan Berseh,"$1,278/mo"
35,Common Room in 26 Jalan Berseh,"$1,200/mo"
36,Common Room in City Square Residences,"$2,100/mo"
37,Common Room in 8B Upper Boon Keng Road,"$1,400/mo"
38,Common Room in Petain Court,"$1,400/mo"
39,Master Room in Lavender Street,"$2,300/mo"
40,Master Room in Kerrisdale,"$1,700/mo"
41,Room in Studios @ Marne,"$3,500/mo"
42,Common Room in 8A Upper Boon Keng Road,"$1,300/mo"
43,Room in 12 North Bridge Road,"$1,200/mo"
44,Common Room in Kerrisdale,"$1,700/mo"
45,Master Room in 641 Rowell Road,"$2,200/mo"
46,Master Room in City Square Mall,"$2,900/mo"
47,Master Room in Petain Road/Tyrwhitt Road Conservation Area,"$2,500/mo"
48,Common Room in 641 Rowell Road,"$1,700/mo"
49,Common Room in 642 Rowell Road,"$1,400/mo"
50,Common Room in City Square Residences,"$1,600/mo"
51,Common Room in City Square Residences,"$1,700/mo"
52,Master Room in Studios @ Marne,"$3,400/mo"
53,Common Room in Citylights,"$1,950/mo"
54,Room in Studios @ Marne,"$3,400/mo"
55,Room in 813 Jellicoe Road,"$1,500/mo"
56,Room in 48 Bencoolen Street,"$4,333/mo"
57,Room in 12 Queen Street,"$5,000/mo"
58,Common Room in Owen Road,"$2,000/mo"
59,Master Room in Eight Riversuites,"$2,400/mo"
60,Common Room in 11 Farrer Park Road,"$1,400/mo"
61,Master Room in Canne Lodge,"$2,350/mo"
62,Common Room in 3A Upper Boon Keng Road,"$1,000/mo"
63,Common Room in Race Course Road,"$1,500/mo"
64,Master Room in 107 Towner Road,"$2,000/mo"
65,Master Room in 56 Geylang Bahru,"$1,300/mo"
66,Common Room in 5 Saint George's Lane,"$1,200/mo"
67,Master Room in Wing Fong Mansions,"$1,850/mo"
68,Common Room in Wing Fong Court,"$1,250/mo"
69,Master Room in 12 Farrer Park Road,"$2,000/mo"
70,Common Room in 16 Upper Boon Keng Road,"$2,800/mo"
71,Master Room in Peace Centre/Peace Mansion / Peace Centre,"$1,500/mo"
72,Common Room in Peace Centre/Peace Mansion / Peace Centre,"$1,100/mo"
73,Master Room in Accord Apartments,"$1,400/mo"
74,Common Room in 683 Tessensohn Road,"$1,100/mo"
75,Common Room in 49 Whampoa South,$850/mo
76,Master Room in Former Peace Centre/Peace Mansion,"$2,500/mo"
77,Common Room in 122 Mcnair Road,"$1,500/mo"
78,Common Room in 122 Mcnair Road,"$1,500/mo"
79,Common Room in 8 Saint George's Lane,"$1,600/mo"
80,Common Room in Bencoolen House,"$1,600/mo"
81,Common Room in 668 Chander Road,"$2,800/mo"
82,Master Room in Sing Avenue,"$2,500/mo"
83,Common Room in Lorong 9 Geylang,"$1,200/mo"
84,Common Room in Wing Fong Mansions,"$1,000/mo"
85,Master Room in 8 Farrer Suites,"$2,200/mo"
86,Master Room in Serangoon Road,"$3,000/mo"
87,Master Room in Serangoon Road,"$2,400/mo"
88,Common Room in 5 Boon Keng Road,"$1,000/mo"
89,Master Room in 8 Farrer Suites,"$2,300/mo"
90,Common Room in 681 Race Course Road,"$1,100/mo"
91,Room in Uptown @ Farrer,"$3,200/mo"
92,Common Room in 14 Saint George's Road,$500/mo
93,Common Room in Wing Fong Mansions,"$2,000/mo"
94,Master Room in Burlington Square,"$2,500/mo"
95,Common Room in Burlington Square,"$1,900/mo"
96,Common Room in 5 Saint George's Lane,"$1,200/mo"
97,Common Room in Canberlin Lodge,"$1,500/mo"
98,Master Room in Canne Lodge,"$2,008/mo"
99,Room in Duo Residences / Duo Tower,"$4,499/mo"
100,Room in 668 Chander Road,"$1,488/mo"
101,Room in 3C Upper Boon Keng Road,"$1,100/mo"
102,Common Room in 34 Whampoa West,$850/mo
103,Common Room in 52 Kent Road,"$1,500/mo"
104,Common Room in 6 Saint George's Lane,$900/mo
105,Master Room in 8 Farrer Suites,"$2,400/mo"
106,Common Room in Race Course Mansion,"$1,600/mo"
107,Common Room in 56 Geylang Bahru,$550/mo
108,Common Room in 2D Upper Boon Keng Road,"$1,000/mo"
109,Common Room in 232 Bain Street,"$1,418/mo"
110,Master Room in 16 Upper Boon Keng Road,"$2,800/mo"
111,Common Room in The Bencoolen,"$1,950/mo"
112,Common Room in 121 Mcnair Road,"$1,200/mo"
113,Common Room in Little India Conservation Area,"$6,500/mo"
114,Room in 56 Geylang Bahru,$550/mo
115,Room in One Saint Michaels,"$1,600/mo"
116,Common Room in 2D Upper Boon Keng Road,"$1,100/mo"
117,Master Room in 25 Truro Road,"$2,288/mo"
118,Common Room in Wing Fong Mansions,"$1,000/mo"
119,Master Room in Burlington Square,"$2,500/mo"
120,Room in 6 Saint George's Lane,$900/mo
121,Common Room in 12 Farrer Park Road,"$1,500/mo"
122,Common Room in 51 Kent Road,"$1,200/mo"
123,Common Room in Canberlin Lodge,"$1,350/mo"
124,Common Room in 105 Towner Road,"$1,500/mo"
125,Room in Sophia Hills,"$2,400/mo"
126,Master Room in Canne Lodge,"$2,200/mo"
127,Master Room in Water Place,"$7,000/mo"
128,Room in 47 Bendemeer Road,"$1,200/mo"
129,Master Room in Canne Lodge,"$2,200/mo"
130,Common Room in Niven Road,"$1,200/mo"
131,Common Room in Sunshine Plaza,"$1,000/mo"
132,Common Room in Burlington Square,"$1,400/mo"
133,Master Room in 3 Saint George's Road,"$1,200/mo"
134,Room in 269B Queen Street,"$1,400/mo"
135,Common Room in Canne Lodge,"$1,900/mo"
136,Common Room in 2A Upper Boon Keng Road,"$1,400/mo"
137,Master Room in Kentish Lodge,"$2,600/mo"
138,Master Room in Canne Lodge,"$1,800/mo"
139,Room in Goodview Apartments,"$1,800/mo"
140,Common Room in Goodview Apartments,"$1,900/mo"
141,Master Room in Sophia Crest,"$2,400/mo"
142,Master Room in One Saint Michaels,"$2,500/mo"
143,Room in 109 Mcnair Road,$900/mo
144,Common Room in 48A Dorset Road,$950/mo
145,Common Room in Burlington Square,"$1,900/mo"
146,Master Room in Burlington Square,"$2,600/mo"
147,Common Room in 8 Saint George's Lane,"$1,600/mo"
148,Master Room in Wing Fong Court,"$1,850/mo"
149,Room in Kentish Green,$850/mo
150,Master Room in Little India Conservation Area,"$2,000/mo"
151,Common Room in 110 Mcnair Road,"$1,500/mo"
152,Common Room in Canne Lodge,"$1,800/mo"
153,Room in Burlington Square,"$1,800/mo"
154,Common Room in Wilkie Court,"$1,250/mo"
155,Common Room in Burlington Square,"$1,800/mo"
156,Common Room in Canberlin Lodge,"$1,300/mo"
157,Master Room in Burlington Square,"$2,600/mo"
158,Master Room in Summer View,"$1,800/mo"
159,Common Room in Canne Ville,"$2,000/mo"
160,Master Room in 2 Saint George's Road,$800/mo
161,Room in 11 Upper Boon Keng Road,$550/mo
162,Room in Mackenzie 88,"$3,500/mo"
163,Room in 2D Upper Boon Keng Road,"$1,100/mo"
164,Common Room in 8 Farrer Suites,"$2,399/mo"
165,Common Room in Lorong 13 Geylang,"$2,900/mo"
166,Room in Moulmein Court,"$1,400/mo"
167,Room in 112 Lorong 3 Geylang,"$1,000/mo"
168,Room in 8 Farrer Suites,"$2,200/mo"
169,Room in Sophia Hills,"$2,500/mo"
170,Common Room in 2D Upper Boon Keng Road,$900/mo
171,Common Room in The Mkz,"$1,680/mo"
172,Master Room in 16 Upper Boon Keng Road,"$3,200/mo"
173,Master Room in Boon Keng Ville,"$3,500/mo"
174,Common Room in Canne Lodge,"$2,200/mo"
175,Common Room in Canne Lodge,"$1,800/mo"
176,Room in Wilkie Apartments,"$2,350/mo"
177,Master Room in 3 Saint George's Road,"$1,300/mo"
178,Common Room in Wing Fong Mansions,"$1,580/mo"
179,Room in 232 Bain Street,"$1,500/mo"
180,Master Room in 110 Mcnair Road,"$1,400/mo"
181,Room in 16 Upper Boon Keng Road,"$2,700/mo"
182,Common Room in 113A Mcnair Road,"$1,200/mo"
183,Common Room in Kentish Court,"$1,350/mo"
184,Master Room in 69 Moulmein Road,"$2,200/mo"
185,Common Room in Familie Mansions,"$1,000/mo"
186,Room in 107 Towner Road,"$2,000/mo"
187,Master Room in Liv On Wilkie,"$2,500/mo"
188,Room in Eight Riversuites,"$1,500/mo"
189,Master Room in 75BR,"$4,200/mo"
190,Room in 8 Selegie Road,"$1,200/mo"
191,Common Room in Race Course Mansion,"$1,800/mo"
192,Common Room in Canne Lodge,"$1,900/mo"
193,Common Room in Canne Lodge,"$1,800/mo"
194,Master Room in Canne Lodge,"$2,300/mo"
195,Room in Sophia Hills,"$2,700/mo"
196,Common Room in Parkshore,"$2,200/mo"
197,Common Room in 263 Waterloo Street,"$1,400/mo"
198,Common Room in 47 Bendemeer Road,"$1,200/mo"
199,Room in 16 Upper Boon Keng Road,"$1,500/mo"
200,Room in Uptown @ Farrer,"$2,900/mo"
201,Common Room in 93 Whampoa Drive,$550/mo
202,Master Room in Bencoolen House,"$2,200/mo"
203,Master Room in Beach Road Conservation Area,"$3,800/mo"
204,Common Room in 684 Race Course Road,"$1,000/mo"
205,Common Room in Joo Avenue,"$1,200/mo"
206,Common Room in Former Peace Centre/Peace Mansion,"$2,300/mo"
207,Room in 685 Race Course Road,"$1,800/mo"
208,Room in The Bencoolen,"$2,600/mo"
209,Room in 8 Farrer Suites,"$2,200/mo"
