,Property,Price
0,Common Room in 414B Fernvale Link,"$1,000/mo"
1,Master Room in 313D Anchorvale Road,"$1,200/mo"
2,Common Room in 308C Anchorvale Road,"$1,000/mo"
3,Common Room in 409A Fernvale Road,$800/mo
4,Master Room in 448A Sengkang West Way,"$1,300/mo"
5,Common Room in 468B Fernvale Link,$850/mo
6,Common Room in 469B Sengkang West Way,$700/mo
7,Common Room in 311D Anchorvale Lane,$900/mo
8,Common Room in 470B Fernvale Link,$850/mo
9,Master Room in The Topiary,"$1,100/mo"
10,Common Room in The Topiary,"$1,100/mo"
11,Common Room in The Topiary,"$1,000/mo"
12,Common Room in 412B Fernvale Link,"$1,150/mo"
13,Common Room in Rivertrees Residences,"$1,100/mo"
14,Common Room in The Topiary,"$1,200/mo"
15,Room in 306C Anchorvale Link,"$1,000/mo"
16,Common Room in 430B Fernvale Link,$900/mo
17,Common Room in The Topiary,"$2,300/mo"
18,Common Room in Lush Acres,"$1,000/mo"
19,Common Room in H2O Residences,"$1,350/mo"
20,Master Room in 351A Anchorvale Road,"$1,600/mo"
21,Master Room in 410A Fernvale Road,"$1,800/mo"
22,Common Room in The Gardens At Gerald,$600/mo
23,Master Room in 406B Fernvale Road,"$1,000/mo"
24,Room in High Park Residences,"$1,300/mo"
25,Room in 470B Fernvale Link,$850/mo
26,Master Room in The Topiary,"$1,100/mo"
27,Common Room in 441B Fernvale Road,$950/mo
28,Common Room in 440C Fernvale Link,"$1,050/mo"
29,Room in 351A Anchorvale Road,"$1,800/mo"
30,Common Room in 434A Fernvale Road,$950/mo
31,Room in 448A Sengkang West Way,$900/mo
32,Room in 453D Fernvale Road,$980/mo
33,Room in The Topiary,"$2,450/mo"
34,Room in The Topiary,"$2,450/mo"
35,Common Room in 445B Fernvale Road,"$1,000/mo"
36,Common Room in 313B Anchorvale Road,$990/mo
37,Common Room in 446C Jalan Kayu,$900/mo
38,Common Room in Seletar Hills Estate,$950/mo
39,Common Room in 302B Anchorvale Link,"$1,500/mo"
40,Common Room in 971 Hougang Street 91,$930/mo
41,Common Room in 216A Compassvale Drive,"$1,100/mo"
42,Master Room in Bellewaters,"$1,500/mo"
43,Common Room in 547 Hougang Street 51,$900/mo
44,Common Room in 969 Hougang Street 91,$900/mo
45,Common Room in 969 Hougang Street 91,$900/mo
46,Master Room in Luxus Hill View,"$2,000/mo"
47,Master Room in Compass Heights,"$1,850/mo"
48,Master Room in Stratton Green,"$3,000/mo"
49,Common Room in 331C Anchorvale Street,$900/mo
50,Common Room in Compass Heights,"$1,200/mo"
51,Common Room in 293C Compassvale Crescent,"$1,100/mo"
52,Common Room in 281B Sengkang East Avenue,"$1,200/mo"
53,Room in Compass Heights,"$1,300/mo"
54,Common Room in The Vales,"$1,600/mo"
55,Master Room in Hougang Green,"$1,800/mo"
56,Master Room in 547 Hougang Street 51,$950/mo
57,Common Room in Hougang Green,"$1,300/mo"
58,Room in 920 Hougang Street 91,"$1,200/mo"
59,Room in The Quartz,"$1,500/mo"
60,Common Room in 286C Compassvale Crescent,"$1,500/mo"
61,Master Room in Compass Heights,"$1,200/mo"
62,Common Room in 928 Hougang Street 91,"$1,200/mo"
63,Room in 334B Anchorvale Crescent,"$1,800/mo"
64,Common Room in 216B Compassvale Drive,"$1,200/mo"
65,Common Room in 216B Compassvale Drive,"$1,200/mo"
66,Common Room in 988A Buangkok Green,"$1,200/mo"
67,Room in 203B Compassvale Road,$850/mo
68,Room in 258D Compassvale Road,"$1,500/mo"
69,Master Room in 325B Sengkang East Way,"$1,500/mo"
70,Common Room in Seletar Hills Estate,$950/mo
71,Common Room in 302B Anchorvale Link,"$1,500/mo"
72,Common Room in 971 Hougang Street 91,$930/mo
73,Common Room in 216A Compassvale Drive,"$1,100/mo"
74,Master Room in Bellewaters,"$1,500/mo"
75,Common Room in 547 Hougang Street 51,$900/mo
76,Common Room in 969 Hougang Street 91,$900/mo
77,Common Room in 969 Hougang Street 91,$900/mo
78,Master Room in Luxus Hill View,"$2,000/mo"
79,Master Room in Compass Heights,"$1,850/mo"
80,Master Room in Stratton Green,"$3,000/mo"
81,Common Room in 331C Anchorvale Street,$900/mo
82,Common Room in Compass Heights,"$1,200/mo"
83,Common Room in 293C Compassvale Crescent,"$1,100/mo"
84,Common Room in 281B Sengkang East Avenue,"$1,200/mo"
85,Room in Compass Heights,"$1,300/mo"
86,Common Room in The Vales,"$1,600/mo"
87,Master Room in Hougang Green,"$1,800/mo"
88,Master Room in 547 Hougang Street 51,$950/mo
89,Common Room in Hougang Green,"$1,300/mo"
90,Room in 920 Hougang Street 91,"$1,200/mo"
91,Room in The Quartz,"$1,500/mo"
92,Common Room in 286C Compassvale Crescent,"$1,500/mo"
93,Master Room in Compass Heights,"$1,200/mo"
94,Common Room in 928 Hougang Street 91,"$1,200/mo"
95,Room in 334B Anchorvale Crescent,"$1,800/mo"
96,Common Room in 216B Compassvale Drive,"$1,200/mo"
97,Common Room in 216B Compassvale Drive,"$1,200/mo"
98,Common Room in 988A Buangkok Green,"$1,200/mo"
99,Room in 203B Compassvale Road,$850/mo
100,Room in 258D Compassvale Road,"$1,500/mo"
101,Master Room in 325B Sengkang East Way,"$1,500/mo"
102,Common Room in Seletar Hills Estate,$950/mo
103,Common Room in 302B Anchorvale Link,"$1,500/mo"
104,Common Room in 971 Hougang Street 91,$930/mo
105,Common Room in 216A Compassvale Drive,"$1,100/mo"
106,Master Room in Bellewaters,"$1,500/mo"
107,Common Room in 547 Hougang Street 51,$900/mo
108,Common Room in 969 Hougang Street 91,$900/mo
109,Common Room in 969 Hougang Street 91,$900/mo
110,Master Room in Luxus Hill View,"$2,000/mo"
111,Master Room in Compass Heights,"$1,850/mo"
112,Master Room in Stratton Green,"$3,000/mo"
113,Common Room in 331C Anchorvale Street,$900/mo
114,Common Room in Compass Heights,"$1,200/mo"
115,Common Room in 293C Compassvale Crescent,"$1,100/mo"
116,Common Room in 281B Sengkang East Avenue,"$1,200/mo"
117,Room in Compass Heights,"$1,300/mo"
118,Common Room in The Vales,"$1,600/mo"
119,Master Room in Hougang Green,"$1,800/mo"
120,Master Room in 547 Hougang Street 51,$950/mo
121,Common Room in Hougang Green,"$1,300/mo"
122,Room in 920 Hougang Street 91,"$1,200/mo"
123,Room in The Quartz,"$1,500/mo"
124,Common Room in 286C Compassvale Crescent,"$1,500/mo"
125,Master Room in Compass Heights,"$1,200/mo"
126,Common Room in 928 Hougang Street 91,"$1,200/mo"
127,Room in 334B Anchorvale Crescent,"$1,800/mo"
128,Common Room in 216B Compassvale Drive,"$1,200/mo"
129,Common Room in 216B Compassvale Drive,"$1,200/mo"
130,Common Room in 988A Buangkok Green,"$1,200/mo"
131,Room in 203B Compassvale Road,$850/mo
132,Room in 258D Compassvale Road,"$1,500/mo"
133,Master Room in 325B Sengkang East Way,"$1,500/mo"
