,Property,Price
0,Common Room in 612 Ang Mo Kio Avenue 4,"$1,100/mo"
1,Master Room in 638 Ang Mo Kio Avenue 6,"$1,100/mo"
2,Common Room in Castle Green,"$1,230/mo"
3,Common Room in Castle Green,"$1,230/mo"
4,Common Room in 618 Ang Mo Kio Avenue 4,"$1,200/mo"
5,Common Room in Fudu Park,"$1,250/mo"
6,Common Room in Seasons Park,"$1,350/mo"
7,Common Room in President Gardens,"$1,500/mo"
8,Common Room in Chip Thye Garden,"$1,200/mo"
9,Room in Fudu Park,"$1,500/mo"
10,Common Room in 622 Ang Mo Kio Avenue 9,"$1,488/mo"
11,Room in 612 Ang Mo Kio Avenue 4,"$1,100/mo"
12,Room in 182 Ang Mo Kio Avenue 5,"$1,200/mo"
13,Common Room in 612 Ang Mo Kio Avenue 4,"$1,100/mo"
14,Master Room in 603 Ang Mo Kio Avenue 5,"$1,300/mo"
15,Common Room in Castle Green,"$1,100/mo"
16,Master Room in Bullion Park,"$1,600/mo"
17,Common Room in Bullion Park,"$1,300/mo"
18,Master Room in 182 Ang Mo Kio Avenue 5,"$1,200/mo"
19,Common Room in Horizon Gardens,"$1,800/mo"
20,Master Room in 178 Ang Mo Kio Avenue 4,"$1,200/mo"
21,Room in Far Horizon Garden,"$2,780/mo"
22,Common Room in Thomson Hills Estate,"$1,500/mo"
23,Common Room in 623 Ang Mo Kio Avenue 9,$850/mo
24,Master Room in 606 Ang Mo Kio Avenue 5,"$1,200/mo"
25,Common Room in Castle Green,"$1,230/mo"
26,Room in Teacher's Housing Estate,"$1,950/mo"
27,Common Room in 638 Ang Mo Kio Avenue 6,"$1,100/mo"
28,Common Room in Castle Green,"$1,500/mo"
29,Master Room in Teacher's Housing Estate,"$2,150/mo"
30,Master Room in Teacher's Housing Estate,"$2,150/mo"
31,Room in 612 Ang Mo Kio Avenue 4,"$1,300/mo"
32,Master Room in Far Horizon Garden,"$2,780/mo"
33,Common Room in Nuovo,"$1,400/mo"
34,Master Room in The Countryside,"$2,500/mo"
35,Common Room in Castle Green,"$1,500/mo"
36,Common Room in 111 Ang Mo Kio Avenue 4,$800/mo
37,Master Room in 210 Ang Mo Kio Avenue 3,"$2,300/mo"
38,Master Room in 128 Ang Mo Kio Avenue 3,"$1,500/mo"
39,Common Room in Floraview,"$1,000/mo"
40,Master Room in 130 Ang Mo Kio Avenue 3,"$1,500/mo"
41,Common Room in Grande Vista,"$1,500/mo"
42,Common Room in Sembawang Hills Estate,"$1,500/mo"
43,Master Room in 121 Ang Mo Kio Avenue 3,"$1,300/mo"
44,Common Room in 210 Ang Mo Kio Avenue 3,$750/mo
45,Common Room in 255 Ang Mo Kio Avenue 4,$850/mo
46,Master Room in 122 Ang Mo Kio Avenue 3,"$1,200/mo"
47,Common Room in 260A Ang Mo Kio Street 21,"$1,200/mo"
48,Master Room in Happy Estate,"$1,800/mo"
49,Master Room in Sembawang Hills Estate,"$1,100/mo"
50,Common Room in 116 Ang Mo Kio Avenue 4,"$1,200/mo"
51,Master Room in Grande Vista,"$3,600/mo"
52,Room in Sembawang Hills Estate,"$1,450/mo"
53,Common Room in 121 Ang Mo Kio Avenue 3,$900/mo
54,Common Room in 120 Ang Mo Kio Avenue 3,"$1,250/mo"
55,Room in 156 Ang Mo Kio Avenue 4,"$1,500/mo"
56,Room in 646 Ang Mo Kio Avenue 6,$900/mo
57,Master Room in 213 Ang Mo Kio Avenue 3,"$1,300/mo"
58,Room in 646 Ang Mo Kio Avenue 6,"$1,000/mo"
59,Room in 728 Ang Mo Kio Avenue 6,"$2,400/mo"
60,Room in 728 Ang Mo Kio Avenue 6,"$2,300/mo"
61,Common Room in 504 Ang Mo Kio Avenue 8,"$1,200/mo"
62,Common Room in 213 Ang Mo Kio Avenue 3,"$1,600/mo"
63,Master Room in 130 Ang Mo Kio Avenue 3,"$1,300/mo"
64,Room in 131 Ang Mo Kio Avenue 3,"$1,250/mo"
65,Master Room in Meadows @ Peirce,"$1,500/mo"
66,Common Room in Sembawang Hills Estate,"$1,200/mo"
67,Room in 134 Ang Mo Kio Avenue 3,"$1,150/mo"
68,Room in Mayflower Gardens,"$2,500/mo"
69,Common Room in 512 Ang Mo Kio Avenue 8,"$1,100/mo"
