,Property,Price
0,Room in 48 Bencoolen Street,"$4,333/mo"
1,Common Room in Owen Road,"$2,000/mo"
2,Common Room in 11 Farrer Park Road,"$1,400/mo"
3,Master Room in 12 Farrer Park Road,"$2,000/mo"
4,Master Room in Peace Centre/Peace Mansion / Peace Centre,"$1,500/mo"
5,Common Room in Peace Centre/Peace Mansion / Peace Centre,"$1,100/mo"
6,Master Room in Former Peace Centre/Peace Mansion,"$2,500/mo"
7,Common Room in Bencoolen House,"$1,600/mo"
8,Common Room in 668 Chander Road,"$2,800/mo"
9,Common Room in Parc Centennial,"$2,250/mo"
10,Common Room in 681 Race Course Road,"$1,100/mo"
11,Room in Uptown @ Farrer,"$3,200/mo"
12,Master Room in Burlington Square,"$2,500/mo"
13,Common Room in Burlington Square,"$1,900/mo"
14,Common Room in City Square Residences,"$2,200/mo"
15,Common Room in City Square Residences,"$2,200/mo"
16,Master Room in Jalan Besar Plaza,"$2,500/mo"
17,Room in 668 Chander Road,"$1,488/mo"
18,Common Room in City Square Residences,"$2,000/mo"
19,Common Room in City Square Residences,"$2,000/mo"
20,Common Room in Race Course Mansion,"$1,600/mo"
21,Room in City Square Residences,"$2,600/mo"
22,Common Room in The Bencoolen,"$1,950/mo"
23,Common Room in Little India Conservation Area,"$6,500/mo"
24,Room in City Square Residences,"$2,600/mo"
25,Master Room in 25 Truro Road,"$2,288/mo"
26,Master Room in Burlington Square,"$2,500/mo"
27,Common Room in 12 Farrer Park Road,"$1,500/mo"
28,Room in Sophia Hills,"$2,400/mo"
29,Common Room in Niven Road,"$1,200/mo"
30,Common Room in Sunshine Plaza,"$1,000/mo"
31,Common Room in Burlington Square,"$1,400/mo"
32,Room in 269B Queen Street,"$1,400/mo"
33,Master Room in City Square Residences,"$2,600/mo"
34,Master Room in Sophia Crest,"$2,400/mo"
35,Common Room in 48A Dorset Road,$950/mo
36,Common Room in City Square Residences,"$1,800/mo"
37,Common Room in Burlington Square,"$1,900/mo"
38,Master Room in Burlington Square,"$2,600/mo"
39,Room in Kentish Green,$850/mo
40,Master Room in Little India Conservation Area,"$2,000/mo"
41,Master Room in City Square Residences,"$2,600/mo"
42,Master Room in City Square Residences,"$2,300/mo"
43,Common Room in City Square Residences,"$1,600/mo"
44,Room in Burlington Square,"$1,800/mo"
45,Common Room in Wilkie Court,"$1,250/mo"
46,Common Room in Burlington Square,"$1,800/mo"
47,Master Room in Burlington Square,"$2,600/mo"
48,Room in 26 Jalan Berseh,"$1,278/mo"
49,Common Room in 26 Jalan Berseh,"$1,200/mo"
50,Room in Mackenzie 88,"$3,500/mo"
51,Common Room in City Square Residences,"$2,100/mo"
52,Room in Sophia Hills,"$2,500/mo"
53,Common Room in The Mkz,"$1,680/mo"
54,Room in Wilkie Apartments,"$2,350/mo"
55,Master Room in 641 Rowell Road,"$2,200/mo"
56,Common Room in Kentish Court,"$1,350/mo"
57,Master Room in Liv On Wilkie,"$2,500/mo"
58,Master Room in City Square Mall,"$2,900/mo"
59,Common Room in 641 Rowell Road,"$1,700/mo"
60,Common Room in 642 Rowell Road,"$1,400/mo"
61,Room in 8 Selegie Road,"$1,200/mo"
62,Common Room in City Square Residences,"$1,600/mo"
63,Common Room in City Square Residences,"$1,700/mo"
64,Common Room in Race Course Mansion,"$1,800/mo"
65,Room in Sophia Hills,"$2,700/mo"
66,Common Room in 263 Waterloo Street,"$1,400/mo"
67,Room in Uptown @ Farrer,"$2,900/mo"
68,Master Room in Bencoolen House,"$2,200/mo"
69,Common Room in Former Peace Centre/Peace Mansion,"$2,300/mo"
70,Room in The Bencoolen,"$2,600/mo"
71,Room in 22 Cavenagh Road,"$3,334/mo"
72,Room in OG Orchard Point,"$8,833/mo"
73,Room in 12 Queen Street,"$5,000/mo"
74,Room in Far East Plaza,"$1,667/mo"
75,Room in Jalan Besar,"$2,940/mo"
76,Master Room in The Plaza,"$3,500/mo"
77,Common Room in The Plaza,"$2,800/mo"
78,Common Room in Top Ten,"$2,300/mo"
79,Master Room in Orchard Court,"$2,000/mo"
80,Common Room in Kimsia Park,"$1,500/mo"
81,Common Room in UE Square,"$1,950/mo"
82,Common Room in Balestier Point,"$1,200/mo"
83,Master Room in 813 Jellicoe Road,"$1,500/mo"
84,Common Room in Race Course Road,"$1,500/mo"
85,Master Room in 107 Towner Road,"$2,000/mo"
86,Common Room in 2 Beach Road,"$1,500/mo"
87,Master Room in Ava Towers,"$1,850/mo"
88,Common Room in Tianso Heights,"$1,850/mo"
89,Master Room in Kimsia Court,"$2,100/mo"
90,Common Room in Kimsia Court,"$1,700/mo"
91,Master Room in Emerald Hill Conservation Area,"$2,000/mo"
92,Master Room in One Oxley Rise,"$2,300/mo"
93,Common Room in 122 Mcnair Road,"$1,500/mo"
94,Common Room in 122 Mcnair Road,"$1,500/mo"
95,Common Room in 683 Tessensohn Road,"$1,100/mo"
96,Common Room in UE Square,"$1,950/mo"
97,Master Room in Orchard Court,"$2,000/mo"
98,Master Room in Gloucester Mansions,"$2,700/mo"
99,Master Room in Ava Towers,"$1,850/mo"
100,Common Room in Cavenagh Gardens,"$1,100/mo"
101,Common Room in Bassein Court,$950/mo
102,Master Room in Sing Avenue,"$2,500/mo"
103,Common Room in Euro-Asia Court,"$1,450/mo"
104,Master Room in Euro-Asia Court,"$2,600/mo"
105,Common Room in The Huntington,"$2,750/mo"
106,Common Room in Elizabeth Towers,"$1,800/mo"
107,Master Room in Langston Ville,"$2,700/mo"
108,Master Room in 8 Farrer Suites,"$2,200/mo"
109,Common Room in Regal Court,"$1,000/mo"
110,Master Room in Serangoon Road,"$3,000/mo"
111,Master Room in Serangoon Road,"$2,400/mo"
112,Master Room in Studios @ Marne,"$3,500/mo"
113,Master Room in Novena Court,"$1,900/mo"
114,Common Room in Oleanas Residence,"$1,900/mo"
115,Master Room in Mandalay Mansion,"$1,600/mo"
116,Room in The Scotts Tower,"$5,150/mo"
117,Common Room in 5 Boon Keng Road,"$1,000/mo"
118,Common Room in Euro-Asia Court,"$1,250/mo"
119,Master Room in 8 Farrer Suites,"$2,300/mo"
120,Common Room in Tianso Heights,"$1,850/mo"
121,Master Room in Ava Towers,"$1,850/mo"
122,Common Room in Kimsia Court,"$1,700/mo"
123,Common Room in Kimsia Court,"$1,300/mo"
124,Common Room in UE Square,"$1,950/mo"
125,Common Room in UE Square,"$1,950/mo"
126,Common Room in River Valley Court,"$1,280/mo"
127,Room in Kerrisdale,"$1,600/mo"
128,Common Room in Cavenagh Gardens,"$1,480/mo"
129,Common Room in Sultan Gate Place,"$1,150/mo"
130,Common Room in Kimsia Court,"$1,508/mo"
131,Room in Duo Residences / Duo Tower,"$4,499/mo"
132,Room in Langston Ville,"$2,700/mo"
133,Common Room in The Lincoln Residences,"$1,450/mo"
134,Room in 32 Penhas Road,"$1,449/mo"
135,Room in Soleil @ Sinaran,"$4,280/mo"
136,Master Room in Elizabeth Heights,"$2,000/mo"
137,Room in Fraser Residence Singapore,"$2,900/mo"
138,Master Room in 813 Jellicoe Road,"$1,300/mo"
139,Room in UE Square,"$2,300/mo"
140,Master Room in Kerrisdale,$900/mo
141,Room in Thomson Euro-Asia,"$1,400/mo"
142,Common Room in Citylights,"$2,000/mo"
143,Room in Illuminaire On Devonshire,"$4,000/mo"
144,Common Room in 52 Kent Road,"$1,500/mo"
145,Master Room in 8 Farrer Suites,"$2,400/mo"
146,Room in Lion Towers,"$1,500/mo"
147,Master Room in Cavenagh Gardens,"$1,300/mo"
148,Common Room in The Lincoln Residences,"$1,600/mo"
149,Room in 32 Penhas Road,"$2,849/mo"
150,Common Room in 232 Bain Street,"$1,418/mo"
151,Common Room in 121 Mcnair Road,"$1,200/mo"
152,Master Room in Kerrisdale,"$2,500/mo"
153,Master Room in Rising Suites,"$1,400/mo"
154,Room in 466 Crawford Lane,"$1,100/mo"
155,Common Room in 51 Kent Road,"$1,200/mo"
156,Common Room in UE Square,"$2,200/mo"
157,Common Room in 105 Towner Road,"$1,500/mo"
158,Master Room in Balestier 288,"$2,000/mo"
159,Master Room in Kerrisdale,"$2,000/mo"
160,Common Room in Kerrisdale,"$1,200/mo"
161,Master Room in Shrewsbury Road,"$1,550/mo"
162,Common Room in Kimsia Court,"$1,400/mo"
163,Common Room in Aspen Heights,"$1,500/mo"
164,Common Room in Lloyd Mansion,"$2,000/mo"
165,Common Room in Aspen Heights,"$1,200/mo"
166,Room in Thomson Euro-Asia,"$1,700/mo"
167,Master Room in Buckley Road,"$16,000/mo"
168,Master Room in Kentish Lodge,"$2,600/mo"
169,Common Room in Lucky Plaza,"$1,988/mo"
170,Common Room in UE Square,"$2,400/mo"
171,Common Room in Novena Court,"$1,800/mo"
172,Common Room in Mandalay Mansion,"$1,050/mo"
173,Common Room in Mandalay Mansion,"$1,200/mo"
174,Common Room in UE Square,"$2,100/mo"
175,Room in 109 Mcnair Road,$900/mo
176,Master Room in 95 Lavender Street,"$1,650/mo"
177,Common Room in 110 Mcnair Road,"$1,500/mo"
178,Room in The Scotts Tower,"$5,150/mo"
179,Common Room in Parc Haven,"$1,000/mo"
180,Master Room in Parc Haven,"$2,700/mo"
181,Common Room in Parc Haven,"$1,800/mo"
182,Master Room in Parc Haven,"$2,400/mo"
183,Common Room in 813 Jellicoe Road,"$1,500/mo"
184,Common Room in Apleton View,"$1,850/mo"
185,Common Room in Mandalay Mansion,"$1,200/mo"
186,Master Room in UE Square,"$2,200/mo"
187,Room in Kerrisdale,"$2,000/mo"
188,Common Room in 8 Farrer Suites,"$2,399/mo"
189,Master Room in One Oxley Rise,"$2,300/mo"
190,Room in Coliwoo Balestier 320,"$2,700/mo"
191,Master Room in Fraser Residence Singapore,"$2,900/mo"
192,Common Room in Petain Court,"$1,400/mo"
193,Room in UE Square,"$2,000/mo"
194,Room in Moulmein Court,"$1,400/mo"
195,Room in 8 Farrer Suites,"$2,200/mo"
196,Common Room in Thomson Euro-Asia,"$1,700/mo"
197,Common Room in Thomson Euro-Asia,"$1,800/mo"
198,Common Room in Fraser Residence Singapore,"$2,800/mo"
199,Master Room in Lavender Street,"$2,300/mo"
200,Master Room in Kerrisdale,"$1,700/mo"
201,Common Room in Hollywood Apartments,"$1,550/mo"
202,Room in Fraser Residence Singapore,"$2,900/mo"
203,Master Room in The Huntington,"$2,620/mo"
204,Room in Studios @ Marne,"$3,500/mo"
205,Room in 232 Bain Street,"$1,500/mo"
206,Master Room in 110 Mcnair Road,"$1,400/mo"
207,Master Room in Fraser Residence Singapore,"$2,900/mo"
208,Common Room in 113A Mcnair Road,"$1,200/mo"
209,Common Room in UE Square,"$2,300/mo"
210,Common Room in UE Square,"$2,100/mo"
211,Room in 12 North Bridge Road,"$1,200/mo"
212,Common Room in Kerrisdale,"$1,700/mo"
213,Room in Fraser Residence Singapore,"$2,900/mo"
214,Master Room in 69 Moulmein Road,"$2,200/mo"
215,Room in The Metz,"$5,500/mo"
216,Room in 107 Towner Road,"$2,000/mo"
217,Common Room in Nova 48,"$1,300/mo"
218,Master Room in Petain Road/Tyrwhitt Road Conservation Area,"$2,500/mo"
219,Master Room in Fraser Residence Singapore,"$2,900/mo"
220,Master Room in 75BR,"$4,200/mo"
221,Common Room in Thomson Euro-Asia,"$1,800/mo"
222,Common Room in Zedge,"$1,850/mo"
223,Master Room in Kimsia Court,"$2,500/mo"
224,Common Room in Regal Court,"$1,200/mo"
225,Master Room in Parc Haven,"$2,400/mo"
226,Room in 8 St Thomas,"$8,000/mo"
227,Room in Cairnhill Nine,"$8,000/mo"
228,Common Room in Lucky Plaza,"$2,200/mo"
229,Master Room in Fraser Residence Singapore,"$2,900/mo"
230,Master Room in Studios @ Marne,"$3,400/mo"
231,Master Room in Birmingham Mansions,"$1,600/mo"
232,Common Room in Balestier Point,"$1,380/mo"
233,Common Room in Citylights,"$1,950/mo"
234,Room in Studios @ Marne,"$3,400/mo"
235,Common Room in Thomson Euro-Asia,"$1,700/mo"
236,Common Room in 93 Whampoa Drive,$550/mo
237,Master Room in Beach Road Conservation Area,"$3,800/mo"
238,Room in Fraser Residence Singapore,"$3,800/mo"
239,Room in Fraser Residence Singapore,"$3,200/mo"
240,Room in Fraser Residence Singapore,"$2,900/mo"
241,Room in 813 Jellicoe Road,"$1,500/mo"
242,Room in Hanson Court,"$4,400/mo"
243,Common Room in 684 Race Course Road,"$1,000/mo"
244,Common Room in Joo Avenue,"$1,200/mo"
245,Common Room in UE Square,"$2,100/mo"
246,Room in 12 North Bridge Road,"$1,200/mo"
247,Common Room in Kerrisdale,"$1,700/mo"
248,Room in Fraser Residence Singapore,"$2,900/mo"
249,Master Room in 69 Moulmein Road,"$2,200/mo"
250,Room in The Metz,"$5,500/mo"
251,Room in 107 Towner Road,"$2,000/mo"
252,Common Room in Nova 48,"$1,300/mo"
253,Master Room in Petain Road/Tyrwhitt Road Conservation Area,"$2,500/mo"
254,Master Room in Fraser Residence Singapore,"$2,900/mo"
255,Master Room in 75BR,"$4,200/mo"
256,Common Room in Thomson Euro-Asia,"$1,800/mo"
257,Common Room in Zedge,"$1,850/mo"
258,Master Room in Kimsia Court,"$2,500/mo"
259,Common Room in Regal Court,"$1,200/mo"
260,Master Room in Parc Haven,"$2,400/mo"
261,Room in 8 St Thomas,"$8,000/mo"
262,Room in Cairnhill Nine,"$8,000/mo"
263,Common Room in Lucky Plaza,"$2,200/mo"
264,Master Room in Fraser Residence Singapore,"$2,900/mo"
265,Master Room in Studios @ Marne,"$3,400/mo"
266,Master Room in Birmingham Mansions,"$1,600/mo"
267,Common Room in Balestier Point,"$1,380/mo"
268,Common Room in Citylights,"$1,950/mo"
269,Room in Studios @ Marne,"$3,400/mo"
270,Common Room in Thomson Euro-Asia,"$1,700/mo"
271,Common Room in 93 Whampoa Drive,$550/mo
272,Master Room in Beach Road Conservation Area,"$3,800/mo"
273,Room in Fraser Residence Singapore,"$3,800/mo"
274,Room in Fraser Residence Singapore,"$3,200/mo"
275,Room in Fraser Residence Singapore,"$2,900/mo"
276,Room in 813 Jellicoe Road,"$1,500/mo"
277,Room in Hanson Court,"$4,400/mo"
278,Common Room in 684 Race Course Road,"$1,000/mo"
279,Common Room in Joo Avenue,"$1,200/mo"
