,Property,Price
0,Room in 22 Cavenagh Road,"$3,334/mo"
1,Room in 48 Bencoolen Street,"$4,333/mo"
2,Room in Kreta Ayer Conservation Area,"$2,333/mo"
3,Room in 32 Tras Street,"$3,981/mo"
4,Room in Furama City Centre Singapore,"$4,600/mo"
5,Room in OG Orchard Point,"$8,833/mo"
6,Room in 12 Queen Street,"$5,000/mo"
7,Room in Green World,
8,Room in 307 Serangoon Avenue 2,"$1,300/mo"
9,Room in 307 Serangoon Avenue 2,"$1,300/mo"
10,Master Room in 229 Serangoon Avenue 4,"$1,188/mo"
11,Room in Sunglade,"$1,420/mo"
12,Common Room in Jalan Pacheli,"$2,400/mo"
13,Common Room in 239 Serangoon Avenue 2,"$1,200/mo"
14,Common Room in 312 Serangoon Avenue 2,"$1,000/mo"
15,Master Room in Goldenhill Villas,"$2,500/mo"
16,Room in Golden Hill Estate,"$1,500/mo"
17,Common Room in 263 Serangoon Central Drive,$850/mo
18,Common Room in The Springbloom,"$1,000/mo"
19,Common Room in 476 Ang Mo Kio Avenue 10,$650/mo
20,Common Room in The Tre Ver,"$1,800/mo"
21,Common Room in 354 Ang Mo Kio Street 32,$900/mo
22,Master Room in The Garden Residences,"$1,800/mo"
23,Common Room in 201 Toa Payoh North,$950/mo
24,Common Room in 208 Serangoon Central,$800/mo
25,Master Room in Serangoon Garden Estate,"$1,900/mo"
26,Common Room in 204 Serangoon Central,"$1,100/mo"
27,Master Room in 138 Bishan Street 12,"$1,550/mo"
28,Common Room in 336 Ang Mo Kio Avenue 1,$750/mo
29,Common Room in 113 Potong Pasir Avenue 1,"$1,000/mo"
30,Master Room in Forest Woods,"$2,300/mo"
31,Master Room in Avon Park,"$1,750/mo"
32,Common Room in 167 Bishan Street 13,"$1,000/mo"
33,Common Room in 419 Serangoon Central,$900/mo
34,Common Room in 225 Bishan Street 23,$900/mo
35,Common Room in 12 Lorong 7 Toa Payoh,$600/mo
36,Common Room in 334 Ang Mo Kio Avenue 1,$750/mo
37,Master Room in Fortune View,"$1,600/mo"
38,Common Room in The Tre Ver,"$2,200/mo"
39,Common Room in The Garden Residences,"$1,800/mo"
40,Master Room in Classical Terrace,"$1,900/mo"
41,Master Room in Kensington Park Condominium,"$1,770/mo"
42,Common Room in Jalan Lateh,"$1,200/mo"
43,Common Room in 222 Serangoon Avenue 4,"$1,200/mo"
44,Common Room in 218 Serangoon Avenue 4,$900/mo
45,Master Room in Bartley Rise Estate,"$1,850/mo"
46,Common Room in 127 Serangoon North Avenue 1,$950/mo
47,Common Room in 352 Ang Mo Kio Street 32,"$1,300/mo"
48,Common Room in 110 Bishan Street 12,"$1,200/mo"
49,Common Room in Glasgow Road,"$1,200/mo"
50,Common Room in Serangoon Garden Estate,"$1,500/mo"
51,Master Room in 3 Lorong Lew Lian,"$1,350/mo"
52,Master Room in 404 Ang Mo Kio Avenue 10,"$1,600/mo"
53,Common Room in Avon Park,"$1,608/mo"
54,Room in 421 Ang Mo Kio Avenue 10,$700/mo
55,Room in 224 Lorong 8 Toa Payoh,$950/mo
56,Room in 460 Ang Mo Kio Avenue 10,"$1,200/mo"
57,Common Room in 126 Bishan Street 12,"$1,000/mo"
58,Common Room in Serangoon Garden Estate,"$1,500/mo"
59,Common Room in 333 Ang Mo Kio Avenue 1,$500/mo
60,Common Room in 130 Bishan Street 12,"$1,300/mo"
61,Room in The Tre Ver,"$5,200/mo"
62,Common Room in 419 Serangoon Central,$900/mo
63,Room in 210 Serangoon Central,"$1,200/mo"
64,Common Room in 222 Lorong 8 Toa Payoh,$900/mo
65,Common Room in The Garden Residences,"$1,400/mo"
66,Master Room in 138 Bishan Street 12,"$1,550/mo"
67,Common Room in Sky Habitat,"$1,600/mo"
68,Common Room in 425 Serangoon Avenue 1,"$1,000/mo"
69,Common Room in 222 Serangoon Avenue 4,$800/mo
70,Master Room in 404 Ang Mo Kio Avenue 10,"$1,600/mo"
71,Master Room in 335 Ang Mo Kio Avenue 1,"$1,500/mo"
72,Common Room in 222 Lorong 8 Toa Payoh,$900/mo
73,Common Room in 112 Bishan Street 12,"$1,500/mo"
74,Master Room in Classical Terrace,"$2,000/mo"
75,Common Room in 216 Serangoon Avenue 4,"$1,000/mo"
76,Common Room in 332 Ang Mo Kio Avenue 1,$850/mo
77,Room in Avon Park,"$2,300/mo"
78,Room in Sky Habitat,"$1,600/mo"
79,Master Room in 124 Serangoon North Avenue 1,"$1,300/mo"
80,Common Room in 199 Toa Payoh North,$500/mo
81,Master Room in Lim Tua Tow Road,"$2,100/mo"
82,Common Room in 138 Bishan Street 12,"$1,580/mo"
83,Master Room in Bartley Rise Estate,"$1,960/mo"
84,Master Room in Fengli Gardens,"$1,600/mo"
85,Common Room in Jalan Lateh,"$1,200/mo"
86,Common Room in 188 Bishan Street 13,"$1,100/mo"
87,Common Room in Kensington Park Condominium,"$1,870/mo"
88,Master Room in Kensington Park Condominium,"$1,670/mo"
89,Common Room in 12 Lorong 7 Toa Payoh,$500/mo
90,Master Room in 138 Bishan Street 12,"$1,550/mo"
91,Room in The Tre Ver,"$1,800/mo"
92,Room in Joon Hiang Road,"$1,200/mo"
93,Common Room in 11 Lorong 8 Toa Payoh,$988/mo
94,Common Room in 501 Bishan Street 11,"$1,300/mo"
95,Common Room in 170 Bishan Street 13,"$1,200/mo"
96,Common Room in 201 Serangoon Central,"$1,300/mo"
97,Common Room in Rosalia Park,"$1,500/mo"
98,Room in 134 Bishan Street 12,"$1,500/mo"
99,Common Room in 418 Ang Mo Kio Avenue 10,$800/mo
100,Room in 335 Ang Mo Kio Avenue 1,"$1,500/mo"
101,Room in 110 Bishan Street 12,"$1,300/mo"
102,Room in 206 Bishan Street 23,"$2,500/mo"
103,Room in 120 Potong Pasir Avenue 1,"$1,400/mo"
104,Common Room in Bishan 8,"$1,500/mo"
105,Room in Joon Hiang Road,"$1,400/mo"
106,Common Room in 138 Bishan Street 12,"$1,550/mo"
107,Common Room in Cherryhill,"$1,500/mo"
108,Master Room in 138 Bishan Street 12,"$1,550/mo"
109,Room in 111 Bishan Street 12,$950/mo
110,Common Room in 155 Hougang Street 11,$800/mo
111,Common Room in 472 Ang Mo Kio Avenue 10,$450/mo
112,Common Room in 107 Bishan Street 12,"$1,800/mo"
113,Room in Upper Serangoon Shopping Centre,"$1,200/mo"
114,Room in Upper Serangoon Shopping Centre,"$2,100/mo"
115,Room in 457 Ang Mo Kio Avenue 10,"$1,550/mo"
116,Common Room in Bartley Villas,"$1,200/mo"
117,Common Room in 204 Toa Payoh North,"$1,250/mo"
118,Common Room in Avon Park,"$1,620/mo"
119,Common Room in 237 Lorong 1 Toa Payoh,"$1,200/mo"
120,Room in 445 Ang Mo Kio Avenue 10,$950/mo
121,Master Room in Spazio @ Kovan,"$2,000/mo"
122,Master Room in 123 Serangoon North Avenue 1,"$1,500/mo"
123,Common Room in Avon Park,"$1,500/mo"
124,Master Room in Serangoon Garden Estate,"$1,400/mo"
125,Common Room in Sunshine Grove,"$1,050/mo"
126,Common Room in 151 Bishan Street 11,"$1,000/mo"
127,Common Room in The Garden Residences,"$1,500/mo"
128,Common Room in 204 Bishan Street 23,"$1,800/mo"
129,Common Room in 438 Ang Mo Kio Avenue 10,$850/mo
130,Master Room in 401 Ang Mo Kio Avenue 10,"$1,100/mo"
131,Common Room in 130 Bishan Street 12,"$1,200/mo"
132,Common Room in 113 Potong Pasir Avenue 1,$999/mo
133,Room in 201 Toa Payoh North,"$1,000/mo"
134,Common Room in 222 Serangoon Avenue 4,"$1,000/mo"
135,Room in 352 Ang Mo Kio Street 32,"$1,200/mo"
136,Room in Yio Chu Kang Terrace,"$2,400/mo"
137,Master Room in Highland Close,"$2,000/mo"
138,Common Room in 167 Bishan Street 13,"$1,000/mo"
139,Master Room in 473 Ang Mo Kio Avenue 10,$800/mo
140,Common Room in 102B Bidadari Park Drive,"$1,300/mo"
141,Common Room in 201 Toa Payoh North,$800/mo
