,Property,Price
0,Common Room in 48 Circuit Road,$450/mo
1,Master Room in 83B Circuit Road,"$3,000/mo"
2,Room in 119 Aljunied Avenue 2,"$2,900/mo"
3,Room in 119 Aljunied Avenue 2,"$2,500/mo"
4,Room in 119 Aljunied Avenue 2,"$2,100/mo"
5,Common Room in 82B Circuit Road,"$1,500/mo"
6,Master Room in 83B Circuit Road,"$3,000/mo"
7,Common Room in 29 Balam Road,"$1,000/mo"
8,Common Room in 18A Circuit Road,"$1,480/mo"
9,Master Room in Sallim Lodge,"$2,000/mo"
10,Common Room in Sallim Lodge,"$1,400/mo"
11,Common Room in Sallim Lodge,"$1,500/mo"
12,Master Room in 108 Aljunied Crescent,"$1,800/mo"
13,Common Room in 92 Pipit Road,$900/mo
14,Common Room in 53 Pipit Road,"$1,200/mo"
15,Common Room in Jalan Chengkek,"$1,700/mo"
16,Common Room in 66 Circuit Road,"$1,000/mo"
17,Common Room in Sallim Lodge,"$1,500/mo"
18,Common Room in Sallim Lodge,"$1,300/mo"
19,Room in The Antares,"$2,500/mo"
20,Common Room in 83A Circuit Road,"$1,500/mo"
21,Master Room in 55 Pipit Road,"$1,100/mo"
22,Room in 119 Aljunied Avenue 2,"$2,800/mo"
23,Room in 119 Aljunied Avenue 2,"$2,300/mo"
24,Master Room in 119 Aljunied Avenue 2,"$2,700/mo"
25,Common Room in 119 Aljunied Avenue 2,"$2,800/mo"
26,Master Room in 108 Aljunied Crescent,"$1,400/mo"
27,Common Room in Jalan Chengkek,"$2,200/mo"
28,Common Room in The Amarelle,"$1,650/mo"
29,Common Room in The Centren,"$1,950/mo"
30,Common Room in Grandlink Square,"$1,400/mo"
31,Common Room in Dunman Place,"$1,550/mo"
32,Common Room in Dunman Place,"$1,600/mo"
33,Room in Dunman Place,"$1,750/mo"
34,Master Room in Onan Road,"$2,000/mo"
35,Common Room in Dunman Place,"$1,700/mo"
36,Common Room in TRE Residences,"$1,500/mo"
37,Master Room in # 1 Loft,"$1,850/mo"
38,Common Room in 12 Joo Seng Road,"$1,000/mo"
39,Common Room in 20 Eunos Crescent,$850/mo
40,Common Room in 14 Joo Seng Road,$850/mo
41,Common Room in Dunman Place,"$1,850/mo"
42,Common Room in 5 Haig Road,"$1,100/mo"
43,Common Room in 16 Eunos Crescent,$950/mo
44,Master Room in Central Grove,"$2,000/mo"
45,Common Room in Dunman Place,"$1,850/mo"
46,Common Room in Delight Court,"$1,350/mo"
47,Master Room in Cassia View,"$2,199/mo"
48,Common Room in Central Grove,$880/mo
49,Common Room in Dunman Place,"$1,600/mo"
50,Master Room in Cassia View,"$2,300/mo"
51,Common Room in Cassia View,"$1,050/mo"
52,Common Room in Bartley Ridge,"$1,700/mo"
53,Room in Parc Esta,"$4,000/mo"
54,Common Room in Sims Green,"$1,200/mo"
55,Master Room in Sims 450 Centre,"$2,600/mo"
56,Room in Loft 33,"$1,600/mo"
57,Common Room in TRE Residences,"$1,700/mo"
58,Master Room in Sunny Grove,"$1,880/mo"
59,Common Room in Dunman Place,"$1,600/mo"
60,Common Room in Dunman Place,"$1,700/mo"
61,Room in Tembeling Road,"$1,650/mo"
62,Common Room in euHabitat,"$2,000/mo"
63,Room in Grandlink Square,"$1,800/mo"
64,Common Room in Delight Court,"$1,358/mo"
65,Common Room in Langsat Road,"$1,500/mo"
66,Master Room in Loft 33,"$1,900/mo"
67,Room in 5 Haig Road,"$1,500/mo"
68,Room in Sunny Grove,"$1,880/mo"
69,Common Room in Simsville,"$2,949/mo"
70,Common Room in Aston Mansions,"$1,450/mo"
71,Common Room in 15 Joo Seng Road,"$1,400/mo"
72,Master Room in Simsville,"$2,300/mo"
73,Room in Atrium Residences,"$1,600/mo"
74,Common Room in Simsville,"$1,680/mo"
75,Common Room in The Sunny Spring,$900/mo
76,Common Room in Dawn Ville,"$1,000/mo"
77,Master Room in Simsville,"$2,100/mo"
78,Master Room in 330 Ubi Avenue 1,"$1,800/mo"
79,Common Room in Aston Mansions,"$1,600/mo"
80,Common Room in Aston Mansions,"$1,300/mo"
81,Master Room in TRE Residences,"$2,400/mo"
82,Common Room in Atrium Residences,"$1,450/mo"
83,Room in Simsville,"$1,450/mo"
84,Common Room in 32 Eunos Crescent,"$1,000/mo"
85,Common Room in 123 Geylang East Central,$900/mo
86,Master Room in Onan Road,"$2,200/mo"
87,Room in TRE Residences,"$2,400/mo"
88,Room in Aston Mansions,"$2,300/mo"
89,Common Room in 334 Ubi Avenue 1,"$1,150/mo"
90,Master Room in Simsville,"$2,500/mo"
91,Room in Sims Green,$880/mo
92,Room in Simsville,"$1,550/mo"
93,Room in Central Grove,"$2,200/mo"
94,Room in Atrium Residences,"$1,400/mo"
95,Room in The Sunny Spring,$900/mo
96,Room in Parc Esta,"$2,800/mo"
97,Room in 3 Joo Chiat Road,"$1,400/mo"
98,Room in 81 Lorong 25 Geylang,"$2,300/mo"
99,Master Room in 302 Ubi Avenue 1,"$2,000/mo"
100,Master Room in 302 Ubi Avenue 1,"$2,000/mo"
101,Room in Dunman Place,"$1,400/mo"
102,Common Room in Sennett Estate,"$1,700/mo"
103,Room in Langsat Road,"$3,300/mo"
104,Room in Penang Service Apartments,"$1,500/mo"
105,Common Room in Dunman Place,"$2,200/mo"
106,Common Room in Cassia View,$999/mo
107,Common Room in 123 Geylang East Central,"$1,500/mo"
108,Master Room in Paradise Palms,"$2,499/mo"
109,Common Room in Paradise Palms,"$1,899/mo"
110,Common Room in The Sunny Spring,"$1,250/mo"
111,Room in TRE Residences,"$1,700/mo"
112,Common Room in Parc Esta,"$2,800/mo"
113,Room in Lotus at Paya Lebar (East Wing),"$3,710/mo"
114,Common Room in Sims Dorado,"$2,000/mo"
115,Room in Aston Mansions,"$2,500/mo"
116,Room in Sims Dorado,"$2,500/mo"
117,Master Room in 14 Eunos Crescent,"$1,500/mo"
118,Room in The Alcove,"$1,650/mo"
119,Common Room in The Midas,"$1,500/mo"
120,Common Room in TRE Residences,"$1,550/mo"
121,Common Room in Sims Urban Oasis,"$1,500/mo"
122,Common Room in Palm Lodge,"$1,490/mo"
123,Common Room in The Sunny Spring,"$1,250/mo"
124,Common Room in The Sunny Spring,"$1,600/mo"
125,Room in Penang Service Apartments,"$2,200/mo"
126,Common Room in Sims Residences,"$1,450/mo"
127,Common Room in Dunman Place,"$1,600/mo"
128,Common Room in Sennett Estate,"$1,600/mo"
129,Common Room in TRE Residences,"$2,700/mo"
130,Master Room in Casa Emerald,"$2,000/mo"
131,Common Room in Casa Emerald,"$1,300/mo"
132,Room in 45 Sims Drive,"$1,100/mo"
133,Common Room in Bartley Ridge,"$1,350/mo"
134,Room in Grandlink Square,"$2,000/mo"
135,Common Room in Simsville,"$2,249/mo"
136,Common Room in Aston Mansions,"$1,450/mo"
137,Room in Tropika East,"$3,600/mo"
138,Room in 122 Geylang East Central,$900/mo
139,Room in 17 Eunos Crescent,"$1,600/mo"
140,Common Room in 21 Eunos Crescent,"$1,250/mo"
141,Room in Macpherson Garden Estate,"$1,500/mo"
142,Master Room in Geylang Conservation Area,"$3,000/mo"
143,Room in Cassia View,"$2,198/mo"
144,Common Room in 17 Eunos Crescent,$600/mo
145,Common Room in Palm Lodge,"$1,490/mo"
146,Room in Guillemard Suites,"$2,600/mo"
147,Master Room in Sennett Estate,"$1,200/mo"
148,Room in TRE Residences,"$1,888/mo"
149,Master Room in The Sunny Spring,"$1,800/mo"
150,Master Room in Sims Urban Oasis,"$2,699/mo"
151,Common Room in euHabitat,"$3,577/mo"
152,Common Room in euHabitat,"$2,100/mo"
153,Master Room in Simsville,"$1,949/mo"
154,Common Room in Grandlink Square,"$1,800/mo"
155,Master Room in 16 Eunos Crescent,"$1,588/mo"
156,Common Room in 341 Ubi Avenue 1,$750/mo
157,Master Room in Park Place Residences at Plq,"$2,800/mo"
158,Master Room in 302 Ubi Avenue 1,"$2,000/mo"
159,Common Room in Macpherson Garden Estate,"$1,300/mo"
160,Room in Lotus at Paya Lebar (East Wing),"$4,570/mo"
161,Room in One K Greenlane,"$3,300/mo"
