,Property,Price
0,Common Room in The Sail @ Marina Bay,"$2,700/mo"
1,Common Room in The Sail @ Marina Bay,"$2,500/mo"
2,Common Room in The Sail @ Marina Bay,"$2,700/mo"
3,Master Room in The Sail @ Marina Bay,"$3,000/mo"
4,Common Room in The Sail @ Marina Bay,"$2,500/mo"
5,Common Room in The Sail @ Marina Bay,"$2,500/mo"
6,Common Room in The Sail @ Marina Bay,"$2,500/mo"
7,Common Room in International Plaza,"$1,700/mo"
8,Master Room in The Sail @ Marina Bay,"$7,000/mo"
9,Common Room in The Sail @ Marina Bay,"$2,800/mo"
10,Room in V On Shenton,"$4,300/mo"
11,Master Room in The Sail @ Marina Bay,"$3,950/mo"
12,Common Room in The Sail @ Marina Bay,"$2,750/mo"
13,Master Room in International Plaza,"$2,900/mo"
14,Master Room in The Sail @ Marina Bay,"$1,900/mo"
15,Room in One Shenton,"$5,000/mo"
16,Master Room in Lumiere,"$3,900/mo"
17,Common Room in The Sail @ Marina Bay,"$2,500/mo"
18,Room in V On Shenton,"$4,200/mo"
