,Property,Price
0,Common Room in The Sail @ Marina Bay,"$2,700/mo"
1,Common Room in The Sail @ Marina Bay,"$2,500/mo"
2,Common Room in The Sail @ Marina Bay,"$2,700/mo"
3,Master Room in The Sail @ Marina Bay,"$3,500/mo"
4,Master Room in The Sail @ Marina Bay,"$3,500/mo"
5,Common Room in The Sail @ Marina Bay,"$2,500/mo"
6,Common Room in The Sail @ Marina Bay,"$2,500/mo"
7,Common Room in The Sail @ Marina Bay,"$2,500/mo"
8,Common Room in The Sail @ Marina Bay,"$2,500/mo"
9,Common Room in International Plaza,"$1,700/mo"
10,Master Room in The Sail @ Marina Bay,"$7,000/mo"
11,Common Room in The Sail @ Marina Bay,"$2,800/mo"
12,Room in V On Shenton,"$4,300/mo"
13,Master Room in The Sail @ Marina Bay,"$3,950/mo"
14,Common Room in The Sail @ Marina Bay,"$2,750/mo"
15,Master Room in International Plaza,"$2,900/mo"
16,Master Room in The Sail @ Marina Bay,"$1,900/mo"
17,Room in One Shenton,"$5,000/mo"
18,Common Room in The Sail @ Marina Bay,"$2,500/mo"
19,Room in V On Shenton,"$4,200/mo"
20,Room in Kreta Ayer Conservation Area,"$2,333/mo"
21,Room in 32 Tras Street,"$3,981/mo"
22,Room in Furama City Centre Singapore,"$4,600/mo"
23,Common Room in People's Park Complex,"$1,200/mo"
24,Master Room in The Riverside Piazza,"$1,600/mo"
25,Common Room in 2 Tanjong Pagar Plaza,"$1,500/mo"
26,Master Room in Fook Hai Building,"$1,400/mo"
27,Common Room in People's Park Complex,"$1,100/mo"
28,Room in Furama City Centre Singapore,"$3,300/mo"
29,Common Room in The Riverside Piazza,"$1,600/mo"
30,Common Room in People's Park Complex,"$1,200/mo"
31,Common Room in People's Park Complex,"$1,699/mo"
32,Common Room in People's Park Complex,"$2,000/mo"
33,Common Room in 538 Upper Cross Street,"$1,300/mo"
34,Common Room in Emerald Garden,"$2,100/mo"
35,Common Room in Emerald Garden,"$2,300/mo"
36,Master Room in Kreta Ayer Conservation Area,"$4,620/mo"
37,Common Room in Emerald Garden,"$2,100/mo"
38,Common Room in Emerald Garden,"$2,200/mo"
39,Room in Skysuites @ Anson,"$3,000/mo"
40,Common Room in People's Park Complex,"$1,699/mo"
41,Common Room in People's Park Complex,"$1,200/mo"
42,Common Room in People's Park Complex,"$1,699/mo"
43,Room in Emerald Garden,"$2,100/mo"
44,Master Room in Emerald Garden,"$2,850/mo"
45,Master Room in The Riverside Piazza,"$1,600/mo"
46,Common Room in People's Park Complex,"$1,050/mo"
47,Common Room in 4 Tanjong Pagar Plaza,"$1,500/mo"
48,Master Room in Emerald Garden,"$2,950/mo"
49,Common Room in Emerald Garden,"$2,100/mo"
50,Common Room in Emerald Garden,"$2,250/mo"
51,Common Room in Emerald Garden,"$2,200/mo"
52,Common Room in 333 Kreta Ayer Road,"$3,300/mo"
53,Common Room in 2 Tanjong Pagar Plaza,"$1,500/mo"
54,Common Room in The Riverside Piazza,"$1,800/mo"
55,Common Room in Emerald Garden,"$2,600/mo"
56,Common Room in Emerald Garden,"$2,100/mo"
57,Master Room in Skysuites @ Anson,"$4,388/mo"
58,Common Room in 1557 Keppel Road,"$3,500/mo"
59,Common Room in 18 Cantonment Close,"$1,600/mo"
60,Master Room in Skysuites @ Anson,"$4,200/mo"
61,Room in Skysuites @ Anson,"$4,200/mo"
62,Room in 1F Cantonment Road,"$1,800/mo"
63,Room in Skysuites @ Anson,"$4,500/mo"
64,Master Room in People's Park Complex,"$1,800/mo"
65,Common Room in 4 Tanjong Pagar Plaza,"$1,580/mo"
66,Common Room in 1A Cantonment Road,"$1,900/mo"
67,Common Room in 4 Tanjong Pagar Plaza,"$1,500/mo"
68,Master Room in People's Park Complex,"$1,500/mo"
69,Common Room in People's Park Complex,"$1,300/mo"
70,Room in 1 Cantonment Road,"$1,949/mo"
71,Master Room in People's Park Complex,"$1,450/mo"
72,Common Room in 1 Cantonment Road,"$1,650/mo"
73,Room in 1F Cantonment Road,"$1,850/mo"
74,Common Room in 8 Cantonment Close,"$1,600/mo"
75,Common Room in 334 Kreta Ayer Road,"$1,200/mo"
76,Common Room in 2 Tanjong Pagar Plaza,"$1,900/mo"
77,Room in Skysuites @ Anson,"$4,500/mo"
