,Property,Price
0,Common Room in 137 Marsiling Road,$800/mo
1,Common Room in 171 Woodlands Street 11,$900/mo
2,Common Room in 172 Woodlands Street 13,$700/mo
3,Master Room in 412 Woodlands Street 41,"$1,300/mo"
4,Common Room in 180B Marsiling Road,"$1,200/mo"
5,Common Room in 173 Woodlands Street 13,$900/mo
6,Common Room in 345 Woodlands Street 32,$450/mo
7,Master Room in 437 Woodlands Street 41,$899/mo
8,Room in 323 Woodlands Street 32,$988/mo
9,Room in 176 Woodlands Street 13,"$1,200/mo"
10,Master Room in Woodgrove Condominium,"$2,000/mo"
11,Common Room in 347 Woodlands Avenue 3,"$1,000/mo"
12,Common Room in 132 Marsiling Rise,"$1,150/mo"
13,Common Room in 184A Woodlands Street 13,$800/mo
14,Common Room in 165 Woodlands Street 13,$800/mo
15,Common Room in 318 Woodlands Street 31,$800/mo
16,Master Room in 102 Woodlands Street 13,"$1,200/mo"
17,Room in 429 Woodlands Street 41,"$1,400/mo"
18,Common Room in 409 Woodlands Street 41,$650/mo
19,Common Room in 425 Woodlands Street 41,"$1,100/mo"
20,Common Room in 124 Marsiling Rise,$880/mo
21,Common Room in 108 Woodlands Street 13,$850/mo
22,Common Room in 151 Woodlands Street 13,$500/mo
23,Common Room in The Woodgrove,"$1,000/mo"
24,Room in Woodgrove Condominium,"$1,000/mo"
25,Room in 131 Marsiling Rise,$450/mo
26,Common Room in 314 Woodlands Street 31,"$1,100/mo"
27,Common Room in 313 Woodlands Street 31,"$1,400/mo"
28,Room in 149 Woodlands Street 13,"$1,400/mo"
29,Common Room in 415 Woodlands Street 41,$950/mo
30,Common Room in 415 Woodlands Street 41,"$1,050/mo"
31,Common Room in 121 Marsiling Rise,$900/mo
32,Common Room in 171 Woodlands Street 11,$950/mo
33,Room in 409 Woodlands Street 41,$800/mo
34,Master Room in Rosewood,"$2,000/mo"
35,Common Room in 518 Woodlands Drive 14,$900/mo
36,Common Room in 509 Woodlands Drive 14,$700/mo
37,Common Room in 809 Woodlands Street 81,$400/mo
38,Common Room in 13 Marsiling Lane,"$1,100/mo"
39,Common Room in 111 Woodlands Street 13,"$1,100/mo"
40,Common Room in 367 Woodlands Avenue 5,$900/mo
41,Common Room in 805 Woodlands Street 81,$800/mo
42,Common Room in Rosewood,"$1,500/mo"
43,Room in Casablanca,"$1,150/mo"
44,Master Room in 218 Marsiling Crescent,"$1,000/mo"
45,Common Room in 12B Marsiling Lane,"$1,200/mo"
46,Master Room in 110 Woodlands Street 13,$900/mo
47,Common Room in 895B Woodlands Drive 50,$500/mo
48,Common Room in 204 Marsiling Drive,$850/mo
49,Common Room in 17 Marsiling Lane,$460/mo
50,Common Room in 518 Woodlands Drive 14,$950/mo
51,Common Room in 216 Marsiling Lane,"$1,100/mo"
52,Master Room in 216 Marsiling Lane,"$1,000/mo"
53,Common Room in 895B Woodlands Drive 50,"$1,000/mo"
54,Common Room in 201 Marsiling Drive,$900/mo
55,Room in Rosewood,"$1,250/mo"
56,Common Room in Parc Rosewood,$980/mo
57,Room in 17 Marsiling Lane,$500/mo
58,Common Room in Casablanca,"$1,150/mo"
59,Room in 502A Woodlands Drive 14,"$1,000/mo"
60,Common Room in 367 Woodlands Avenue 5,$950/mo
61,Room in 12B Marsiling Lane,$850/mo
62,Room in 515 Woodlands Drive 14,$900/mo
63,Room in 515 Woodlands Drive 14,"$1,200/mo"
64,Room in 201 Marsiling Drive,$900/mo
65,Room in 17 Marsiling Lane,$460/mo
66,Room in 106 Woodlands Street 13,$850/mo
67,Room in 12B Marsiling Lane,$880/mo
68,Common Room in 570B Woodlands Avenue 1,$750/mo
69,Room in 31 Marsiling Drive,$700/mo
70,Common Room in Rosewood,"$1,250/mo"
71,Room in 809 Woodlands Street 81,$450/mo
72,Master Room in 218 Marsiling Crescent,"$1,000/mo"
73,Common Room in 12 Marsiling Lane,$400/mo
74,Room in Casablanca,"$1,400/mo"
