,Property,Price
0,Common Room in JadeScape,"$2,050/mo"
1,Common Room in JadeScape,"$2,150/mo"
2,Common Room in Braddell View,"$1,600/mo"
3,Room in Thomson Imperial Court,"$2,000/mo"
4,Common Room in 305 Shunfu Road,"$1,050/mo"
5,Common Room in Braddell View,"$1,800/mo"
6,Common Room in Braddell View,"$1,600/mo"
7,Common Room in 305 Shunfu Road,"$1,050/mo"
8,Common Room in 110 Bishan Street 12,"$1,200/mo"
9,Common Room in JadeScape,"$2,250/mo"
10,Master Room in JadeScape,"$3,000/mo"
11,Common Room in Braddell View,"$1,050/mo"
12,Room in JadeScape,"$5,200/mo"
13,Common Room in Braddell View,"$1,050/mo"
14,Master Room in Seasons View,"$2,000/mo"
15,Common Room in Braddell View,"$1,480/mo"
16,Common Room in Braddell View,"$1,350/mo"
17,Common Room in Rafflesia Condominium,"$1,190/mo"
18,Master Room in Thomson Ridge,"$3,000/mo"
19,Master Room in Thomson Ridge,"$2,500/mo"
20,Common Room in 23 Sin Ming Road,"$1,200/mo"
21,Master Room in 309 Shunfu Road,"$2,500/mo"
22,Common Room in Braddell View,"$1,500/mo"
23,Common Room in 304 Shunfu Road,$950/mo
24,Room in 110 Bishan Street 12,"$1,300/mo"
25,Room in 25 Sin Ming Road,$800/mo
26,Common Room in Bishan 8,"$1,500/mo"
27,Room in 111 Bishan Street 12,$950/mo
28,Room in Seasons View,"$1,500/mo"
29,Common Room in 107 Bishan Street 12,"$1,800/mo"
30,Common Room in Seasons View,"$1,600/mo"
31,Master Room in JadeScape,"$1,900/mo"
32,Room in Seasons View,"$1,400/mo"
33,Room in JadeScape,"$6,300/mo"
34,Common Room in Clover Park,"$1,000/mo"
35,Common Room in Rafflesia Condominium,"$1,500/mo"
36,Room in JadeScape,"$2,000/mo"
37,Common Room in 138C Lorong 1A Toa Payoh,"$1,500/mo"
38,Common Room in 95 Lorong 4 Toa Payoh,"$1,300/mo"
39,Common Room in 85A Lorong 4 Toa Payoh,$800/mo
40,Common Room in 309A Ang Mo Kio Street 31,$900/mo
41,Common Room in 201 Toa Payoh North,$950/mo
42,Common Room in Thomson View Condominium,"$1,100/mo"
43,Common Room in 447 Bright Hill Drive,"$1,100/mo"
44,Common Room in 50 Lorong 5 Toa Payoh,"$1,000/mo"
45,Master Room in 138 Bishan Street 12,"$1,550/mo"
46,Common Room in 110 Lorong 1 Toa Payoh,"$1,000/mo"
47,Common Room in 157 Lorong 1 Toa Payoh,"$1,200/mo"
48,Common Room in 112 Lorong 1 Toa Payoh,$550/mo
49,Common Room in 167 Bishan Street 13,"$1,000/mo"
50,Common Room in 231 Bishan Street 23,$950/mo
51,Common Room in 225 Bishan Street 23,$900/mo
52,Common Room in Gem Residences,"$1,380/mo"
53,Common Room in 101B Lorong 2 Toa Payoh,"$1,000/mo"
54,Master Room in Gem Residences,"$3,100/mo"
55,Common Room in 53 Lorong 5 Toa Payoh,"$1,000/mo"
56,Master Room in 138C Lorong 1A Toa Payoh,"$2,000/mo"
57,Master Room in 94 Lorong 4 Toa Payoh,"$1,200/mo"
58,Master Room in 205 Toa Payoh North,"$2,400/mo"
59,Master Room in 215 Ang Mo Kio Avenue 1,"$1,300/mo"
60,Common Room in 126 Bishan Street 12,"$1,000/mo"
61,Common Room in 100 Lorong 1 Toa Payoh,$450/mo
62,Common Room in 333 Ang Mo Kio Avenue 1,$500/mo
63,Common Room in 130 Bishan Street 12,"$1,300/mo"
64,Master Room in Clover By The Park,"$1,600/mo"
65,Master Room in 138 Bishan Street 12,"$1,550/mo"
66,Common Room in 121 Lorong 2 Toa Payoh,"$1,800/mo"
67,Room in 288 Bishan Street 24,"$1,300/mo"
68,Room in 261 Bishan Street 22,$950/mo
69,Common Room in Sky Habitat,"$1,600/mo"
70,Common Room in 112 Bishan Street 12,"$1,500/mo"
71,Common Room in Trevista,"$1,600/mo"
72,Common Room in 153 Lorong 2 Toa Payoh,"$1,100/mo"
73,Master Room in 85C Lorong 4 Toa Payoh,"$1,200/mo"
74,Common Room in 449 Sin Ming Avenue,"$1,100/mo"
75,Common Room in 110 Lorong 1 Toa Payoh,"$1,100/mo"
76,Common Room in 80A Lorong 4 Toa Payoh,"$1,450/mo"
77,Common Room in 332 Ang Mo Kio Avenue 1,$850/mo
78,Room in Sky Habitat,"$1,600/mo"
79,Master Room in The Gardens At Bishan,"$2,300/mo"
80,Room in The Gardens At Bishan,"$2,300/mo"
81,Common Room in 199 Toa Payoh North,$500/mo
82,Master Room in 154 Lorong 2 Toa Payoh,"$1,800/mo"
83,Master Room in Thomson View Condominium,"$1,500/mo"
84,Common Room in 98 Lorong 1 Toa Payoh,$750/mo
85,Master Room in 152 Lorong 2 Toa Payoh,"$2,000/mo"
86,Common Room in 138 Bishan Street 12,"$1,580/mo"
87,Common Room in 94 Lorong 4 Toa Payoh,"$1,050/mo"
88,Common Room in 113 Lorong 1 Toa Payoh,"$1,000/mo"
89,Common Room in 287 Bishan Street 24,"$1,100/mo"
90,Common Room in 289 Bishan Street 24,"$1,100/mo"
91,Common Room in 188 Bishan Street 13,"$1,100/mo"
92,Master Room in 447 Bright Hill Drive,"$1,500/mo"
93,Master Room in 138 Bishan Street 12,"$1,550/mo"
94,Common Room in 501 Bishan Street 11,"$1,300/mo"
95,Common Room in 81A Lorong 4 Toa Payoh,"$1,300/mo"
96,Common Room in 170 Bishan Street 13,"$1,200/mo"
97,Common Room in 441 Sin Ming Avenue,"$1,400/mo"
98,Common Room in 206 Toa Payoh North,"$1,200/mo"
99,Common Room in Thomson View Condominium,"$1,480/mo"
100,Master Room in Thomson View Condominium,"$1,980/mo"
101,Common Room in 101B Lorong 2 Toa Payoh,$900/mo
102,Room in 134 Bishan Street 12,"$1,500/mo"
103,Common Room in 230 Bishan Street 23,$800/mo
104,Room in 206 Bishan Street 23,"$2,500/mo"
105,Room in 441 Sin Ming Avenue,"$1,300/mo"
106,Room in 79A Toa Payoh Central,"$1,300/mo"
107,Common Room in 138 Bishan Street 12,"$1,550/mo"
108,Master Room in 138 Bishan Street 12,"$1,550/mo"
109,Room in 53 Lorong 5 Toa Payoh,$850/mo
110,Common Room in Thomson View Condominium,"$2,600/mo"
111,Master Room in 109 Lorong 1 Toa Payoh,"$3,300/mo"
112,Room in The Gardens At Bishan,"$2,500/mo"
113,Common Room in 53 Lorong 5 Toa Payoh,"$1,000/mo"
114,Common Room in 139A Lorong 1A Toa Payoh,"$1,800/mo"
115,Common Room in 204 Toa Payoh North,"$1,250/mo"
116,Room in 109 Lorong 1 Toa Payoh,"$2,350/mo"
117,Room in 95 Lorong 4 Toa Payoh,"$1,500/mo"
118,Room in 163 Lorong 1 Toa Payoh,"$1,200/mo"
119,Common Room in 237 Lorong 1 Toa Payoh,"$1,200/mo"
120,Room in 109 Lorong 1 Toa Payoh,"$2,350/mo"
121,Common Room in 109 Lorong 1 Toa Payoh,"$2,800/mo"
122,Common Room in 310B Ang Mo Kio Avenue 1,"$1,050/mo"
123,Common Room in 143 Lorong 2 Toa Payoh,"$1,200/mo"
124,Room in 109 Lorong 1 Toa Payoh,"$2,500/mo"
125,Master Room in 122 Lorong 2 Toa Payoh,"$1,500/mo"
126,Common Room in 151 Bishan Street 11,"$1,000/mo"
127,Common Room in 59 Lorong 5 Toa Payoh,$800/mo
128,Common Room in 204 Bishan Street 23,"$1,800/mo"
129,Master Room in 79B Toa Payoh Central,"$1,888/mo"
130,Master Room in Thomson View Condominium,"$1,800/mo"
131,Master Room in 109 Lorong 1 Toa Payoh,"$1,550/mo"
132,Common Room in 130 Bishan Street 12,"$1,200/mo"
133,Room in 201 Toa Payoh North,"$1,000/mo"
134,Common Room in 122 Lorong 2 Toa Payoh,$800/mo
135,Room in The Gardens At Bishan,"$1,500/mo"
136,Room in 152 Lorong 2 Toa Payoh,"$1,400/mo"
137,Master Room in 218 Ang Mo Kio Avenue 1,"$1,200/mo"
138,Master Room in Gem Residences,"$2,500/mo"
139,Master Room in 447 Bright Hill Drive,"$1,500/mo"
140,Common Room in 167 Bishan Street 13,"$1,000/mo"
141,Common Room in 201 Toa Payoh North,$800/mo
