,Property,Price
0,Master Room in 83B Circuit Road,"$3,000/mo"
1,Room in 119 Aljunied Avenue 2,"$2,900/mo"
2,Room in 119 Aljunied Avenue 2,"$2,500/mo"
3,Common Room in 48 Circuit Road,$450/mo
4,Room in 119 Aljunied Avenue 2,"$2,100/mo"
5,Common Room in 82B Circuit Road,"$1,500/mo"
6,Master Room in 83B Circuit Road,"$3,000/mo"
7,Common Room in 29 Balam Road,"$1,000/mo"
8,Common Room in 18A Circuit Road,"$1,480/mo"
9,Master Room in Sallim Lodge,"$2,000/mo"
10,Common Room in Sallim Lodge,"$1,400/mo"
11,Common Room in Sallim Lodge,"$1,500/mo"
12,Master Room in 108 Aljunied Crescent,"$1,800/mo"
13,Common Room in 123 Geylang East Central,$900/mo
14,Common Room in 92 Pipit Road,$900/mo
15,Common Room in 123 Geylang East Central,"$1,500/mo"
16,Common Room in Sims Urban Oasis,"$1,500/mo"
17,Common Room in 53 Pipit Road,"$1,200/mo"
18,Common Room in Jalan Chengkek,"$1,700/mo"
19,Common Room in 66 Circuit Road,"$1,000/mo"
20,Common Room in Sallim Lodge,"$1,500/mo"
21,Common Room in Sallim Lodge,"$1,300/mo"
22,Room in The Antares,"$2,500/mo"
23,Common Room in 83A Circuit Road,"$1,500/mo"
24,Master Room in 55 Pipit Road,"$1,100/mo"
25,Room in 119 Aljunied Avenue 2,"$2,800/mo"
26,Room in 119 Aljunied Avenue 2,"$2,300/mo"
27,Master Room in 119 Aljunied Avenue 2,"$2,700/mo"
28,Common Room in 119 Aljunied Avenue 2,"$2,800/mo"
29,Master Room in 108 Aljunied Crescent,"$1,400/mo"
30,Room in Macpherson Garden Estate,"$1,500/mo"
31,Master Room in Sims Urban Oasis,"$2,699/mo"
32,Common Room in Macpherson Garden Estate,"$1,300/mo"
33,Common Room in Jalan Chengkek,"$2,200/mo"
34,Master Room in Wing Fong Mansions,"$1,850/mo"
35,Common Room in Wing Fong Court,"$1,250/mo"
36,Common Room in 16 Upper Boon Keng Road,"$2,800/mo"
37,Master Room in 32 Cassia Crescent,"$1,600/mo"
38,Common Room in TRE Residences,"$1,500/mo"
39,Master Room in Accord Apartments,"$1,400/mo"
40,Master Room in # 1 Loft,"$1,850/mo"
41,Common Room in The Centren,"$1,950/mo"
42,Common Room in The Amarelle,"$1,650/mo"
43,Common Room in 49 Whampoa South,$850/mo
44,Master Room in 56 Geylang Bahru,"$1,300/mo"
45,Master Room in Canne Lodge,"$2,350/mo"
46,Common Room in 3A Upper Boon Keng Road,"$1,000/mo"
47,Common Room in 12 Joo Seng Road,"$1,000/mo"
48,Common Room in Grandlink Square,"$1,400/mo"
49,Common Room in 14 Joo Seng Road,$850/mo
50,Common Room in 108B Bidadari Park Drive,"$1,200/mo"
51,Master Room in Nin Residence,"$2,500/mo"
52,Master Room in 148 Potong Pasir Avenue 1,"$2,000/mo"
53,Master Room in Central Grove,"$2,000/mo"
54,Common Room in Delight Court,"$1,350/mo"
55,Master Room in Cassia View,"$2,199/mo"
56,Common Room in Lorong 9 Geylang,"$1,200/mo"
57,Common Room in Wing Fong Mansions,"$1,000/mo"
58,Common Room in Central Grove,$880/mo
59,Master Room in Cassia View,"$2,300/mo"
60,Common Room in Cassia View,"$1,050/mo"
61,Common Room in Bartley Ridge,"$1,700/mo"
62,Common Room in Sims Green,"$1,200/mo"
63,Master Room in Sims 450 Centre,"$2,600/mo"
64,Common Room in Wing Fong Mansions,"$2,000/mo"
65,Room in Loft 33,"$1,600/mo"
66,Common Room in TRE Residences,"$1,700/mo"
67,Master Room in Sunny Grove,"$1,880/mo"
68,Master Room in Canne Lodge,"$2,008/mo"
69,Room in Grandlink Square,"$1,800/mo"
70,Common Room in Delight Court,"$1,358/mo"
71,Room in 3C Upper Boon Keng Road,"$1,100/mo"
72,Master Room in Loft 33,"$1,900/mo"
73,Room in Sunny Grove,"$1,880/mo"
74,Common Room in Simsville,"$2,949/mo"
75,Common Room in Aston Mansions,"$1,450/mo"
76,Common Room in 15 Joo Seng Road,"$1,400/mo"
77,Room in 104 Potong Pasir Avenue 1,"$1,200/mo"
78,Master Room in Simsville,"$2,300/mo"
79,Room in Atrium Residences,"$1,600/mo"
80,Common Room in Simsville,"$1,680/mo"
81,Common Room in The Sunny Spring,$900/mo
82,Master Room in Simsville,"$2,100/mo"
83,Master Room in Woodsville Mansions,"$1,600/mo"
84,Common Room in Aston Mansions,"$1,600/mo"
85,Common Room in Aston Mansions,"$1,300/mo"
86,Master Room in TRE Residences,"$2,400/mo"
87,Common Room in Atrium Residences,"$1,450/mo"
88,Room in Simsville,"$1,450/mo"
89,Common Room in 56 Geylang Bahru,$550/mo
90,Common Room in 2D Upper Boon Keng Road,"$1,000/mo"
91,Room in The Poiz Residences,"$3,800/mo"
92,Room in TRE Residences,"$2,400/mo"
93,Room in Aston Mansions,"$2,300/mo"
94,Master Room in Woodsville Mansions,"$2,000/mo"
95,Master Room in 16 Upper Boon Keng Road,"$2,800/mo"
96,Room in 56 Geylang Bahru,$550/mo
97,Master Room in Simsville,"$2,500/mo"
98,Room in Sims Green,$880/mo
99,Room in Simsville,"$1,550/mo"
100,Room in Central Grove,"$2,200/mo"
101,Room in Atrium Residences,"$1,400/mo"
102,Room in The Sunny Spring,$900/mo
103,Common Room in 2D Upper Boon Keng Road,"$1,100/mo"
104,Common Room in Wing Fong Mansions,"$1,000/mo"
105,Room in 81 Lorong 25 Geylang,"$2,300/mo"
106,Master Room in 302 Ubi Avenue 1,"$2,000/mo"
107,Master Room in 302 Ubi Avenue 1,"$2,000/mo"
108,Common Room in Sennett Estate,"$1,700/mo"
109,Master Room in Canne Lodge,"$2,200/mo"
110,Room in 47 Bendemeer Road,"$1,200/mo"
111,Room in Sennett Residence,"$2,000/mo"
112,Master Room in Canne Lodge,"$2,200/mo"
113,Room in Penang Service Apartments,"$1,500/mo"
114,Common Room in 97 Geylang Bahru,"$1,200/mo"
115,Common Room in Cassia View,$999/mo
116,Common Room in Canne Lodge,"$1,900/mo"
117,Room in TRE Residences,"$1,700/mo"
118,Common Room in 2A Upper Boon Keng Road,"$1,400/mo"
119,Master Room in Canne Lodge,"$1,800/mo"
120,Room in Goodview Apartments,"$1,800/mo"
121,Common Room in Goodview Apartments,"$1,900/mo"
122,Common Room in 97 Geylang Bahru,"$1,200/mo"
123,Room in Lotus at Paya Lebar (East Wing),"$3,710/mo"
124,Common Room in Woodsville 28,"$2,000/mo"
125,Common Room in Sims Dorado,"$2,000/mo"
126,Master Room in Wing Fong Court,"$1,850/mo"
127,Room in Aston Mansions,"$2,500/mo"
128,Room in Sims Dorado,"$2,500/mo"
129,Room in The Alcove,"$1,650/mo"
130,Common Room in The Midas,"$1,500/mo"
131,Common Room in TRE Residences,"$1,550/mo"
132,Common Room in Canne Lodge,"$1,800/mo"
133,Common Room in Palm Lodge,"$1,490/mo"
134,Common Room in The Sunny Spring,"$1,250/mo"
135,Common Room in The Sunny Spring,"$1,600/mo"
136,Room in Penang Service Apartments,"$2,200/mo"
137,Common Room in Sims Residences,"$1,450/mo"
138,Master Room in Summer View,"$1,800/mo"
139,Common Room in Canne Ville,"$2,000/mo"
140,Room in 11 Upper Boon Keng Road,$550/mo
141,Common Room in Grandlink Square,"$1,750/mo"
142,Common Room in Sennett Estate,"$1,600/mo"
143,Master Room in Intero,"$4,000/mo"
144,Common Room in TRE Residences,"$2,700/mo"
145,Master Room in Intero,"$4,000/mo"
146,Master Room in Casa Emerald,"$2,000/mo"
147,Common Room in Casa Emerald,"$1,300/mo"
148,Room in 2D Upper Boon Keng Road,"$1,100/mo"
149,Room in 45 Sims Drive,"$1,100/mo"
150,Common Room in 142 Potong Pasir Avenue 3,"$1,350/mo"
151,Common Room in Lorong 13 Geylang,"$2,900/mo"
152,Common Room in Bartley Ridge,"$1,350/mo"
153,Room in Grandlink Square,"$2,000/mo"
154,Room in 112 Lorong 3 Geylang,"$1,000/mo"
155,Common Room in 2D Upper Boon Keng Road,$900/mo
156,Common Room in Simsville,"$2,249/mo"
157,Master Room in 16 Upper Boon Keng Road,"$3,200/mo"
158,Master Room in Boon Keng Ville,"$3,500/mo"
159,Common Room in Aston Mansions,"$1,450/mo"
160,Common Room in Canne Lodge,"$2,200/mo"
161,Common Room in Canne Lodge,"$1,800/mo"
162,Common Room in Wing Fong Mansions,"$1,580/mo"
163,Room in 122 Geylang East Central,$900/mo
164,Room in 16 Upper Boon Keng Road,"$2,700/mo"
165,Common Room in Bartley Residences,"$1,550/mo"
166,Master Room in Geylang Conservation Area,"$3,000/mo"
167,Room in Cassia View,"$2,198/mo"
168,Common Room in Palm Lodge,"$1,490/mo"
169,Room in Guillemard Suites,"$2,600/mo"
170,Master Room in Sennett Estate,"$1,200/mo"
171,Room in TRE Residences,"$1,888/mo"
172,Room in The Venue Residences,"$2,300/mo"
173,Common Room in Canne Lodge,"$1,900/mo"
174,Common Room in Canne Lodge,"$1,800/mo"
175,Master Room in Canne Lodge,"$2,300/mo"
176,Master Room in The Sunny Spring,"$1,800/mo"
177,Master Room in Simsville,"$1,949/mo"
178,Common Room in Grandlink Square,"$1,800/mo"
179,Master Room in Park Place Residences at Plq,"$2,800/mo"
180,Master Room in 302 Ubi Avenue 1,"$2,000/mo"
181,Common Room in 47 Bendemeer Road,"$1,200/mo"
182,Master Room in Nin Residence,"$2,900/mo"
183,Room in 16 Upper Boon Keng Road,"$1,500/mo"
184,Room in Lotus at Paya Lebar (East Wing),"$4,570/mo"
185,Common Room in 102B Bidadari Park Drive,"$1,300/mo"
