,Property,Price
0,Room in Kreta Ayer Conservation Area,"$2,333/mo"
1,Room in 32 Tras Street,"$3,981/mo"
2,Room in Furama City Centre Singapore,"$4,600/mo"
3,Common Room in People's Park Complex,"$1,100/mo"
4,Master Room in The Riverside Piazza,"$1,600/mo"
5,Master Room in Fook Hai Building,"$1,400/mo"
6,Master Room in Icon,"$2,700/mo"
7,Common Room in People's Park Complex,"$1,200/mo"
8,Common Room in 2 Tanjong Pagar Plaza,"$1,500/mo"
9,Room in Furama City Centre Singapore,"$3,300/mo"
10,Common Room in The Riverside Piazza,"$1,600/mo"
11,Common Room in People's Park Complex,"$1,200/mo"
12,Common Room in People's Park Complex,"$1,699/mo"
13,Common Room in People's Park Complex,"$2,000/mo"
14,Common Room in The Riverside Piazza,"$1,600/mo"
15,Common Room in 538 Upper Cross Street,"$1,300/mo"
16,Common Room in Emerald Garden,"$2,100/mo"
17,Common Room in Emerald Garden,"$2,300/mo"
18,Master Room in Kreta Ayer Conservation Area,"$4,620/mo"
19,Common Room in Emerald Garden,"$2,100/mo"
20,Common Room in Emerald Garden,"$2,200/mo"
21,Room in Skysuites @ Anson,"$3,000/mo"
22,Common Room in People's Park Complex,"$1,699/mo"
23,Common Room in People's Park Complex,"$1,200/mo"
24,Common Room in People's Park Complex,"$1,699/mo"
25,Common Room in International Plaza,"$1,700/mo"
26,Room in Emerald Garden,"$2,100/mo"
27,Master Room in Emerald Garden,"$2,850/mo"
28,Master Room in The Riverside Piazza,"$1,600/mo"
29,Common Room in People's Park Complex,"$1,050/mo"
30,Common Room in 4 Tanjong Pagar Plaza,"$1,500/mo"
31,Master Room in Emerald Garden,"$2,950/mo"
32,Common Room in Emerald Garden,"$2,100/mo"
33,Common Room in Emerald Garden,"$2,250/mo"
34,Common Room in Emerald Garden,"$2,200/mo"
35,Common Room in Mirage Tower,"$1,300/mo"
36,Common Room in UE Square,"$1,950/mo"
37,Common Room in 55 Tiong Bahru Road,"$2,000/mo"
38,Common Room in Central Green Condominium,"$1,950/mo"
39,Common Room in Central Green Condominium,"$1,950/mo"
40,Common Room in 56 Havelock Road,"$1,200/mo"
41,Common Room in The Sail @ Marina Bay,"$2,700/mo"
42,Common Room in Euro-Asia Court,"$1,450/mo"
43,Master Room in Euro-Asia Court,"$2,600/mo"
44,Common Room in The Sail @ Marina Bay,"$2,500/mo"
45,Common Room in Spottiswoode Park,"$1,600/mo"
46,Master Room in Langston Ville,"$2,700/mo"
47,Common Room in The Sail @ Marina Bay,"$2,700/mo"
48,Master Room in The Sail @ Marina Bay,"$3,000/mo"
49,Common Room in Oleanas Residence,"$1,900/mo"
50,Common Room in Euro-Asia Court,"$1,250/mo"
51,Common Room in 144 Jalan Bukit Merah,"$1,000/mo"
52,Common Room in The Sail @ Marina Bay,"$2,500/mo"
53,Common Room in UE Square,"$1,950/mo"
54,Common Room in The Sail @ Marina Bay,"$2,500/mo"
55,Common Room in The Sail @ Marina Bay,"$2,500/mo"
56,Common Room in UE Square,"$1,950/mo"
57,Common Room in River Valley Court,"$1,280/mo"
58,Room in Langston Ville,"$2,700/mo"
59,Room in 4B Boon Tiong Road,"$1,300/mo"
60,Room in UE Square,"$2,300/mo"
61,Master Room in 107 Spottiswoode Park Road,"$1,600/mo"
62,Common Room in Great World City,"$1,950/mo"
63,Master Room in Mirage Tower,"$2,700/mo"
64,Common Room in Spottiswoode Park,"$1,350/mo"
65,Common Room in UE Square,"$2,200/mo"
66,Master Room in The Sail @ Marina Bay,"$7,000/mo"
67,Common Room in The Sail @ Marina Bay,"$2,800/mo"
68,Master Room in Kai Fook Mansion,"$2,000/mo"
69,Common Room in Kai Fook Mansion,"$1,500/mo"
70,Master Room in Kai Fook Mansion,"$2,500/mo"
71,Common Room in Mirage Tower,"$1,850/mo"
72,Master Room in 22 Havelock Road,"$1,800/mo"
73,Common Room in Aspen Heights,"$1,500/mo"
74,Common Room in Lloyd Mansion,"$2,000/mo"
75,Common Room in 22 Havelock Road,"$1,300/mo"
76,Common Room in Aspen Heights,"$1,200/mo"
77,Common Room in Yong An Park,"$1,650/mo"
78,Common Room in 22 Havelock Road,"$1,350/mo"
79,Common Room in UE Square,"$2,400/mo"
80,Common Room in UE Square,"$2,100/mo"
81,Master Room in The Sail @ Marina Bay,"$3,950/mo"
82,Common Room in The Sail @ Marina Bay,"$2,750/mo"
83,Master Room in UE Square,"$2,200/mo"
84,Room in Raeburn Park,"$3,500/mo"
85,Master Room in The Sail @ Marina Bay,"$1,900/mo"
86,Common Room in 25A Jalan Membina,"$1,400/mo"
87,Common Room in Emerald Park,"$1,090/mo"
88,Master Room in 9A Boon Tiong Road,"$1,600/mo"
89,Common Room in The Sail @ Marina Bay,"$2,500/mo"
90,Master Room in Spottiswoode Park,"$1,200/mo"
91,Room in UE Square,"$2,000/mo"
92,Master Room in 141 Jalan Bukit Merah,$800/mo
93,Master Room in 118D Jalan Membina,"$2,500/mo"
94,Common Room in Hollywood Apartments,"$1,550/mo"
95,Room in Mirage Tower,"$2,700/mo"
96,Master Room in 66 Eng Watt Street,"$2,600/mo"
97,Common Room in UE Square,"$2,300/mo"
98,Common Room in 110 Bukit Purmei Road,"$1,288/mo"
99,Common Room in UE Square,"$2,100/mo"
100,Common Room in Kai Fook Mansion,"$1,590/mo"
101,Master Room in 118C Jalan Membina,"$1,311/mo"
102,Room in 8 St Thomas,"$8,000/mo"
103,Room in Emerald Park,"$1,688/mo"
104,Common Room in 22 Havelock Road,$500/mo
