,Property,Price
0,Common Room in 612 Ang Mo Kio Avenue 4,"$1,100/mo"
1,Common Room in 111 Ang Mo Kio Avenue 4,$800/mo
2,Master Room in 210 Ang Mo Kio Avenue 3,"$2,300/mo"
3,Master Room in 128 Ang Mo Kio Avenue 3,"$1,500/mo"
4,Common Room in 618 Ang Mo Kio Avenue 4,"$1,200/mo"
5,Master Room in 130 Ang Mo Kio Avenue 3,"$1,500/mo"
6,Common Room in Sembawang Hills Estate,"$1,500/mo"
7,Common Room in Chip Thye Garden,"$1,200/mo"
8,Master Room in 121 Ang Mo Kio Avenue 3,"$1,300/mo"
9,Master Room in 215 Ang Mo Kio Avenue 1,"$1,300/mo"
10,Common Room in 210 Ang Mo Kio Avenue 3,$750/mo
11,Common Room in 255 Ang Mo Kio Avenue 4,$850/mo
12,Room in 612 Ang Mo Kio Avenue 4,"$1,100/mo"
13,Master Room in 122 Ang Mo Kio Avenue 3,"$1,200/mo"
14,Room in 182 Ang Mo Kio Avenue 5,"$1,200/mo"
15,Common Room in 260A Ang Mo Kio Street 21,"$1,200/mo"
16,Master Room in Happy Estate,"$1,800/mo"
17,Master Room in Sembawang Hills Estate,"$1,100/mo"
18,Common Room in 612 Ang Mo Kio Avenue 4,"$1,100/mo"
19,Common Room in 116 Ang Mo Kio Avenue 4,"$1,200/mo"
20,Master Room in 603 Ang Mo Kio Avenue 5,"$1,300/mo"
21,Room in Sembawang Hills Estate,"$1,450/mo"
22,Common Room in 214 Ang Mo Kio Avenue 3,$800/mo
23,Master Room in 182 Ang Mo Kio Avenue 5,"$1,200/mo"
24,Common Room in 121 Ang Mo Kio Avenue 3,$900/mo
25,Common Room in 120 Ang Mo Kio Avenue 3,"$1,250/mo"
26,Master Room in 235 Ang Mo Kio Avenue 3,"$1,650/mo"
27,Room in 156 Ang Mo Kio Avenue 4,"$1,500/mo"
28,Common Room in Horizon Gardens,"$1,800/mo"
29,Master Room in 178 Ang Mo Kio Avenue 4,"$1,200/mo"
30,Common Room in Thomson Hills Estate,"$1,500/mo"
31,Master Room in 606 Ang Mo Kio Avenue 5,"$1,200/mo"
32,Master Room in 213 Ang Mo Kio Avenue 3,"$1,300/mo"
33,Room in 728 Ang Mo Kio Avenue 6,"$2,400/mo"
34,Room in 728 Ang Mo Kio Avenue 6,"$2,300/mo"
35,Common Room in 213 Ang Mo Kio Avenue 3,"$1,600/mo"
36,Master Room in 130 Ang Mo Kio Avenue 3,"$1,300/mo"
37,Room in 131 Ang Mo Kio Avenue 3,"$1,250/mo"
38,Common Room in Sembawang Hills Estate,"$1,200/mo"
39,Room in 134 Ang Mo Kio Avenue 3,"$1,150/mo"
40,Room in 612 Ang Mo Kio Avenue 4,"$1,300/mo"
41,Room in Mayflower Gardens,"$2,500/mo"
42,Common Room in 354 Ang Mo Kio Street 32,$900/mo
43,Master Room in 638 Ang Mo Kio Avenue 6,"$1,100/mo"
44,Common Room in Castle Green,"$1,230/mo"
45,Common Room in Castle Green,"$1,230/mo"
46,Common Room in 309A Ang Mo Kio Street 31,$900/mo
47,Common Room in Thomson View Condominium,"$1,100/mo"
48,Common Room in 447 Bright Hill Drive,"$1,100/mo"
49,Common Room in 336 Ang Mo Kio Avenue 1,$750/mo
50,Common Room in 225 Bishan Street 23,$900/mo
51,Common Room in 423 Ang Mo Kio Avenue 3,"$1,100/mo"
52,Common Room in 334 Ang Mo Kio Avenue 1,$750/mo
53,Common Room in Fudu Park,"$1,250/mo"
54,Common Room in 352 Ang Mo Kio Street 32,"$1,300/mo"
55,Common Room in 700C Ang Mo Kio Avenue 6,"$1,100/mo"
56,Common Room in Seasons Park,"$1,350/mo"
57,Common Room in President Gardens,"$1,500/mo"
58,Room in 421 Ang Mo Kio Avenue 10,$700/mo
59,Room in Fudu Park,"$1,500/mo"
60,Common Room in Bishan Park Condominium,"$1,500/mo"
61,Room in 423 Ang Mo Kio Avenue 3,"$1,200/mo"
62,Master Room in Clover By The Park,"$1,600/mo"
63,Master Room in 522 Ang Mo Kio Avenue 5,"$1,500/mo"
64,Common Room in 622 Ang Mo Kio Avenue 9,"$1,488/mo"
65,Common Room in Centro Residences,"$2,000/mo"
66,Room in 261 Bishan Street 22,$950/mo
67,Common Room in 524 Ang Mo Kio Avenue 5,"$1,000/mo"
68,Master Room in 335 Ang Mo Kio Avenue 1,"$1,500/mo"
69,Room in 522 Ang Mo Kio Avenue 5,"$1,700/mo"
70,Common Room in 449 Sin Ming Avenue,"$1,100/mo"
71,Master Room in The Gardens At Bishan,"$2,300/mo"
72,Room in The Gardens At Bishan,"$2,300/mo"
73,Common Room in 431 Ang Mo Kio Avenue 10,"$1,500/mo"
74,Master Room in Thomson View Condominium,"$1,500/mo"
75,Common Room in Castle Green,"$1,100/mo"
76,Common Room in 287 Bishan Street 24,"$1,100/mo"
77,Master Room in 447 Bright Hill Drive,"$1,500/mo"
78,Common Room in 441 Sin Ming Avenue,"$1,400/mo"
79,Common Room in Thomson View Condominium,"$1,480/mo"
80,Master Room in Thomson View Condominium,"$1,980/mo"
81,Master Room in 324 Ang Mo Kio Avenue 3,"$1,500/mo"
82,Common Room in 230 Bishan Street 23,$800/mo
83,Room in 335 Ang Mo Kio Avenue 1,"$1,500/mo"
84,Room in 441 Sin Ming Avenue,"$1,300/mo"
85,Room in 646 Ang Mo Kio Avenue 6,$900/mo
86,Room in 576 Ang Mo Kio Avenue 10,$900/mo
87,Master Room in 321 Ang Mo Kio Avenue 1,"$1,300/mo"
88,Room in Far Horizon Garden,"$2,780/mo"
89,Common Room in Thomson View Condominium,"$2,600/mo"
90,Room in 710 Ang Mo Kio Avenue 8,"$1,300/mo"
91,Room in The Gardens At Bishan,"$2,500/mo"
92,Common Room in 623 Ang Mo Kio Avenue 9,$850/mo
93,Common Room in Castle Green,"$1,230/mo"
94,Room in 646 Ang Mo Kio Avenue 6,"$1,000/mo"
95,Room in 522 Ang Mo Kio Avenue 5,"$1,600/mo"
96,Room in 522 Ang Mo Kio Avenue 5,"$1,100/mo"
97,Room in 531 Ang Mo Kio Avenue 10,"$2,400/mo"
98,Common Room in 504 Ang Mo Kio Avenue 8,"$1,200/mo"
99,Room in 584 Ang Mo Kio Avenue 3,"$1,200/mo"
100,Master Room in 434 Ang Mo Kio Avenue 10,"$1,200/mo"
101,Common Room in 310B Ang Mo Kio Avenue 1,"$1,050/mo"
102,Common Room in 312 Ang Mo Kio Avenue 3,$950/mo
103,Common Room in 539 Ang Mo Kio Avenue 10,"$1,200/mo"
104,Room in Teacher's Housing Estate,"$1,950/mo"
105,Master Room in Meadows @ Peirce,"$1,500/mo"
106,Common Room in 638 Ang Mo Kio Avenue 6,"$1,100/mo"
107,Common Room in Castle Green,"$1,500/mo"
108,Room in 576 Ang Mo Kio Avenue 10,$900/mo
109,Master Room in Teacher's Housing Estate,"$2,150/mo"
110,Master Room in Teacher's Housing Estate,"$2,150/mo"
111,Common Room in 438 Ang Mo Kio Avenue 10,$850/mo
112,Common Room in 322 Ang Mo Kio Avenue 3,"$1,100/mo"
113,Master Room in Far Horizon Garden,"$2,780/mo"
114,Master Room in Thomson View Condominium,"$1,800/mo"
115,Common Room in 301 Ang Mo Kio Avenue 3,"$1,100/mo"
116,Common Room in Nuovo,"$1,400/mo"
117,Common Room in 512 Ang Mo Kio Avenue 8,"$1,100/mo"
118,Room in Bishan Park Condominium,"$1,400/mo"
119,Room in The Gardens At Bishan,"$1,500/mo"
120,Room in 352 Ang Mo Kio Street 32,"$1,200/mo"
121,Master Room in 218 Ang Mo Kio Avenue 1,"$1,200/mo"
122,Master Room in The Countryside,"$2,500/mo"
123,Common Room in 425 Ang Mo Kio Avenue 3,$400/mo
124,Common Room in 425 Ang Mo Kio Avenue 3,$900/mo
125,Common Room in 343 Ang Mo Kio Avenue 3,$980/mo
126,Master Room in 447 Bright Hill Drive,"$1,500/mo"
127,Common Room in Castle Green,"$1,500/mo"
128,Common Room in 596A Ang Mo Kio Street 52,"$1,200/mo"
