,Property,Price
0,Common Room in The Centren,"$1,950/mo"
1,Master Room in 12 Pine Close,"$1,900/mo"
2,Master Room in Wing Fong Mansions,"$1,850/mo"
3,Common Room in Wing Fong Court,"$1,250/mo"
4,Master Room in 32 Cassia Crescent,"$1,600/mo"
5,Master Room in Accord Apartments,"$1,400/mo"
6,Master Room in # 1 Loft,"$1,850/mo"
7,Master Room in Cassia View,"$2,199/mo"
8,Common Room in Lorong 9 Geylang,"$1,200/mo"
9,Common Room in Wing Fong Mansions,"$1,000/mo"
10,Master Room in Cassia View,"$2,300/mo"
11,Common Room in Cassia View,"$1,050/mo"
12,Common Room in 28 Cassia Crescent,$900/mo
13,Common Room in Sims Green,"$1,200/mo"
14,Common Room in Wing Fong Mansions,"$2,000/mo"
15,Room in Loft 33,"$1,600/mo"
16,Master Room in Loft 33,"$1,900/mo"
17,Room in Dakota Residences,"$1,800/mo"
18,Room in Atrium Residences,"$1,600/mo"
19,Common Room in Atrium Residences,"$1,450/mo"
20,Common Room in 28 Cassia Crescent,"$1,250/mo"
21,Room in Sims Green,$880/mo
22,Room in Atrium Residences,"$1,400/mo"
23,Common Room in Wing Fong Mansions,"$1,000/mo"
24,Common Room in Canberlin Lodge,"$1,350/mo"
25,Common Room in Waterbank At Dakota,"$1,800/mo"
26,Room in Penang Service Apartments,"$1,500/mo"
27,Common Room in Cassia View,$999/mo
28,Room in Goodview Apartments,"$1,800/mo"
29,Common Room in Goodview Apartments,"$1,900/mo"
30,Master Room in Wing Fong Court,"$1,850/mo"
31,Room in The Alcove,"$1,650/mo"
32,Common Room in The Midas,"$1,500/mo"
33,Common Room in Canberlin Lodge,"$1,300/mo"
34,Room in Penang Service Apartments,"$2,200/mo"
35,Master Room in Summer View,"$1,800/mo"
36,Master Room in Casa Emerald,"$2,000/mo"
37,Common Room in Casa Emerald,"$1,300/mo"
38,Common Room in Lorong 13 Geylang,"$2,900/mo"
39,Room in 5 Pine Close,"$1,500/mo"
40,Common Room in Wing Fong Mansions,"$1,580/mo"
41,Room in 60 Dakota Crescent,"$1,400/mo"
42,Common Room in Familie Mansions,"$1,000/mo"
43,Master Room in Geylang Conservation Area,"$3,000/mo"
44,Room in Cassia View,"$2,198/mo"
45,Room in Guillemard Suites,"$2,600/mo"
46,Room in Fortville,"$3,840/mo"
47,Common Room in The Amarelle,"$1,650/mo"
48,Master Room in Canne Lodge,"$2,350/mo"
49,Common Room in 3A Upper Boon Keng Road,"$1,000/mo"
50,Common Room in 2 Beach Road,"$1,500/mo"
51,Common Room in Grandlink Square,"$1,400/mo"
52,Common Room in 16 Upper Boon Keng Road,"$2,800/mo"
53,Room in 119 Aljunied Avenue 2,"$2,900/mo"
54,Common Room in Dunman Place,"$1,550/mo"
55,Common Room in Dunman Place,"$1,600/mo"
56,Room in Dunman Place,"$1,750/mo"
57,Master Room in Onan Road,"$2,000/mo"
58,Common Room in Dunman Place,"$1,700/mo"
59,Common Room in TRE Residences,"$1,500/mo"
60,Room in 119 Aljunied Avenue 2,"$2,500/mo"
61,Common Room in Dunman Place,"$1,850/mo"
62,Common Room in 5 Haig Road,"$1,100/mo"
63,Common Room in 8A Upper Boon Keng Road,"$1,198/mo"
64,Room in 119 Aljunied Avenue 2,"$2,100/mo"
65,Master Room in Central Grove,"$2,000/mo"
66,Common Room in Dunman Place,"$1,850/mo"
67,Common Room in Delight Court,"$1,350/mo"
68,Common Room in Central Grove,$880/mo
69,Common Room in Dunman Place,"$1,600/mo"
70,Master Room in Sims 450 Centre,"$2,600/mo"
71,Common Room in TRE Residences,"$1,700/mo"
72,Master Room in The Makena,"$1,700/mo"
73,Master Room in Sunny Grove,"$1,880/mo"
74,Common Room in Dunman Place,"$1,600/mo"
75,Common Room in Dunman Place,"$1,700/mo"
76,Master Room in Canne Lodge,"$2,008/mo"
77,Room in Grandlink Square,"$1,800/mo"
78,Common Room in Delight Court,"$1,358/mo"
79,Room in 3C Upper Boon Keng Road,"$1,100/mo"
80,Common Room in Tanjong Katong Road,"$1,680/mo"
81,Room in 5 Haig Road,"$1,500/mo"
82,Room in Sunny Grove,"$1,880/mo"
83,Common Room in Simsville,"$2,949/mo"
84,Common Room in Aston Mansions,"$1,450/mo"
85,Master Room in Simsville,"$2,300/mo"
86,Common Room in Simsville,"$1,680/mo"
87,Common Room in The Sunny Spring,$900/mo
88,Common Room in Dawn Ville,"$1,000/mo"
89,Master Room in Simsville,"$2,100/mo"
90,Master Room in 108 Aljunied Crescent,"$1,800/mo"
91,Common Room in One Amber,"$1,500/mo"
92,Common Room in Aston Mansions,"$1,600/mo"
93,Common Room in Aston Mansions,"$1,300/mo"
94,Master Room in TRE Residences,"$2,400/mo"
95,Room in Simsville,"$1,450/mo"
96,Common Room in 2D Upper Boon Keng Road,"$1,000/mo"
97,Common Room in 123 Geylang East Central,$900/mo
98,Master Room in Onan Road,"$2,200/mo"
99,Room in TRE Residences,"$2,400/mo"
100,Room in Aston Mansions,"$2,300/mo"
101,Master Room in 16 Upper Boon Keng Road,"$2,800/mo"
102,Master Room in Simsville,"$2,500/mo"
103,Room in Simsville,"$1,550/mo"
104,Room in Central Grove,"$2,200/mo"
105,Room in The Sunny Spring,$900/mo
106,Common Room in 2D Upper Boon Keng Road,"$1,100/mo"
107,Common Room in Equatorial Apartments,"$1,150/mo"
108,Room in 81 Lorong 25 Geylang,"$2,300/mo"
109,Room in Dunman Place,"$1,400/mo"
110,Master Room in Canne Lodge,"$2,200/mo"
111,Common Room in 92 Pipit Road,$900/mo
112,Master Room in 16 @ Amber,"$3,000/mo"
113,Master Room in Water Place,"$7,000/mo"
114,Master Room in Canne Lodge,"$2,200/mo"
115,Common Room in Dunman Place,"$2,200/mo"
116,Common Room in 123 Geylang East Central,"$1,500/mo"
117,Master Room in Paradise Palms,"$2,499/mo"
118,Common Room in Paradise Palms,"$1,899/mo"
119,Common Room in The Sunny Spring,"$1,250/mo"
120,Common Room in Canne Lodge,"$1,900/mo"
121,Room in TRE Residences,"$1,700/mo"
122,Common Room in 2A Upper Boon Keng Road,"$1,400/mo"
123,Master Room in Canne Lodge,"$1,800/mo"
124,Room in Lotus at Paya Lebar (East Wing),"$3,710/mo"
125,Common Room in Sims Dorado,"$2,000/mo"
126,Room in Aston Mansions,"$2,500/mo"
127,Room in Sims Dorado,"$2,500/mo"
128,Common Room in One Amber,"$1,500/mo"
129,Common Room in TRE Residences,"$1,550/mo"
130,Common Room in Sims Urban Oasis,"$1,500/mo"
131,Common Room in Canne Lodge,"$1,800/mo"
132,Common Room in Palm Lodge,"$1,490/mo"
133,Common Room in The Sunny Spring,"$1,250/mo"
134,Common Room in The Sunny Spring,"$1,600/mo"
135,Common Room in Sims Residences,"$1,450/mo"
136,Common Room in Dunman Place,"$1,600/mo"
137,Common Room in Canne Ville,"$2,000/mo"
138,Room in 8B Upper Boon Keng Road,"$1,350/mo"
139,Room in 11 Upper Boon Keng Road,$550/mo
140,Common Room in TRE Residences,"$2,700/mo"
141,Room in 2D Upper Boon Keng Road,"$1,100/mo"
142,Room in 45 Sims Drive,"$1,100/mo"
143,Common Room in 8B Upper Boon Keng Road,"$1,400/mo"
144,Room in Grandlink Square,"$2,000/mo"
145,Room in 112 Lorong 3 Geylang,"$1,000/mo"
146,Room in The Makena,"$1,500/mo"
147,Common Room in 2D Upper Boon Keng Road,$900/mo
148,Room in Eis Residences,"$3,700/mo"
149,Common Room in Simsville,"$2,249/mo"
150,Master Room in 16 Upper Boon Keng Road,"$3,200/mo"
151,Master Room in Boon Keng Ville,"$3,500/mo"
152,Common Room in Aston Mansions,"$1,450/mo"
153,Common Room in Canne Lodge,"$2,200/mo"
154,Common Room in Canne Lodge,"$1,800/mo"
155,Master Room in The Makena,"$2,000/mo"
156,Room in 119 Aljunied Avenue 2,"$2,800/mo"
157,Room in 122 Geylang East Central,$900/mo
158,Common Room in 8A Upper Boon Keng Road,"$1,300/mo"
159,Room in 119 Aljunied Avenue 2,"$2,300/mo"
160,Room in 16 Upper Boon Keng Road,"$2,700/mo"
161,Master Room in 119 Aljunied Avenue 2,"$2,700/mo"
162,Common Room in 119 Aljunied Avenue 2,"$2,800/mo"
163,Master Room in 108 Aljunied Crescent,"$1,400/mo"
164,Common Room in Palm Lodge,"$1,490/mo"
165,Room in TRE Residences,"$1,888/mo"
166,Common Room in Canne Lodge,"$1,900/mo"
167,Common Room in Canne Lodge,"$1,800/mo"
168,Master Room in Canne Lodge,"$2,300/mo"
169,Master Room in The Sunny Spring,"$1,800/mo"
170,Master Room in Sims Urban Oasis,"$2,699/mo"
171,Common Room in Parkshore,"$2,200/mo"
172,Master Room in Simsville,"$1,949/mo"
173,Common Room in Grandlink Square,"$1,800/mo"
174,Master Room in Park Place Residences at Plq,"$2,800/mo"
175,Room in 16 Upper Boon Keng Road,"$1,500/mo"
176,Master Room in The Esta,"$2,000/mo"
177,Room in Lotus at Paya Lebar (East Wing),"$4,570/mo"
178,Room in One K Greenlane,"$3,300/mo"
