,Property,Price
0,Common Room in Botanic Gardens Mansion,"$1,600/mo"
1,Room in Far East Plaza,"$1,667/mo"
2,Room in 2 Delta Avenue,"$1,400/mo"
3,Common Room in Lucky Plaza,$700/mo
4,Common Room in Kimsia Park,"$1,500/mo"
5,Master Room in 52 Strathmore Avenue,"$1,800/mo"
6,Common Room in Orchard Towers,"$1,438/mo"
7,Master Room in Tiara,"$2,600/mo"
8,Master Room in Kimsia Court,"$2,100/mo"
9,Common Room in Kimsia Court,"$1,700/mo"
10,Common Room in Chateau Le Fame,"$1,600/mo"
11,Common Room in 2 Delta Avenue,"$1,500/mo"
12,Common Room in 94 Dawson Road,"$1,200/mo"
13,Master Room in Balmoral Luck,"$1,900/mo"
14,Common Room in Elizabeth Towers,"$1,800/mo"
15,Room in Studio 3,"$4,000/mo"
16,Room in Studio 3,"$4,000/mo"
17,Room in The Scotts Tower,"$5,150/mo"
18,Common Room in Kimsia Court,"$1,700/mo"
19,Common Room in 36 Margaret Drive,"$1,600/mo"
20,Common Room in Kimsia Court,"$1,300/mo"
21,Room in Margaret Ville,"$3,500/mo"
22,Master Room in Spanish Village,"$2,500/mo"
23,Common Room in Kimsia Court,"$1,508/mo"
24,Common Room in 30 Margaret Drive,"$1,000/mo"
25,Master Room in Elizabeth Heights,"$2,000/mo"
26,Common Room in 94 Dawson Road,"$1,200/mo"
27,Common Room in Orchard Towers,"$2,800/mo"
28,Room in Lutheran Road,"$1,600/mo"
29,Common Room in 94 Dawson Road,"$1,200/mo"
30,Room in Holland Tower,"$1,600/mo"
31,Room in Holland Tower,"$2,500/mo"
32,Common Room in Spanish Village,"$1,600/mo"
33,Common Room in Signature @ Lewis,"$2,500/mo"
34,Common Room in Orchard Towers,"$2,000/mo"
35,Common Room in Kimsia Court,"$1,400/mo"
36,Common Room in Lucky Plaza,"$1,988/mo"
37,Common Room in 50 Strathmore Avenue,"$1,100/mo"
38,Common Room in Tiara,"$1,000/mo"
39,Room in Jervois Meadows,"$1,800/mo"
40,Common Room in 32 Margaret Drive,"$1,400/mo"
41,Common Room in 133 Clarence Lane,"$1,100/mo"
42,Room in The Scotts Tower,"$5,150/mo"
43,Room in Lutheran Road,"$1,600/mo"
44,Master Room in River Valley Apartments,"$2,200/mo"
45,Room in 95 Dawson Road,"$1,000/mo"
46,Common Room in Kellock Lodge,"$1,500/mo"
47,Common Room in 39A Margaret Drive,"$1,800/mo"
48,Common Room in River Valley Road,"$2,100/mo"
49,Common Room in River Valley Road,"$1,600/mo"
50,Common Room in Jalan Arnap,"$2,000/mo"
51,Common Room in 8A Empress Road,"$1,300/mo"
52,Common Room in 49 Strathmore Avenue,"$1,499/mo"
53,Common Room in 87 Dawson Road,"$2,000/mo"
54,Room in 2 Queen's Road,"$1,500/mo"
55,Room in 42A Margaret Drive,"$2,100/mo"
56,Room in 39A Margaret Drive,"$1,500/mo"
57,Common Room in 94 Dawson Road,"$1,200/mo"
58,Room in Spring Grove,"$2,488/mo"
59,Common Room in Hoot Kiam Mansion,"$1,700/mo"
60,Common Room in 96B Dawson Road,"$1,500/mo"
61,Common Room in Spanish Village,"$2,400/mo"
62,Common Room in 50 Strathmore Avenue,"$1,500/mo"
63,Master Room in Delfi Orchard,"$2,588/mo"
64,Master Room in Orchard Hotel Singapore,"$2,588/mo"
65,Common Room in Horizon Towers,"$1,700/mo"
66,Master Room in 62B Strathmore Avenue,"$1,500/mo"
67,Master Room in Kimsia Court,"$2,500/mo"
68,Room in OUE Twin Peaks,"$5,300/mo"
69,Common Room in Lucky Plaza,"$2,200/mo"
70,Common Room in Rainbow Mansions,"$2,800/mo"
71,Common Room in 5 Delta Avenue,"$1,100/mo"
72,Common Room in 5 Delta Avenue,$800/mo
