,Property,Price
0,Room in Far East Plaza,"$1,667/mo"
1,Common Room in Top Ten,"$2,300/mo"
2,Common Room in Kimsia Park,"$1,500/mo"
3,Master Room in Kimsia Court,"$2,100/mo"
4,Common Room in Kimsia Court,"$1,700/mo"
5,Master Room in Gloucester Mansions,"$2,700/mo"
6,Common Room in Cavenagh Gardens,"$1,100/mo"
7,Master Room in Balmoral Luck,"$1,900/mo"
8,Common Room in Elizabeth Towers,"$1,800/mo"
9,Common Room in Parc Centennial,"$2,250/mo"
10,Room in The Scotts Tower,"$5,150/mo"
11,Common Room in Kimsia Court,"$1,700/mo"
12,Common Room in Kimsia Court,"$1,300/mo"
13,Common Room in Cavenagh Gardens,"$1,480/mo"
14,Common Room in Kimsia Court,"$1,508/mo"
15,Common Room in The Lincoln Residences,"$1,450/mo"
16,Master Room in Elizabeth Heights,"$2,000/mo"
17,Room in Fraser Residence Singapore,"$2,900/mo"
18,Room in Thomson Euro-Asia,"$1,400/mo"
19,Room in Lion Towers,"$1,500/mo"
20,Master Room in Cavenagh Gardens,"$1,300/mo"
21,Common Room in The Lincoln Residences,"$1,600/mo"
22,Master Room in Rising Suites,"$1,400/mo"
23,Common Room in Kimsia Court,"$1,400/mo"
24,Room in Thomson Euro-Asia,"$1,700/mo"
25,Master Room in Buckley Road,"$16,000/mo"
26,Common Room in Lucky Plaza,"$1,988/mo"
27,Room in The Scotts Tower,"$5,150/mo"
28,Master Room in Fraser Residence Singapore,"$2,900/mo"
29,Common Room in Thomson Euro-Asia,"$1,700/mo"
30,Common Room in Thomson Euro-Asia,"$1,800/mo"
31,Common Room in Fraser Residence Singapore,"$2,800/mo"
32,Room in Fraser Residence Singapore,"$2,900/mo"
33,Master Room in Fraser Residence Singapore,"$2,900/mo"
34,Master Room in Barker Ville,"$3,800/mo"
35,Room in Fraser Residence Singapore,"$2,900/mo"
36,Master Room in Fraser Residence Singapore,"$2,900/mo"
37,Common Room in Thomson Euro-Asia,"$1,800/mo"
38,Master Room in Kimsia Court,"$2,500/mo"
39,Common Room in Lucky Plaza,"$2,200/mo"
40,Master Room in Fraser Residence Singapore,"$2,900/mo"
41,Master Room in Birmingham Mansions,"$1,600/mo"
42,Common Room in Thomson Euro-Asia,"$1,700/mo"
43,Room in Fraser Residence Singapore,"$3,800/mo"
44,Room in Fraser Residence Singapore,"$3,200/mo"
45,Room in Fraser Residence Singapore,"$2,900/mo"
46,Common Room in Cavenagh Gardens,"$1,680/mo"
47,Room in 22 Cavenagh Road,"$3,334/mo"
48,Room in OG Orchard Point,"$8,833/mo"
49,Master Room in Orchard Court,"$2,000/mo"
50,Common Room in 11 Farrer Park Road,"$1,400/mo"
51,Common Room in Balestier Point,"$1,200/mo"
52,Common Room in Orchard Towers,"$1,438/mo"
53,Master Room in Ava Towers,"$1,850/mo"
54,Common Room in Tianso Heights,"$1,850/mo"
55,Common Room in Chateau Le Fame,"$1,600/mo"
56,Master Room in Emerald Hill Conservation Area,"$2,000/mo"
57,Master Room in 12 Farrer Park Road,"$2,000/mo"
58,Master Room in Peace Centre/Peace Mansion / Peace Centre,"$1,500/mo"
59,Common Room in Peace Centre/Peace Mansion / Peace Centre,"$1,100/mo"
60,Master Room in One Oxley Rise,"$2,300/mo"
61,Master Room in Former Peace Centre/Peace Mansion,"$2,500/mo"
62,Master Room in Orchard Court,"$2,000/mo"
63,Common Room in 668 Chander Road,"$2,800/mo"
64,Master Room in Ava Towers,"$1,850/mo"
65,Common Room in Bassein Court,$950/mo
66,Master Room in Sing Avenue,"$2,500/mo"
67,Master Room in Vista Residences,"$2,700/mo"
68,Common Room in The Huntington,"$2,750/mo"
69,Master Room in Langston Ville,"$2,700/mo"
70,Master Room in 8 Farrer Suites,"$2,200/mo"
71,Master Room in Novena Court,"$1,900/mo"
72,Master Room in Mandalay Mansion,"$1,600/mo"
73,Master Room in 8 Farrer Suites,"$2,300/mo"
74,Common Room in 681 Race Course Road,"$1,100/mo"
75,Common Room in Tianso Heights,"$1,850/mo"
76,Master Room in Ava Towers,"$1,850/mo"
77,Room in Uptown @ Farrer,"$3,200/mo"
78,Master Room in Burlington Square,"$2,500/mo"
79,Common Room in Burlington Square,"$1,900/mo"
80,Common Room in River Valley Court,"$1,280/mo"
81,Room in 668 Chander Road,"$1,488/mo"
82,Room in Langston Ville,"$2,700/mo"
83,Room in Soleil @ Sinaran,"$4,280/mo"
84,Common Room in Orchard Towers,"$2,800/mo"
85,Common Room in Riverdale Residence,"$1,800/mo"
86,Common Room in Owen Road,"$2,000/mo"
87,Room in Illuminaire On Devonshire,"$4,000/mo"
88,Common Room in 52 Kent Road,"$1,500/mo"
89,Master Room in 8 Farrer Suites,"$2,400/mo"
90,Common Room in Race Course Mansion,"$1,600/mo"
91,Common Room in Little India Conservation Area,"$6,500/mo"
92,Master Room in 25 Truro Road,"$2,288/mo"
93,Master Room in Vista Residences,"$2,800/mo"
94,Master Room in Burlington Square,"$2,500/mo"
95,Common Room in 12 Farrer Park Road,"$1,500/mo"
96,Common Room in 51 Kent Road,"$1,200/mo"
97,Common Room in Signature @ Lewis,"$2,500/mo"
98,Room in Sophia Hills,"$2,400/mo"
99,Master Room in Shrewsbury Road,"$1,550/mo"
100,Common Room in Orchard Towers,"$2,000/mo"
101,Common Room in Niven Road,"$1,200/mo"
102,Common Room in Sunshine Plaza,"$1,000/mo"
103,Common Room in Burlington Square,"$1,400/mo"
104,Common Room in Lloyd Mansion,"$2,000/mo"
105,Common Room in Yong An Park,"$1,650/mo"
106,Common Room in Vista Residences,"$1,800/mo"
107,Master Room in Kentish Lodge,"$2,600/mo"
108,Master Room in Sophia Crest,"$2,400/mo"
109,Common Room in Novena Court,"$1,800/mo"
110,Common Room in Mandalay Mansion,"$1,050/mo"
111,Common Room in Mandalay Mansion,"$1,200/mo"
112,Common Room in 48A Dorset Road,$950/mo
113,Common Room in 102 Jalan Dusun,"$1,200/mo"
114,Common Room in Burlington Square,"$1,900/mo"
115,Master Room in Burlington Square,"$2,600/mo"
116,Room in Kentish Green,$850/mo
117,Master Room in Little India Conservation Area,"$2,000/mo"
118,Room in Burlington Square,"$1,800/mo"
119,Common Room in Apleton View,"$1,850/mo"
120,Common Room in Mandalay Mansion,"$1,200/mo"
121,Common Room in 101 Ah Hood Road,"$1,100/mo"
122,Common Room in Wilkie Court,"$1,250/mo"
123,Common Room in Burlington Square,"$1,800/mo"
124,Master Room in Burlington Square,"$2,600/mo"
125,Room in 101 Ah Hood Road,"$1,000/mo"
126,Master Room in The Whitley Residences,"$2,200/mo"
127,Room in Mackenzie 88,"$3,500/mo"
128,Common Room in 8 Farrer Suites,"$2,399/mo"
129,Master Room in One Oxley Rise,"$2,300/mo"
130,Master Room in Jalan Merlimau,"$1,900/mo"
131,Room in Moulmein Court,"$1,400/mo"
132,Room in 8 Farrer Suites,"$2,200/mo"
133,Room in Sophia Hills,"$2,500/mo"
134,Common Room in Jalan Arnap,"$2,000/mo"
135,Common Room in The Mkz,"$1,680/mo"
136,Master Room in Vista Residences,"$2,700/mo"
137,Common Room in Hollywood Apartments,"$1,550/mo"
138,Room in Wilkie Apartments,"$2,350/mo"
139,Room in The Arte,"$2,500/mo"
140,Master Room in The Belleforte,"$1,450/mo"
141,Master Room in The Huntington,"$2,620/mo"
142,Master Room in 641 Rowell Road,"$2,200/mo"
143,Common Room in Kentish Court,"$1,350/mo"
144,Master Room in 69 Moulmein Road,"$2,200/mo"
145,Room in The Metz,"$5,500/mo"
146,Master Room in Liv On Wilkie,"$2,500/mo"
147,Common Room in Nova 48,"$1,300/mo"
148,Common Room in Hoot Kiam Mansion,"$1,700/mo"
149,Master Room in Delfi Orchard,"$2,588/mo"
150,Master Room in Orchard Hotel Singapore,"$2,588/mo"
151,Common Room in 641 Rowell Road,"$1,700/mo"
152,Common Room in Horizon Towers,"$1,700/mo"
153,Room in 8 Selegie Road,"$1,200/mo"
154,Master Room in Goldhill Avenue,"$2,000/mo"
155,Common Room in Race Course Mansion,"$1,800/mo"
156,Common Room in Zedge,"$1,850/mo"
157,Room in 8 St Thomas,"$8,000/mo"
158,Room in Cairnhill Nine,"$8,000/mo"
159,Room in OUE Twin Peaks,"$5,300/mo"
160,Room in 102 Jalan Dusun,"$1,400/mo"
161,Room in Sophia Hills,"$2,700/mo"
162,Common Room in Rainbow Mansions,"$2,800/mo"
163,Common Room in Balestier Point,"$1,380/mo"
164,Room in Uptown @ Farrer,"$2,900/mo"
165,Common Room in Joo Avenue,"$1,200/mo"
166,Common Room in Former Peace Centre/Peace Mansion,"$2,300/mo"
167,Room in 8 Farrer Suites,"$2,200/mo"
