,Property,Price
0,Common Room in 256D Sumang Walk,$900/mo
1,Common Room in 310B Punggol Walk,"$1,200/mo"
2,Common Room in 266C Punggol Way,"$1,200/mo"
3,Common Room in 308C Punggol Walk,$850/mo
4,Common Room in 313C Sumang Link,$900/mo
5,Common Room in 313C Sumang Link,$900/mo
6,Master Room in A Treasure Trove,"$1,500/mo"
7,Master Room in 406C Northshore Drive,"$1,900/mo"
8,Common Room in 261B Punggol Way,$800/mo
9,Room in 314B Punggol Way,"$1,600/mo"
10,Room in 305D Punggol Drive,$950/mo
11,Room in 406C Northshore Drive,"$1,900/mo"
12,Common Room in 314A Punggol Way,$800/mo
13,Master Room in 308C Punggol Walk,"$1,800/mo"
14,Common Room in 302B Punggol Place,$850/mo
15,Common Room in 271C Punggol Walk,"$1,100/mo"
16,Master Room in 402A Northshore Drive,"$1,600/mo"
17,Common Room in 269C Punggol Field,"$1,400/mo"
18,Master Room in 256D Sumang Walk,$900/mo
19,Common Room in A Treasure Trove,"$1,500/mo"
20,Room in 406 Northshore Drive,"$1,500/mo"
21,Master Room in 314B Punggol Way,"$1,400/mo"
22,Common Room in A Treasure Trove,"$1,500/mo"
23,Common Room in 256B Sumang Walk,$900/mo
24,Common Room in A Treasure Trove,"$1,750/mo"
25,Common Room in 269B Punggol Field,"$1,000/mo"
26,Common Room in 305D Punggol Drive,$950/mo
27,Common Room in 682B Edgedale Plains,"$1,000/mo"
28,Common Room in 202A Punggol Field,"$1,000/mo"
29,Common Room in 195C Punggol Road,"$1,200/mo"
30,Common Room in The Amore,"$1,200/mo"
31,Common Room in 107D Edgefield Plains,"$1,000/mo"
32,Master Room in Bellewaters,"$1,500/mo"
33,Common Room in 295C Compassvale Crescent,"$1,000/mo"
34,Common Room in 622C Punggol Central,$900/mo
35,Common Room in 612C Punggol Drive,$850/mo
36,Common Room in 632B Punggol Drive,$900/mo
37,Common Room in 293C Compassvale Crescent,"$1,100/mo"
38,Common Room in 187 Punggol Central,$800/mo
39,Master Room in Twin Waterfalls,"$1,500/mo"
40,Common Room in 296B Compassvale Crescent,$800/mo
41,Master Room in 294 Punggol Central,"$2,000/mo"
42,Common Room in 213A Punggol Walk,"$1,000/mo"
43,Master Room in Prive,"$2,200/mo"
44,Master Room in 188C Rivervale Drive,$900/mo
45,Common Room in 624A Punggol Central,$850/mo
46,Common Room in The Amore,"$1,100/mo"
47,Common Room in The Vales,"$1,600/mo"
48,Common Room in 635C Punggol Drive,$950/mo
49,Common Room in 668B Edgefield Plains,"$1,300/mo"
50,Common Room in 286C Compassvale Crescent,"$1,500/mo"
51,Room in 678C Punggol Drive,$900/mo
52,Room in 334B Anchorvale Crescent,"$1,800/mo"
53,Common Room in 111 Edgefield Plains,"$1,000/mo"
54,Common Room in 217B Sumang Walk,$850/mo
55,Master Room in 102B Punggol Field,"$1,000/mo"
56,Common Room in 104B Edgefield Plains,$900/mo
57,Room in 104B Edgefield Plains,$900/mo
58,Room in 296A Compassvale Crescent,"$1,100/mo"
59,Room in 299 Punggol Central,"$1,200/mo"
60,Common Room in 622C Punggol Central,"$1,200/mo"
61,Common Room in 104B Edgefield Plains,$900/mo
62,Common Room in 612C Punggol Drive,$950/mo
63,Master Room in 682B Edgedale Plains,"$1,500/mo"
64,Room in 613D Punggol Drive,$950/mo
65,Common Room in 292A Compassvale Street,"$1,200/mo"
66,Room in 425 Northshore Crescent,"$1,200/mo"
67,Common Room in Waterbay,"$1,360/mo"
68,Common Room in Treasure Crest,$600/mo
69,Common Room in 105B Edgefield Plains,$950/mo
70,Master Room in 211D Punggol Walk,"$1,200/mo"
71,Common Room in 612C Punggol Drive,$850/mo
72,Master Room in 196D Punggol Field,"$1,200/mo"
73,Common Room in Waterbay,"$1,500/mo"
74,Common Room in Bellewaters,"$1,200/mo"
75,Master Room in 211D Punggol Walk,"$1,350/mo"
76,Common Room in 672A Edgefield Plains,$850/mo
77,Common Room in 619C Punggol Drive,$850/mo
78,Common Room in 207B Punggol Place,"$1,000/mo"
79,Room in 208B Punggol Place,"$1,400/mo"
80,Common Room in 334B Anchorvale Crescent,"$1,500/mo"
81,Room in 196C Punggol Field,"$1,300/mo"
82,Common Room in 228B Punggol Field,$800/mo
83,Room in 175C Punggol Field,"$1,000/mo"
84,Common Room in 220C Sumang Lane,$900/mo
85,Common Room in Ecopolitan,"$1,800/mo"
86,Room in 299 Punggol Central,"$1,000/mo"
87,Common Room in Parc Centros,"$2,000/mo"
88,Common Room in 670C Edgefield Plains,$900/mo
89,Common Room in 209C Punggol Place,$850/mo
90,Common Room in 195D Punggol Road,"$1,100/mo"
91,Common Room in 297B Compassvale Street,$800/mo
92,Common Room in The Vales,"$1,600/mo"
93,Room in Twin Waterfalls,"$1,300/mo"
94,Master Room in 105A Edgefield Plains,"$1,100/mo"
95,Master Room in Twin Waterfalls,"$1,250/mo"
96,Common Room in Treasure Crest,"$1,200/mo"
97,Master Room in 228B Punggol Field,"$1,500/mo"
98,Common Room in 273D Punggol Place,"$1,000/mo"
99,Room in 101A Punggol Field,"$1,500/mo"
100,Common Room in The Vales,"$1,000/mo"
