,Property,Price
0,Master Room in Serangoon Road,"$2,400/mo"
1,Master Room in Studios @ Marne,"$3,500/mo"
2,Common Room in 5 Boon Keng Road,"$1,000/mo"
3,Master Room in 8 Farrer Suites,"$2,300/mo"
4,Common Room in 681 Race Course Road,"$1,100/mo"
5,Room in Uptown @ Farrer,"$3,200/mo"
6,Master Room in Burlington Square,"$2,500/mo"
7,Common Room in Burlington Square,"$1,900/mo"
8,Common Room in City Square Residences,"$2,200/mo"
9,Room in Kerrisdale,"$1,600/mo"
10,Common Room in City Square Residences,"$2,200/mo"
11,Master Room in Canne Lodge,"$2,008/mo"
12,Master Room in Jalan Besar Plaza,"$2,500/mo"
13,Room in 668 Chander Road,"$1,488/mo"
14,Room in 3C Upper Boon Keng Road,"$1,100/mo"
15,Room in 32 Penhas Road,"$1,449/mo"
16,Master Room in Kerrisdale,$900/mo
17,Common Room in City Square Residences,"$2,000/mo"
18,Common Room in City Square Residences,"$2,000/mo"
19,Common Room in Citylights,"$2,000/mo"
20,Master Room in 8 Farrer Suites,"$2,400/mo"
21,Common Room in Race Course Mansion,"$1,600/mo"
22,Room in City Square Residences,"$2,600/mo"
23,Room in 32 Penhas Road,"$2,849/mo"
24,Common Room in 2D Upper Boon Keng Road,"$1,000/mo"
25,Common Room in 232 Bain Street,"$1,418/mo"
26,Master Room in 16 Upper Boon Keng Road,"$2,800/mo"
27,Common Room in The Bencoolen,"$1,950/mo"
28,Common Room in Little India Conservation Area,"$6,500/mo"
29,Master Room in Kerrisdale,"$2,500/mo"
30,Room in City Square Residences,"$2,600/mo"
31,Common Room in 2D Upper Boon Keng Road,"$1,100/mo"
32,Master Room in Burlington Square,"$2,500/mo"
33,Common Room in 12 Farrer Park Road,"$1,500/mo"
34,Common Room in Canberlin Lodge,"$1,350/mo"
35,Room in Sophia Hills,"$2,400/mo"
36,Master Room in Kerrisdale,"$2,000/mo"
37,Master Room in Canne Lodge,"$2,200/mo"
38,Common Room in Kerrisdale,"$1,200/mo"
39,Master Room in Water Place,"$7,000/mo"
40,Master Room in Canne Lodge,"$2,200/mo"
41,Common Room in Niven Road,"$1,200/mo"
42,Common Room in Sunshine Plaza,"$1,000/mo"
43,Common Room in Burlington Square,"$1,400/mo"
44,Room in 269B Queen Street,"$1,400/mo"
45,Common Room in Canne Lodge,"$1,900/mo"
46,Common Room in 2A Upper Boon Keng Road,"$1,400/mo"
47,Master Room in City Square Residences,"$2,600/mo"
48,Master Room in Canne Lodge,"$1,800/mo"
49,Room in Goodview Apartments,"$1,800/mo"
50,Common Room in Goodview Apartments,"$1,900/mo"
51,Master Room in Sophia Crest,"$2,400/mo"
52,Common Room in City Square Residences,"$1,800/mo"
53,Common Room in Burlington Square,"$1,900/mo"
54,Master Room in Burlington Square,"$2,600/mo"
55,Master Room in Little India Conservation Area,"$2,000/mo"
56,Master Room in 95 Lavender Street,"$1,650/mo"
57,Master Room in City Square Residences,"$2,600/mo"
58,Master Room in City Square Residences,"$2,300/mo"
59,Common Room in City Square Residences,"$1,600/mo"
60,Common Room in Canne Lodge,"$1,800/mo"
61,Room in Burlington Square,"$1,800/mo"
62,Common Room in Wilkie Court,"$1,250/mo"
63,Common Room in Burlington Square,"$1,800/mo"
64,Common Room in Canberlin Lodge,"$1,300/mo"
65,Room in Kerrisdale,"$2,000/mo"
66,Common Room in Canne Ville,"$2,000/mo"
67,Room in 8B Upper Boon Keng Road,"$1,350/mo"
68,Room in 11 Upper Boon Keng Road,$550/mo
69,Room in Mackenzie 88,"$3,500/mo"
70,Common Room in City Square Residences,"$2,100/mo"
71,Room in 2D Upper Boon Keng Road,"$1,100/mo"
72,Common Room in 8B Upper Boon Keng Road,"$1,400/mo"
73,Common Room in 8 Farrer Suites,"$2,399/mo"
74,Common Room in Petain Court,"$1,400/mo"
75,Room in 112 Lorong 3 Geylang,"$1,000/mo"
76,Room in 8 Farrer Suites,"$2,200/mo"
77,Room in Sophia Hills,"$2,500/mo"
78,Master Room in Lavender Street,"$2,300/mo"
79,Master Room in Kerrisdale,"$1,700/mo"
80,Common Room in 2D Upper Boon Keng Road,$900/mo
81,Master Room in 16 Upper Boon Keng Road,"$3,200/mo"
82,Master Room in Boon Keng Ville,"$3,500/mo"
83,Common Room in Canne Lodge,"$2,200/mo"
84,Common Room in Canne Lodge,"$1,800/mo"
85,Common Room in Race Course Mansion,"$1,800/mo"
86,Room in Wilkie Apartments,"$2,350/mo"
87,Room in Studios @ Marne,"$3,500/mo"
88,Room in 232 Bain Street,"$1,500/mo"
89,Common Room in 8A Upper Boon Keng Road,"$1,300/mo"
90,Room in 16 Upper Boon Keng Road,"$2,700/mo"
91,Common Room in Kerrisdale,"$1,700/mo"
92,Master Room in 641 Rowell Road,"$2,200/mo"
93,Common Room in Familie Mansions,"$1,000/mo"
94,Master Room in Liv On Wilkie,"$2,500/mo"
95,Master Room in City Square Mall,"$2,900/mo"
96,Master Room in Petain Road/Tyrwhitt Road Conservation Area,"$2,500/mo"
97,Common Room in 641 Rowell Road,"$1,700/mo"
98,Common Room in 642 Rowell Road,"$1,400/mo"
99,Room in 8 Selegie Road,"$1,200/mo"
100,Common Room in City Square Residences,"$1,600/mo"
101,Common Room in City Square Residences,"$1,700/mo"
102,Common Room in Canne Lodge,"$1,900/mo"
103,Common Room in Canne Lodge,"$1,800/mo"
104,Master Room in Canne Lodge,"$2,300/mo"
105,Room in Sophia Hills,"$2,700/mo"
106,Master Room in Studios @ Marne,"$3,400/mo"
107,Common Room in 263 Waterloo Street,"$1,400/mo"
108,Common Room in Citylights,"$1,950/mo"
109,Room in Studios @ Marne,"$3,400/mo"
110,Room in 16 Upper Boon Keng Road,"$1,500/mo"
111,Room in Uptown @ Farrer,"$2,900/mo"
112,Master Room in Bencoolen House,"$2,200/mo"
113,Common Room in 684 Race Course Road,"$1,000/mo"
114,Common Room in Former Peace Centre/Peace Mansion,"$2,300/mo"
115,Room in 685 Race Course Road,"$1,800/mo"
116,Room in The Bencoolen,"$2,600/mo"
117,Room in 8 Farrer Suites,"$2,200/mo"
