,Property,Price
0,Common Room in Balestier Point,"$1,200/mo"
1,Master Room in Ava Towers,"$1,850/mo"
2,Common Room in Tianso Heights,"$1,850/mo"
3,Master Room in Gloucester Mansions,"$2,700/mo"
4,Master Room in Ava Towers,"$1,850/mo"
5,Common Room in Bassein Court,$950/mo
6,Master Room in Vista Residences,"$2,700/mo"
7,Common Room in The Huntington,"$2,750/mo"
8,Common Room in Parc Centennial,"$2,250/mo"
9,Master Room in Novena Court,"$1,900/mo"
10,Master Room in Mandalay Mansion,"$1,600/mo"
11,Common Room in Tianso Heights,"$1,850/mo"
12,Master Room in Ava Towers,"$1,850/mo"
13,Common Room in The Lincoln Residences,"$1,450/mo"
14,Room in Soleil @ Sinaran,"$4,280/mo"
15,Room in Thomson Euro-Asia,"$1,400/mo"
16,Common Room in 52 Kent Road,"$1,500/mo"
17,Room in Lion Towers,"$1,500/mo"
18,Common Room in The Lincoln Residences,"$1,600/mo"
19,Master Room in 25 Truro Road,"$2,288/mo"
20,Master Room in Vista Residences,"$2,800/mo"
21,Common Room in 51 Kent Road,"$1,200/mo"
22,Master Room in Shrewsbury Road,"$1,550/mo"
23,Common Room in Vista Residences,"$1,800/mo"
24,Room in Thomson Euro-Asia,"$1,700/mo"
25,Master Room in Buckley Road,"$16,000/mo"
26,Common Room in Balestier Plaza,"$1,400/mo"
27,Common Room in Novena Court,"$1,800/mo"
28,Common Room in Mandalay Mansion,"$1,050/mo"
29,Common Room in Mandalay Mansion,"$1,200/mo"
30,Common Room in 102 Jalan Dusun,"$1,200/mo"
31,Common Room in Balestier Plaza,"$1,400/mo"
32,Common Room in Apleton View,"$1,850/mo"
33,Common Room in Mandalay Mansion,"$1,200/mo"
34,Common Room in 101 Ah Hood Road,"$1,100/mo"
35,Master Room in Balestier Plaza,"$2,300/mo"
36,Room in 101 Ah Hood Road,"$1,000/mo"
37,Room in Balestier Plaza,"$1,350/mo"
38,Master Room in The Whitley Residences,"$2,200/mo"
39,Master Room in Jalan Merlimau,"$1,900/mo"
40,Room in Moulmein Court,"$1,400/mo"
41,Common Room in Thomson Euro-Asia,"$1,700/mo"
42,Common Room in Thomson Euro-Asia,"$1,800/mo"
43,Master Room in Vista Residences,"$2,700/mo"
44,Room in The Arte,"$2,500/mo"
45,Master Room in The Belleforte,"$1,450/mo"
46,Master Room in The Huntington,"$2,620/mo"
47,Master Room in Barker Ville,"$3,800/mo"
48,Master Room in 69 Moulmein Road,"$2,200/mo"
49,Common Room in Nova 48,"$1,300/mo"
50,Common Room in Thomson Euro-Asia,"$1,800/mo"
51,Common Room in Zedge,"$1,850/mo"
52,Room in 102 Jalan Dusun,"$1,400/mo"
53,Master Room in Birmingham Mansions,"$1,600/mo"
54,Common Room in Balestier Point,"$1,380/mo"
55,Common Room in Thomson Euro-Asia,"$1,700/mo"
56,Room in Far East Plaza,"$1,667/mo"
57,Room in Jalan Besar,"$2,940/mo"
58,Common Room in 11 Farrer Park Road,"$1,400/mo"
59,Common Room in Kimsia Park,"$1,500/mo"
60,Common Room in Ritz Mansions,"$1,380/mo"
61,Common Room in 85A Lorong 4 Toa Payoh,$800/mo
62,Common Room in Ritz Mansions,"$1,450/mo"
63,Common Room in 264 Toa Payoh East,"$1,600/mo"
64,Common Room in Race Course Road,"$1,500/mo"
65,Master Room in 107 Towner Road,"$2,000/mo"
66,Master Room in Kimsia Court,"$2,100/mo"
67,Common Room in 19 Jalan Tenteram,"$1,000/mo"
68,Common Room in Kimsia Court,"$1,700/mo"
69,Common Room in 138C Lorong 1A Toa Payoh,"$1,500/mo"
70,Common Room in Chateau Le Fame,"$1,600/mo"
71,Master Room in Emerald Hill Conservation Area,"$2,000/mo"
72,Common Room in 5 Saint George's Lane,"$1,200/mo"
73,Master Room in 12 Farrer Park Road,"$2,000/mo"
74,Master Room in The Interweave,"$2,600/mo"
75,Common Room in 683 Tessensohn Road,"$1,100/mo"
76,Common Room in 241 Kim Keat Link,"$1,300/mo"
77,Common Room in 122 Mcnair Road,"$1,500/mo"
78,Common Room in 122 Mcnair Road,"$1,500/mo"
79,Common Room in 8 Saint George's Lane,"$1,600/mo"
80,Common Room in Top Ten,"$2,300/mo"
81,Master Room in 101 Jalan Rajah,"$1,200/mo"
82,Common Room in 74 Whampoa Drive,"$1,100/mo"
83,Common Room in 157 Lorong 1 Toa Payoh,"$1,200/mo"
84,Common Room in 74 Whampoa Drive,$750/mo
85,Common Room in 668 Chander Road,"$2,800/mo"
86,Common Room in 178 Toa Payoh Central,$800/mo
87,Common Room in Cavenagh Gardens,"$1,100/mo"
88,Master Room in Sing Avenue,"$2,500/mo"
89,Common Room in 158 Lorong 1 Toa Payoh,"$2,400/mo"
90,Master Room in Balmoral Luck,"$1,900/mo"
91,Common Room in Elizabeth Towers,"$1,800/mo"
92,Master Room in 8 Farrer Suites,"$2,200/mo"
93,Common Room in Regal Court,"$1,000/mo"
94,Master Room in Serangoon Road,"$3,000/mo"
95,Master Room in Serangoon Road,"$2,400/mo"
96,Master Room in Studios @ Marne,"$3,500/mo"
97,Room in The Scotts Tower,"$5,150/mo"
98,Common Room in 5 Boon Keng Road,"$1,000/mo"
99,Common Room in Ritz Mansions,"$1,200/mo"
100,Master Room in 8 Farrer Suites,"$2,300/mo"
101,Common Room in 681 Race Course Road,"$1,100/mo"
102,Common Room in Kimsia Court,"$1,700/mo"
103,Room in Uptown @ Farrer,"$3,200/mo"
104,Master Room in 138C Lorong 1A Toa Payoh,"$2,000/mo"
105,Common Room in Kimsia Court,"$1,300/mo"
106,Room in 54 Jalan Ma'Mor,"$1,050/mo"
107,Master Room in Neem Tree,"$2,100/mo"
108,Common Room in 5 Saint George's Lane,"$1,200/mo"
109,Common Room in City Square Residences,"$2,200/mo"
110,Room in Kerrisdale,"$1,600/mo"
111,Common Room in Cavenagh Gardens,"$1,480/mo"
112,Common Room in City Square Residences,"$2,200/mo"
113,Common Room in 112 Whampoa Road,"$1,000/mo"
114,Common Room in Kimsia Court,"$1,508/mo"
115,Common Room in Kim Keat House,"$1,350/mo"
116,Room in 17 Jalan Tenteram,$550/mo
117,Common Room in 17 Jalan Tenteram,$550/mo
118,Room in 668 Chander Road,"$1,488/mo"
119,Master Room in Elizabeth Heights,"$2,000/mo"
120,Room in Fraser Residence Singapore,"$2,900/mo"
121,Master Room in 101 Jalan Rajah,"$1,500/mo"
122,Common Room in Summer Green,"$1,320/mo"
123,Master Room in Kerrisdale,$900/mo
124,Common Room in Owen Road,"$2,000/mo"
125,Common Room in City Square Residences,"$2,000/mo"
126,Common Room in City Square Residences,"$2,000/mo"
127,Common Room in 6 Saint George's Lane,$900/mo
128,Master Room in 8 Farrer Suites,"$2,400/mo"
129,Master Room in Cavenagh Gardens,"$1,300/mo"
130,Common Room in Race Course Mansion,"$1,600/mo"
131,Room in City Square Residences,"$2,600/mo"
132,Common Room in 121 Mcnair Road,"$1,200/mo"
133,Common Room in Little India Conservation Area,"$6,500/mo"
134,Master Room in Kerrisdale,"$2,500/mo"
135,Room in City Square Residences,"$2,600/mo"
136,Master Room in Rising Suites,"$1,400/mo"
137,Room in 6 Saint George's Lane,$900/mo
138,Common Room in 12 Farrer Park Road,"$1,500/mo"
139,Common Room in 105 Towner Road,"$1,500/mo"
140,Master Room in Balestier 288,"$2,000/mo"
141,Master Room in Kerrisdale,"$2,000/mo"
142,Common Room in Kerrisdale,"$1,200/mo"
143,Common Room in Trevista,"$1,600/mo"
144,Common Room in 153 Lorong 2 Toa Payoh,"$1,100/mo"
145,Master Room in 85C Lorong 4 Toa Payoh,"$1,200/mo"
146,Common Room in Niven Road,"$1,200/mo"
147,Common Room in Kimsia Court,"$1,400/mo"
148,Master Room in 3 Saint George's Road,"$1,200/mo"
149,Common Room in 80A Lorong 4 Toa Payoh,"$1,450/mo"
150,Common Room in Neem Tree,"$2,100/mo"
151,Common Room in Neem Tree,"$1,600/mo"
152,Master Room in Kentish Lodge,"$2,600/mo"
153,Master Room in City Square Residences,"$2,600/mo"
154,Master Room in 154 Lorong 2 Toa Payoh,"$1,800/mo"
155,Room in 109 Mcnair Road,$900/mo
156,Common Room in 48A Dorset Road,$950/mo
157,Common Room in City Square Residences,"$1,800/mo"
158,Common Room in 8 Saint George's Lane,"$1,600/mo"
159,Master Room in 152 Lorong 2 Toa Payoh,"$2,000/mo"
160,Room in Kentish Green,$850/mo
161,Master Room in Little India Conservation Area,"$2,000/mo"
162,Common Room in 110 Mcnair Road,"$1,500/mo"
163,Room in The Scotts Tower,"$5,150/mo"
164,Master Room in City Square Residences,"$2,600/mo"
165,Master Room in City Square Residences,"$2,300/mo"
166,Common Room in City Square Residences,"$1,600/mo"
167,Common Room in De Royale,"$1,750/mo"
168,Common Room in Parc Haven,"$1,000/mo"
169,Master Room in Parc Haven,"$2,700/mo"
170,Common Room in De Royale,"$1,750/mo"
171,Common Room in Parc Haven,"$1,800/mo"
172,Master Room in Parc Haven,"$2,400/mo"
173,Common Room in Wilkie Court,"$1,250/mo"
174,Room in Kerrisdale,"$2,000/mo"
175,Master Room in 2 Saint George's Road,$800/mo
176,Common Room in Boon Teck Towers,"$1,300/mo"
177,Common Room in 81A Lorong 4 Toa Payoh,"$1,300/mo"
178,Room in Mackenzie 88,"$3,500/mo"
179,Common Room in City Square Residences,"$2,100/mo"
180,Common Room in Nadia Mansions,"$1,200/mo"
181,Common Room in 8 Farrer Suites,"$2,399/mo"
182,Room in Coliwoo Balestier 320,"$2,700/mo"
183,Master Room in 101 Jalan Rajah,"$1,300/mo"
184,Master Room in Fraser Residence Singapore,"$2,900/mo"
185,Common Room in Petain Court,"$1,400/mo"
186,Room in 8 Farrer Suites,"$2,200/mo"
187,Room in 79A Toa Payoh Central,"$1,300/mo"
188,Common Room in Fraser Residence Singapore,"$2,800/mo"
189,Master Room in Kerrisdale,"$1,700/mo"
190,Common Room in The Mkz,"$1,680/mo"
191,Common Room in Rajah Tower,"$1,800/mo"
192,Master Room in 27 Jalan Bahagia,$800/mo
193,Room in Fraser Residence Singapore,"$2,900/mo"
194,Common Room in 139A Lorong 1A Toa Payoh,"$1,800/mo"
195,Master Room in 3 Saint George's Road,"$1,300/mo"
196,Room in Studios @ Marne,"$3,500/mo"
197,Room in 163 Lorong 1 Toa Payoh,"$1,200/mo"
198,Master Room in 110 Mcnair Road,"$1,400/mo"
199,Master Room in Fraser Residence Singapore,"$2,900/mo"
200,Common Room in 113A Mcnair Road,"$1,200/mo"
201,Common Room in Kerrisdale,"$1,700/mo"
202,Common Room in 143 Lorong 2 Toa Payoh,"$1,200/mo"
203,Master Room in 641 Rowell Road,"$2,200/mo"
204,Common Room in Kentish Court,"$1,350/mo"
205,Room in Fraser Residence Singapore,"$2,900/mo"
206,Room in 107 Towner Road,"$2,000/mo"
207,Master Room in Liv On Wilkie,"$2,500/mo"
208,Master Room in City Square Mall,"$2,900/mo"
209,Master Room in Petain Road/Tyrwhitt Road Conservation Area,"$2,500/mo"
210,Master Room in 2 Saint George's Road,"$2,900/mo"
211,Common Room in 641 Rowell Road,"$1,700/mo"
212,Common Room in 642 Rowell Road,"$1,400/mo"
213,Common Room in City Square Residences,"$1,600/mo"
214,Master Room in Goldhill Avenue,"$2,000/mo"
215,Master Room in 79B Toa Payoh Central,"$1,888/mo"
216,Common Room in City Square Residences,"$1,700/mo"
217,Master Room in Kimsia Court,"$2,500/mo"
218,Common Room in Regal Court,"$1,200/mo"
219,Common Room in Race Course Mansion,"$1,800/mo"
220,Master Room in Parc Haven,"$2,400/mo"
221,Room in Cairnhill Nine,"$8,000/mo"
222,Master Room in Fraser Residence Singapore,"$2,900/mo"
223,Common Room in Nadia Mansions,"$1,600/mo"
224,Master Room in Studios @ Marne,"$3,400/mo"
225,Room in Studios @ Marne,"$3,400/mo"
226,Room in 152 Lorong 2 Toa Payoh,"$1,400/mo"
227,Room in Uptown @ Farrer,"$2,900/mo"
228,Common Room in 112A Whampoa Road,"$1,200/mo"
229,Common Room in 193 Lorong 4 Toa Payoh,"$1,000/mo"
230,Common Room in 93 Whampoa Drive,$550/mo
231,Room in Fraser Residence Singapore,"$3,800/mo"
232,Room in Fraser Residence Singapore,"$3,200/mo"
233,Room in Fraser Residence Singapore,"$2,900/mo"
234,Room in Hanson Court,"$4,400/mo"
235,Common Room in 684 Race Course Road,"$1,000/mo"
236,Common Room in Joo Avenue,"$1,200/mo"
237,Common Room in Regal Court,"$1,000/mo"
238,Room in 685 Race Course Road,"$1,800/mo"
239,Common Room in Cavenagh Gardens,"$1,680/mo"
240,Room in 8 Farrer Suites,"$2,200/mo"
241,,
242,,
243,,
244,,
