,Property,Price
0,Common Room in 1 Dover Road,"$1,000/mo"
1,Common Room in 28C Dover Crescent,"$1,500/mo"
2,Common Room in One North Residences,"$3,000/mo"
3,Master Room in One North Residences,"$3,900/mo"
4,Master Room in One North Residences,"$3,000/mo"
5,Master Room in One North Residences,"$1,800/mo"
6,Common Room in Dover Parkview,"$1,500/mo"
7,Common Room in Dover Parkview,"$1,500/mo"
8,Common Room in 4 Holland Close,"$1,500/mo"
9,Master Room in Willyn Ville,"$2,700/mo"
10,Common Room in 102 Commonwealth Crescent,"$1,200/mo"
11,Master Room in Willyn Ville,"$2,800/mo"
12,Common Room in 4 Holland Close,"$1,350/mo"
13,Common Room in 4 Holland Close,"$1,350/mo"
14,Master Room in Willyn Ville,"$3,000/mo"
15,Master Room in Star Point,"$2,400/mo"
16,Common Room in 4 Holland Close,"$1,500/mo"
17,Common Room in 90 Commonwealth Drive,"$1,600/mo"
18,Common Room in 19 Ghim Moh Road,"$1,100/mo"
19,Common Room in Horizon Residences,"$1,800/mo"
20,Room in Margaret Ville,"$3,500/mo"
21,Master Room in 51 Commonwealth Drive,"$2,000/mo"
22,Common Room in 3 Ghim Moh Road,$900/mo
23,Common Room in 30 Margaret Drive,"$1,000/mo"
24,Master Room in Star Point,"$2,400/mo"
25,Room in 13 Holland Drive,"$2,100/mo"
26,Common Room in 31 Ghim Moh Link,"$1,100/mo"
27,Room in Star Point,"$1,800/mo"
28,Common Room in 81 Commonwealth Close,"$1,400/mo"
29,Room in Holland Tower,"$1,600/mo"
30,Room in Holland Tower,"$2,500/mo"
31,Common Room in 31 Ghim Moh Link,"$1,350/mo"
32,Room in 81 Commonwealth Close,"$1,400/mo"
33,Room in Star Point,"$1,800/mo"
34,Master Room in 93 Commonwealth Drive,"$1,000/mo"
35,Common Room in 13 Holland Drive,"$1,200/mo"
36,Master Room in Jalan Kelabu Asap,"$3,000/mo"
37,Room in 2 Holland Avenue,"$1,800/mo"
38,Room in 2 Holland Avenue,"$1,400/mo"
39,Common Room in 7 Commonwealth Avenue,"$1,100/mo"
40,Common Room in 83 Commonwealth Close,"$1,400/mo"
41,Common Room in 32 Margaret Drive,"$1,400/mo"
42,Common Room in 90 Tanglin Halt Road,"$1,100/mo"
43,Common Room in 28 Ghim Moh Link,$900/mo
44,Room in 30A Holland Close,"$1,400/mo"
45,Room in 52 Commonwealth Drive,"$1,200/mo"
46,Common Room in 19 Dover Crescent,"$1,500/mo"
47,Common Room in 92 Commonwealth Drive,$900/mo
48,Common Room in Holland Grove,"$3,000/mo"
49,Common Room in Buona Vista Gardens,"$1,400/mo"
50,Room in 90 Tanglin Halt Road,"$1,800/mo"
51,Room in 83 Commonwealth Close,"$1,400/mo"
52,Common Room in 50 Commonwealth Drive,"$1,200/mo"
53,Master Room in 13 Holland Drive,"$1,800/mo"
54,Common Room in Parksuites,"$1,700/mo"
55,Common Room in 19 Dover Crescent,"$1,500/mo"
56,Common Room in 11 Holland Drive,"$1,088/mo"
57,Common Room in 21 Ghim Moh Road,"$1,300/mo"
58,Room in Pasir Panjang Road,"$2,000/mo"
59,Common Room in 6 Ghim Moh Road,$600/mo
60,Room in Liiv Residences,"$3,000/mo"
61,Room in 21 Holland Drive,"$2,000/mo"
