,Property,Price
0,Room in 22 Cavenagh Road,"$3,334/mo"
1,Room in 48 Bencoolen Street,"$4,333/mo"
2,Room in Kreta Ayer Conservation Area,"$2,333/mo"
3,Room in 32 Tras Street,"$3,981/mo"
4,Room in Furama City Centre Singapore,"$4,600/mo"
5,Room in OG Orchard Point,"$8,833/mo"
6,Room in 12 Queen Street,"$5,000/mo"
7,Room in Green World,"$3,167/mo"
8,Room in Far East Plaza,"$1,667/mo"
9,Room in Jalan Besar,"$2,940/mo"
10,Master Room in 383 Bukit Batok West Avenue 5,"$1,500/mo"
11,Common Room in 224A Compassvale Walk,"$1,000/mo"
12,Master Room in 250 Bangkit Road,$950/mo
13,Common Room in 751 Yishun Street 72,"$1,058/mo"
14,Common Room in 612 Ang Mo Kio Avenue 4,"$1,100/mo"
15,Room in 610C Tampines North Drive 1,"$1,400/mo"
16,Room in 2 Delta Avenue,"$1,400/mo"
17,Master Room in 253 Kim Keat Avenue,"$1,200/mo"
18,Common Room in 160 Tampines Street 12,"$1,500/mo"
19,Common Room in 305 Shunfu Road,"$1,050/mo"
20,Common Room in 79B Toa Payoh Central,"$1,600/mo"
21,Common Room in Yishun Emerald,$900/mo
22,Common Room in 630 Yishun Street 61,"$1,000/mo"
23,Common Room in Parc Oasis,"$1,200/mo"
24,Common Room in Ritz Mansions,"$1,450/mo"
25,Common Room in 336 Tah Ching Road,$950/mo
26,Master Room in The Plaza,"$3,500/mo"
27,Common Room in The Plaza,"$2,800/mo"
28,Common Room in 138C Lorong 1A Toa Payoh,"$1,500/mo"
29,Common Room in 872 Tampines Street 84,"$1,200/mo"
30,Common Room in 182 Pasir Ris Street 11,"$1,000/mo"
31,Common Room in 678 Hougang Avenue 8,$900/mo
32,Master Room in 813 Jellicoe Road,"$1,300/mo"
33,Common Room in 682B Edgedale Plains,"$1,000/mo"
34,Master Room in Balmoral Luck,"$1,900/mo"
35,Common Room in Euro-Asia Court,"$1,450/mo"
36,Master Room in Euro-Asia Court,"$2,600/mo"
37,Master Room in 20 Jalan Membina,"$1,499/mo"
38,Common Room in Elizabeth Towers,"$1,800/mo"
39,Master Room in Langston Ville,"$2,700/mo"
40,Common Room in Oleanas Residence,"$1,900/mo"
41,Room in The Scotts Tower,"$5,150/mo"
42,Common Room in Euro-Asia Court,"$1,250/mo"
43,Common Room in Kimsia Court,"$1,700/mo"
44,Common Room in Kimsia Court,"$1,300/mo"
45,Common Room in River Valley Court,"$1,280/mo"
46,Common Room in Cavenagh Gardens,"$1,480/mo"
47,Common Room in 83 Redhill Lane,"$1,800/mo"
48,Common Room in Kimsia Court,"$1,508/mo"
49,Room in Langston Ville,"$2,700/mo"
50,Room in 4B Boon Tiong Road,"$1,300/mo"
51,Master Room in Elizabeth Heights,"$2,000/mo"
52,Room in Fraser Residence Singapore,"$2,900/mo"
53,Common Room in 94 Dawson Road,"$1,200/mo"
54,Common Room in Great World City,"$1,950/mo"
55,Master Room in Mirage Tower,"$2,700/mo"
56,Common Room in Riverdale Residence,"$1,800/mo"
57,Room in Illuminaire On Devonshire,"$4,000/mo"
58,Common Room in 94 Dawson Road,"$1,200/mo"
59,Master Room in Cavenagh Gardens,"$1,300/mo"
60,Master Room in Rising Suites,"$1,400/mo"
61,Common Room in Mirage Tower,"$1,850/mo"
62,Master Room in 22 Havelock Road,"$1,800/mo"
63,Common Room in Kimsia Court,"$1,400/mo"
64,Common Room in Lloyd Mansion,"$2,000/mo"
65,Common Room in 22 Havelock Road,"$1,300/mo"
66,Common Room in Yong An Park,"$1,650/mo"
67,Common Room in 22 Havelock Road,"$1,350/mo"
68,Common Room in Lucky Plaza,"$1,988/mo"
69,Common Room in 50 Strathmore Avenue,"$1,100/mo"
70,Common Room in Tiara,"$1,000/mo"
71,Common Room in 130 Bukit Merah View,"$1,100/mo"
72,Room in Jervois Meadows,"$1,800/mo"
73,Common Room in 133 Clarence Lane,"$1,100/mo"
74,Room in The Scotts Tower,"$5,150/mo"
75,Room in 95 Dawson Road,"$1,000/mo"
76,Common Room in Kellock Lodge,"$1,500/mo"
77,Master Room in 75C Redhill Road,"$1,850/mo"
78,Master Room in Fraser Residence Singapore,"$2,900/mo"
79,Common Room in Emerald Park,"$1,090/mo"
80,Master Room in 9A Boon Tiong Road,"$1,600/mo"
81,Master Room in 95A Henderson Road,"$2,500/mo"
82,Master Room in Fraser Residence Singapore,"$2,900/mo"
83,Common Room in River Valley Road,"$2,100/mo"
84,Common Room in River Valley Road,"$1,600/mo"
85,Common Room in Fraser Residence Singapore,"$2,800/mo"
86,Common Room in 125 Bukit Merah View,"$1,200/mo"
87,Common Room in 49 Strathmore Avenue,"$1,499/mo"
88,Room in Mirage Tower,"$2,700/mo"
89,Room in Fraser Residence Singapore,"$2,900/mo"
90,Common Room in 87 Dawson Road,"$2,000/mo"
91,Master Room in Fraser Residence Singapore,"$2,900/mo"
92,Room in 42A Margaret Drive,"$2,100/mo"
93,Room in Fraser Residence Singapore,"$2,900/mo"
94,Common Room in 94 Dawson Road,"$1,200/mo"
95,Room in The Metz,"$5,500/mo"
96,Master Room in 38 Beo Crescent,"$2,200/mo"
97,Room in 124B Bukit Merah View,"$1,400/mo"
98,Master Room in Fraser Residence Singapore,"$2,900/mo"
99,Common Room in 96B Dawson Road,"$1,500/mo"
100,Common Room in 50 Strathmore Avenue,"$1,500/mo"
101,Common Room in Horizon Towers,"$1,700/mo"
102,Master Room in 62B Strathmore Avenue,"$1,500/mo"
103,Master Room in Kimsia Court,"$2,500/mo"
104,Common Room in 76 Redhill Road,"$1,500/mo"
105,Room in 8 St Thomas,"$8,000/mo"
106,Room in Cairnhill Nine,"$8,000/mo"
107,Room in OUE Twin Peaks,"$5,300/mo"
108,Room in Emerald Park,"$1,688/mo"
109,Common Room in Lucky Plaza,"$2,200/mo"
110,Room in 38 Beo Crescent,"$1,300/mo"
111,Common Room in 22 Havelock Road,$500/mo
112,Room in Fraser Residence Singapore,"$3,800/mo"
113,Room in Fraser Residence Singapore,"$3,200/mo"
114,Room in Fraser Residence Singapore,"$2,900/mo"
115,Common Room in 5 Delta Avenue,"$1,100/mo"
116,Common Room in 5 Delta Avenue,$800/mo
117,Common Room in Cavenagh Gardens,"$1,680/mo"
