,Property,Price
0,Room in OG Orchard Point,"$8,833/mo"
1,Room in Far East Plaza,"$1,667/mo"
2,Common Room in Top Ten,"$2,300/mo"
3,Common Room in Kimsia Park,"$1,500/mo"
4,Common Room in Orchard Towers,"$1,438/mo"
5,Master Room in Kimsia Court,"$2,100/mo"
6,Common Room in Kimsia Court,"$1,700/mo"
7,Master Room in Emerald Hill Conservation Area,"$2,000/mo"
8,Common Room in Cavenagh Gardens,"$1,100/mo"
9,Common Room in Elizabeth Towers,"$1,800/mo"
10,Room in The Scotts Tower,"$5,150/mo"
11,Common Room in Kimsia Court,"$1,700/mo"
12,Common Room in Kimsia Court,"$1,300/mo"
13,Common Room in Cavenagh Gardens,"$1,480/mo"
14,Common Room in Kimsia Court,"$1,508/mo"
15,Master Room in Elizabeth Heights,"$2,000/mo"
16,Room in Fraser Residence Singapore,"$2,900/mo"
17,Common Room in Orchard Towers,"$2,800/mo"
18,Common Room in Riverdale Residence,"$1,800/mo"
19,Room in Illuminaire On Devonshire,"$4,000/mo"
20,Master Room in Cavenagh Gardens,"$1,300/mo"
21,Common Room in Orchard Towers,"$2,000/mo"
22,Common Room in Kimsia Court,"$1,400/mo"
23,Common Room in Lucky Plaza,"$1,988/mo"
24,Room in The Scotts Tower,"$5,150/mo"
25,Master Room in Fraser Residence Singapore,"$2,900/mo"
26,Common Room in Jalan Arnap,"$2,000/mo"
27,Common Room in Fraser Residence Singapore,"$2,800/mo"
28,Room in Fraser Residence Singapore,"$2,900/mo"
29,Master Room in Fraser Residence Singapore,"$2,900/mo"
30,Room in Fraser Residence Singapore,"$2,900/mo"
31,Room in The Metz,"$5,500/mo"
32,Room in Spring Grove,"$2,488/mo"
33,Common Room in Hoot Kiam Mansion,"$1,700/mo"
34,Master Room in Fraser Residence Singapore,"$2,900/mo"
35,Master Room in Delfi Orchard,"$2,588/mo"
36,Master Room in Orchard Hotel Singapore,"$2,588/mo"
37,Common Room in Horizon Towers,"$1,700/mo"
38,Master Room in Kimsia Court,"$2,500/mo"
39,Room in 8 St Thomas,"$8,000/mo"
40,Room in Cairnhill Nine,"$8,000/mo"
41,Room in OUE Twin Peaks,"$5,300/mo"
42,Common Room in Lucky Plaza,"$2,200/mo"
43,Master Room in Fraser Residence Singapore,"$2,900/mo"
44,Common Room in Rainbow Mansions,"$2,800/mo"
45,Room in Fraser Residence Singapore,"$3,800/mo"
46,Room in Fraser Residence Singapore,"$3,200/mo"
47,Room in Fraser Residence Singapore,"$2,900/mo"
48,Common Room in Cavenagh Gardens,"$1,680/mo"
49,Room in 22 Cavenagh Road,"$3,334/mo"
50,Master Room in Orchard Court,"$2,000/mo"
51,Common Room in UE Square,"$1,950/mo"
52,Master Room in Tiara,"$2,600/mo"
53,Common Room in 77 Indus Road,"$1,200/mo"
54,Common Room in Chateau Le Fame,"$1,600/mo"
55,Common Room in 2 Delta Avenue,"$1,500/mo"
56,Master Room in Peace Centre/Peace Mansion / Peace Centre,"$1,500/mo"
57,Common Room in Peace Centre/Peace Mansion / Peace Centre,"$1,100/mo"
58,Master Room in One Oxley Rise,"$2,300/mo"
59,Master Room in Former Peace Centre/Peace Mansion,"$2,500/mo"
60,Common Room in 56 Havelock Road,"$1,200/mo"
61,Common Room in UE Square,"$1,950/mo"
62,Master Room in Orchard Court,"$2,000/mo"
63,Master Room in Gloucester Mansions,"$2,700/mo"
64,Master Room in Balmoral Luck,"$1,900/mo"
65,Common Room in Euro-Asia Court,"$1,450/mo"
66,Master Room in Euro-Asia Court,"$2,600/mo"
67,Master Room in Langston Ville,"$2,700/mo"
68,Common Room in Parc Centennial,"$2,250/mo"
69,Room in Studio 3,"$4,000/mo"
70,Common Room in Oleanas Residence,"$1,900/mo"
71,Room in Studio 3,"$4,000/mo"
72,Common Room in Euro-Asia Court,"$1,250/mo"
73,Common Room in UE Square,"$1,950/mo"
74,Common Room in UE Square,"$1,950/mo"
75,Common Room in River Valley Court,"$1,280/mo"
76,Room in 54 Havelock Road,"$1,100/mo"
77,Room in Langston Ville,"$2,700/mo"
78,Common Room in The Lincoln Residences,"$1,450/mo"
79,Room in 4B Boon Tiong Road,"$1,300/mo"
80,Room in UE Square,"$2,300/mo"
81,Common Room in Great World City,"$1,950/mo"
82,Master Room in Mirage Tower,"$2,700/mo"
83,Room in Lion Towers,"$1,500/mo"
84,Common Room in The Lincoln Residences,"$1,600/mo"
85,Room in 2 Delta Avenue,"$1,400/mo"
86,Master Room in Rising Suites,"$1,400/mo"
87,Common Room in UE Square,"$2,200/mo"
88,Room in Sophia Hills,"$2,400/mo"
89,Common Room in Mirage Tower,"$1,850/mo"
90,Master Room in 22 Havelock Road,"$1,800/mo"
91,Common Room in Niven Road,"$1,200/mo"
92,Common Room in Aspen Heights,"$1,500/mo"
93,Common Room in Lloyd Mansion,"$2,000/mo"
94,Common Room in 22 Havelock Road,"$1,300/mo"
95,Common Room in Aspen Heights,"$1,200/mo"
96,Common Room in Yong An Park,"$1,650/mo"
97,Master Room in Buckley Road,"$16,000/mo"
98,Common Room in 22 Havelock Road,"$1,350/mo"
99,Master Room in Sophia Crest,"$2,400/mo"
100,Common Room in UE Square,"$2,400/mo"
101,Common Room in UE Square,"$2,100/mo"
102,Common Room in Tiara,"$1,000/mo"
103,Common Room in Botanic Gardens Mansion,"$1,600/mo"
104,Common Room in Wilkie Court,"$1,250/mo"
105,Master Room in UE Square,"$2,200/mo"
106,Master Room in River Valley Apartments,"$2,200/mo"
107,Common Room in Kellock Lodge,"$1,500/mo"
108,Room in Mackenzie 88,"$3,500/mo"
109,Common Room in Emerald Park,"$1,090/mo"
110,Master Room in 9A Boon Tiong Road,"$1,600/mo"
111,Master Room in One Oxley Rise,"$2,300/mo"
112,Room in UE Square,"$2,000/mo"
113,Common Room in River Valley Road,"$2,100/mo"
114,Common Room in River Valley Road,"$1,600/mo"
115,Room in Sophia Hills,"$2,500/mo"
116,Common Room in The Mkz,"$1,680/mo"
117,Common Room in Hollywood Apartments,"$1,550/mo"
118,Room in Wilkie Apartments,"$2,350/mo"
119,Room in Mirage Tower,"$2,700/mo"
120,Common Room in UE Square,"$2,300/mo"
121,Common Room in UE Square,"$2,100/mo"
122,Master Room in Barker Ville,"$3,800/mo"
123,Master Room in Liv On Wilkie,"$2,500/mo"
124,Master Room in 38 Beo Crescent,"$2,200/mo"
125,Master Room in Goldhill Avenue,"$2,000/mo"
126,Room in Emerald Park,"$1,688/mo"
127,Room in Sophia Hills,"$2,700/mo"
128,Room in 38 Beo Crescent,"$1,300/mo"
129,Common Room in 22 Havelock Road,$500/mo
130,Common Room in Former Peace Centre/Peace Mansion,"$2,300/mo"
131,Common Room in 5 Delta Avenue,"$1,100/mo"
132,Common Room in 5 Delta Avenue,$800/mo
