,Property,Price
0,Room in 22 Cavenagh Road,"$2,333/mo"
1,Room in 32 Tras Street,"$3,981/mo"
2,Room in Furama City Centre Singapore,"$4,600/mo"
3,Room in Green World,"$3,167/mo"
4,Common Room in People's Park Complex,"$1,200/mo"
5,Master Room in The Riverside Piazza,"$1,600/mo"
6,Common Room in 2 Tanjong Pagar Plaza,"$1,500/mo"
7,Master Room in Fook Hai Building,"$1,400/mo"
8,Common Room in People's Park Complex,"$1,100/mo"
9,Common Room in 55 Tiong Bahru Road,"$2,000/mo"
10,Room in Furama City Centre Singapore,"$3,300/mo"
11,Common Room in The Riverside Piazza,"$1,600/mo"
12,Common Room in People's Park Complex,"$1,200/mo"
13,Common Room in People's Park Complex,"$1,699/mo"
14,Common Room in People's Park Complex,"$2,000/mo"
15,Common Room in 538 Upper Cross Street,"$1,300/mo"
16,Common Room in Spottiswoode Park,"$1,600/mo"
17,Common Room in Emerald Garden,"$2,100/mo"
18,Common Room in Emerald Garden,"$2,300/mo"
19,Master Room in Kreta Ayer Conservation Area,"$4,620/mo"
20,Common Room in Emerald Garden,"$2,100/mo"
21,Common Room in Emerald Garden,"$2,200/mo"
22,Room in Skysuites @ Anson,"$3,000/mo"
23,Common Room in People's Park Complex,"$1,699/mo"
24,Common Room in People's Park Complex,"$1,200/mo"
25,Common Room in People's Park Complex,"$1,699/mo"
26,Common Room in International Plaza,"$1,700/mo"
27,Room in Emerald Garden,"$2,100/mo"
28,Master Room in Emerald Garden,"$2,850/mo"
29,Room in 4B Boon Tiong Road,"$1,300/mo"
30,Master Room in The Riverside Piazza,"$1,600/mo"
31,Master Room in 107 Spottiswoode Park Road,"$1,600/mo"
32,Common Room in People's Park Complex,"$1,050/mo"
33,Common Room in 4 Tanjong Pagar Plaza,"$1,500/mo"
34,Master Room in Emerald Garden,"$2,950/mo"
35,Common Room in Spottiswoode Park,"$1,350/mo"
36,Common Room in Emerald Garden,"$2,100/mo"
37,Common Room in Emerald Garden,"$2,250/mo"
38,Common Room in Emerald Garden,"$2,200/mo"
39,Common Room in 333 Kreta Ayer Road,"$3,300/mo"
40,Common Room in 2 Tanjong Pagar Plaza,"$1,500/mo"
41,Common Room in The Riverside Piazza,"$1,800/mo"
42,Common Room in Emerald Garden,"$2,600/mo"
43,Common Room in Emerald Garden,"$2,100/mo"
44,Master Room in Skysuites @ Anson,"$4,388/mo"
45,Common Room in 1557 Keppel Road,"$3,500/mo"
46,Master Room in International Plaza,"$2,900/mo"
47,Common Room in 18 Cantonment Close,"$1,600/mo"
48,Master Room in Skysuites @ Anson,"$4,200/mo"
49,Master Room in Spottiswoode Park,"$1,200/mo"
50,Room in Skysuites @ Anson,"$4,200/mo"
51,Room in 1F Cantonment Road,"$1,800/mo"
52,Room in Skysuites @ Anson,"$4,500/mo"
53,Master Room in People's Park Complex,"$1,800/mo"
54,Master Room in 66 Eng Watt Street,"$2,600/mo"
55,Common Room in 4 Tanjong Pagar Plaza,"$1,580/mo"
56,Common Room in 1A Cantonment Road,"$1,900/mo"
57,Common Room in 4 Tanjong Pagar Plaza,"$1,500/mo"
58,Master Room in People's Park Complex,"$1,500/mo"
59,Common Room in People's Park Complex,"$1,300/mo"
60,Room in 1 Cantonment Road,"$1,949/mo"
61,Master Room in People's Park Complex,"$1,450/mo"
62,Common Room in 1 Cantonment Road,"$1,650/mo"
63,Room in 1F Cantonment Road,"$1,850/mo"
64,Common Room in 8 Cantonment Close,"$1,600/mo"
65,Common Room in 334 Kreta Ayer Road,"$1,200/mo"
66,Common Room in 2 Tanjong Pagar Plaza,"$1,900/mo"
67,Room in Skysuites @ Anson,"$4,500/mo"
68,Master Room in Orchard Court,"$2,000/mo"
69,Common Room in UE Square,"$1,950/mo"
70,Master Room in Tiara,"$2,600/mo"
71,Common Room in Central Green Condominium,"$1,950/mo"
72,Common Room in Central Green Condominium,"$1,950/mo"
73,Master Room in 142 Jalan Bukit Merah,"$1,200/mo"
74,Common Room in 77 Indus Road,"$1,200/mo"
75,Common Room in 2 Delta Avenue,"$1,500/mo"
76,Common Room in 128 Bukit Merah View,"$1,350/mo"
77,Common Room in Teresa Ville,"$1,800/mo"
78,Common Room in 56 Havelock Road,"$1,200/mo"
79,Common Room in UE Square,"$1,950/mo"
80,Common Room in The Sail @ Marina Bay,"$2,700/mo"
81,Master Room in Orchard Court,"$2,000/mo"
82,Master Room in Teresa Ville,"$1,100/mo"
83,Common Room in Euro-Asia Court,"$1,450/mo"
84,Master Room in Euro-Asia Court,"$2,600/mo"
85,Common Room in The Sail @ Marina Bay,"$2,500/mo"
86,Master Room in Langston Ville,"$2,700/mo"
87,Common Room in The Sail @ Marina Bay,"$2,700/mo"
88,Master Room in The Sail @ Marina Bay,"$3,500/mo"
89,Common Room in Oleanas Residence,"$1,900/mo"
90,Common Room in Euro-Asia Court,"$1,250/mo"
91,Master Room in The Sail @ Marina Bay,"$3,500/mo"
92,Common Room in 144 Jalan Bukit Merah,"$1,000/mo"
93,Common Room in The Sail @ Marina Bay,"$2,500/mo"
94,Common Room in The Sail @ Marina Bay,"$2,500/mo"
95,Common Room in UE Square,"$1,950/mo"
96,Common Room in Teresa Ville,"$2,000/mo"
97,Common Room in The Sail @ Marina Bay,"$2,500/mo"
98,Master Room in Teresa Ville,"$2,700/mo"
99,Common Room in The Sail @ Marina Bay,"$2,500/mo"
100,Common Room in UE Square,"$1,950/mo"
101,Common Room in River Valley Court,"$1,280/mo"
102,Common Room in 129 Bukit Merah View,$950/mo
103,Room in 26C Jalan Membina,"$1,310/mo"
104,Room in Langston Ville,"$2,700/mo"
105,Master Room in Tiara,"$2,600/mo"
106,Room in UE Square,"$2,300/mo"
107,Common Room in Great World City,"$1,950/mo"
108,Master Room in Mirage Tower,"$2,700/mo"
109,Common Room in Riverdale Residence,"$1,800/mo"
110,Room in Illuminaire On Devonshire,"$4,000/mo"
111,Master Room in Teresa Ville,"$2,700/mo"
112,Room in 2 Delta Avenue,"$1,400/mo"
113,Common Room in UE Square,"$2,200/mo"
114,Master Room in The Sail @ Marina Bay,"$7,000/mo"
115,Common Room in The Sail @ Marina Bay,"$2,800/mo"
116,Master Room in Kai Fook Mansion,"$2,000/mo"
117,Common Room in Kai Fook Mansion,"$1,500/mo"
118,Master Room in Kai Fook Mansion,"$2,500/mo"
119,Common Room in Mirage Tower,"$1,850/mo"
120,Master Room in 22 Havelock Road,"$1,800/mo"
121,Room in V On Shenton,"$4,300/mo"
122,Common Room in Aspen Heights,"$1,500/mo"
123,Common Room in Lloyd Mansion,"$2,000/mo"
124,Common Room in 22 Havelock Road,"$1,300/mo"
125,Common Room in Aspen Heights,"$1,200/mo"
126,Common Room in Yong An Park,"$1,650/mo"
127,Common Room in 22 Havelock Road,"$1,350/mo"
128,Common Room in UE Square,"$2,400/mo"
129,Common Room in UE Square,"$2,100/mo"
130,Common Room in Tiara,"$1,000/mo"
131,Common Room in 130 Bukit Merah View,"$1,100/mo"
132,Master Room in The Sail @ Marina Bay,"$3,950/mo"
133,Common Room in The Sail @ Marina Bay,"$2,750/mo"
134,Master Room in UE Square,"$2,200/mo"
135,Room in Raeburn Park,"$3,500/mo"
136,Master Room in The Sail @ Marina Bay,"$1,900/mo"
137,Master Room in River Valley Apartments,"$2,200/mo"
138,Room in One Shenton,"$5,000/mo"
139,Common Room in Kellock Lodge,"$1,500/mo"
140,Common Room in 26C Jalan Membina,"$1,200/mo"
141,Common Room in 25A Jalan Membina,"$1,400/mo"
142,Common Room in Emerald Park,"$1,090/mo"
143,Master Room in 9A Boon Tiong Road,"$1,600/mo"
144,Common Room in The Sail @ Marina Bay,"$2,500/mo"
145,Room in UE Square,"$2,000/mo"
146,Common Room in River Valley Road,"$2,100/mo"
147,Common Room in River Valley Road,"$1,600/mo"
148,Common Room in 125 Bukit Merah View,"$1,200/mo"
149,Master Room in 141 Jalan Bukit Merah,$800/mo
150,Master Room in 118D Jalan Membina,"$2,500/mo"
151,Common Room in Hollywood Apartments,"$1,550/mo"
152,Room in Mirage Tower,"$2,700/mo"
153,Common Room in 20 Telok Blangah Crescent,"$1,300/mo"
154,Common Room in UE Square,"$2,300/mo"
155,Common Room in 110 Bukit Purmei Road,"$1,288/mo"
156,Common Room in UE Square,"$2,100/mo"
157,Common Room in 128 Bukit Merah View,"$1,400/mo"
158,Common Room in Kai Fook Mansion,"$1,590/mo"
159,Master Room in 38 Beo Crescent,"$2,200/mo"
160,Master Room in 118C Jalan Membina,"$1,311/mo"
161,Common Room in Hoot Kiam Mansion,"$1,700/mo"
162,Room in 124B Bukit Merah View,"$1,400/mo"
163,Common Room in Horizon Towers,"$1,700/mo"
164,Room in 8 St Thomas,"$8,000/mo"
165,Room in Emerald Park,"$1,688/mo"
166,Room in V On Shenton,"$4,200/mo"
167,Room in 38 Beo Crescent,"$1,300/mo"
168,Common Room in 22 Havelock Road,$500/mo
169,Common Room in 5 Delta Avenue,"$1,100/mo"
170,Common Room in 5 Delta Avenue,$800/mo
