,Property,Price
0,Common Room in 531 Pasir Ris Drive 1,"$1,600/mo"
1,Common Room in 525B Pasir Ris Street 51,"$1,000/mo"
2,Common Room in The Palette,"$1,300/mo"
3,Common Room in 469 Pasir Ris Drive 6,"$1,000/mo"
4,Common Room in 602 Elias Road,$600/mo
5,Common Room in 110 Pasir Ris Street 11,"$1,200/mo"
6,Room in 531 Pasir Ris Drive 1,"$1,000/mo"
7,Common Room in 602 Elias Road,$600/mo
8,Common Room in Eastvale,"$1,600/mo"
9,Common Room in The Riverina,"$1,300/mo"
10,Common Room in 509 Pasir Ris Street 52,"$1,000/mo"
11,Common Room in 504 Pasir Ris Street 52,$700/mo
12,Master Room in The Riverina,"$2,200/mo"
13,Master Room in The Riverina,"$2,000/mo"
14,Common Room in 611 Elias Road,$800/mo
15,Common Room in D'nest,"$1,600/mo"
16,Master Room in 559 Pasir Ris Street 51,"$1,200/mo"
17,Common Room in 423 Pasir Ris Drive 6,$999/mo
18,Common Room in NV Residences,"$1,300/mo"
19,Common Room in 527D Pasir Ris Street 51,"$1,200/mo"
20,Master Room in 117 Pasir Ris Street 11,"$1,100/mo"
21,Room in 554 Pasir Ris Street 51,"$1,050/mo"
22,Common Room in The Palette,"$1,400/mo"
23,Master Room in The Riverina,"$1,800/mo"
24,Common Room in Eastvale,"$1,500/mo"
25,Master Room in 124 Pasir Ris Street 11,"$1,300/mo"
26,Master Room in Belysa,"$1,980/mo"
27,Common Room in Coco Palms,"$1,600/mo"
28,Common Room in 426 Pasir Ris Drive 6,$800/mo
29,Room in Elias Green,"$1,600/mo"
30,Common Room in Elias Green,"$1,600/mo"
31,Common Room in The Palette,"$1,300/mo"
32,Common Room in 429 Pasir Ris Drive 6,$980/mo
33,Common Room in The Palette,"$1,500/mo"
34,Master Room in Coco Palms,"$1,400/mo"
35,Common Room in Eastvale,"$1,500/mo"
36,Master Room in Elias Green,"$1,600/mo"
37,Room in 572 Pasir Ris Street 53,"$1,600/mo"
38,Master Room in Belysa,"$1,500/mo"
39,Room in 118 Pasir Ris Street 11,"$3,500/mo"
40,Room in The Palette,"$1,250/mo"
41,Common Room in Elias Green,"$1,500/mo"
42,Common Room in D'nest,"$1,400/mo"
43,Room in 110 Pasir Ris Street 11,"$1,000/mo"
44,Room in 546 Pasir Ris Street 51,$950/mo
45,Common Room in 584 Pasir Ris Street 53,"$1,350/mo"
46,Master Room in The Riverina,"$1,500/mo"
47,Master Room in The Palette,"$1,300/mo"
48,Room in 509 Pasir Ris Street 52,"$1,000/mo"
49,Common Room in NV Residences,"$1,300/mo"
50,Common Room in 507 Pasir Ris Street 52,"$1,488/mo"
51,Room in 505 Pasir Ris Street 52,"$1,400/mo"
52,Common Room in 526A Pasir Ris Street 51,$550/mo
53,Common Room in Pasir Ris Beach Park,"$1,200/mo"
54,Common Room in Riz Haven,"$2,000/mo"
55,Common Room in Azalea Park Condominium,"$1,300/mo"
56,Common Room in Clydescove,"$2,500/mo"
57,Common Room in 503 Tampines Central 1,$800/mo
58,Common Room in Coastal View Residences,"$1,200/mo"
59,Master Room in Coastal View Residences,"$1,800/mo"
60,Common Room in The Tampines Trilliant,"$1,500/mo"
61,Master Room in The Tampines Trilliant,"$1,600/mo"
62,Common Room in 640 Pasir Ris Drive 1,$900/mo
63,Common Room in 627B Tampines Street 61,"$1,000/mo"
64,Common Room in Pasir Ris Beach Park,"$1,200/mo"
65,Common Room in Azalea Park Condominium,"$1,150/mo"
66,Common Room in Azalea Park Condominium,"$1,350/mo"
67,Master Room in Azalea Park Condominium,"$1,700/mo"
68,Common Room in 408 Tampines Street 41,$450/mo
69,Common Room in 497H Tampines Street 45,"$1,000/mo"
70,Master Room in Azalea Park Condominium,"$1,550/mo"
71,Master Room in The Tampines Trilliant,"$1,850/mo"
72,Master Room in Clydescove,"$2,500/mo"
73,Master Room in Watercrest,"$1,400/mo"
74,Common Room in The Tampines Trilliant,"$1,500/mo"
75,Common Room in Azalea Park Condominium,"$1,320/mo"
76,Master Room in The Tampines Trilliant,"$1,950/mo"
77,Common Room in 497H Tampines Street 45,"$1,000/mo"
78,Common Room in Whitewater,"$1,280/mo"
79,Common Room in Azalea Park Condominium,"$1,550/mo"
80,Master Room in Azalea Park Condominium,"$1,720/mo"
81,Common Room in Azalea Park Condominium,"$1,400/mo"
82,Common Room in The Tampines Trilliant,"$1,500/mo"
83,Common Room in Whitewater,"$1,800/mo"
84,Common Room in 182 Pasir Ris Street 11,"$1,000/mo"
85,Common Room in Whitewater,"$1,800/mo"
86,Common Room in Vue 8 Residence,"$1,200/mo"
87,Master Room in Azalea Park Condominium,"$1,620/mo"
88,Master Room in Azalea Park Condominium,"$1,650/mo"
89,Common Room in Azalea Park Condominium,"$1,250/mo"
90,Common Room in The Tampines Trilliant,"$1,600/mo"
91,Common Room in Azalea Park Condominium,"$1,320/mo"
92,Common Room in Azalea Park Condominium,"$1,350/mo"
93,Common Room in Riz Haven,"$1,100/mo"
94,Common Room in 481 Tampines Street 44,"$1,700/mo"
95,Common Room in 522C Tampines Central 7,"$1,100/mo"
96,Common Room in 182 Pasir Ris Street 11,"$1,000/mo"
97,Master Room in The Esparis,"$1,800/mo"
98,Common Room in 640 Pasir Ris Drive 1,$860/mo
99,Room in 610C Tampines North Drive 1,"$1,400/mo"
100,Room in 606D Tampines Street 61,$900/mo
101,Room in 475 Tampines Street 44,"$1,300/mo"
102,Room in Azalea Park Condominium,"$1,300/mo"
103,Common Room in 750 Pasir Ris Street 71,$780/mo
104,Common Room in The Esparis,"$1,200/mo"
105,Common Room in 182 Pasir Ris Street 11,"$1,000/mo"
106,Master Room in 439 Tampines Street 43,"$1,500/mo"
107,Common Room in 750 Pasir Ris Street 71,$925/mo
108,Common Room in 147 Pasir Ris Street 13,"$1,000/mo"
109,Master Room in 107 Pasir Ris Street 12,"$1,600/mo"
110,Master Room in Vue 8 Residence,"$2,000/mo"
111,Common Room in Watercrest,"$1,000/mo"
112,Common Room in Whitewater,"$1,200/mo"
113,Master Room in 633 Pasir Ris Drive 3,"$1,000/mo"
114,Room in 106 Pasir Ris Street 12,"$1,000/mo"
115,Common Room in 640 Pasir Ris Drive 1,$900/mo
116,Room in Azalea Park Condominium,"$1,320/mo"
117,Common Room in 406 Tampines Street 41,"$1,150/mo"
118,Room in 747 Pasir Ris Street 71,"$1,600/mo"
119,Common Room in Citylife @ Tampines,"$1,500/mo"
120,Room in 406 Tampines Street 41,"$1,200/mo"
121,Common Room in 139 Pasir Ris Street 11,$900/mo
122,Room in Azalea Park Condominium,"$1,650/mo"
123,Master Room in 522C Tampines Central 7,"$1,380/mo"
124,Room in 523A Tampines Central 7,"$1,300/mo"
125,Common Room in 773A Pasir Ris Street 71,$900/mo
126,Master Room in 406 Tampines Street 41,"$1,700/mo"
127,Common Room in 609A Tampines North Drive 1,"$1,150/mo"
128,Common Room in 233 Tampines Street 21,$900/mo
129,Room in 240 Tampines Street 21,"$1,350/mo"
130,Room in 240 Tampines Street 21,"$1,350/mo"
131,Room in 406 Tampines Street 41,$900/mo
132,Room in 481 Tampines Street 44,"$2,000/mo"
133,Room in 182 Pasir Ris Street 11,"$1,000/mo"
134,Room in 605A Tampines Street 61,$950/mo
135,Room in 640 Pasir Ris Drive 1,$950/mo
136,Room in Sea Esta,"$3,000/mo"
137,Common Room in 259 Tampines Street 21,$900/mo
138,Room in 633 Pasir Ris Drive 3,"$1,250/mo"
139,Room in 234 Pasir Ris Drive 4,"$1,050/mo"
140,Common Room in 741 Pasir Ris Street 71,$950/mo
141,Common Room in Azalea Park Condominium,"$1,600/mo"
142,Common Room in 404 Tampines Street 41,"$1,100/mo"
143,Master Room in 142 Pasir Ris Street 11,"$1,200/mo"
144,Common Room in Whitewater,"$1,300/mo"
145,Common Room in 497H Tampines Street 45,$900/mo
146,Common Room in 464 Tampines Street 44,"$1,400/mo"
147,Room in The Tampines Trilliant,"$1,600/mo"
148,Common Room in 453 Tampines Street 42,$700/mo
149,Room in 410 Tampines Street 41,$900/mo
150,Common Room in 484 Pasir Ris Drive 4,"$7,007/mo"
151,Common Room in 494J Tampines Street 45,$850/mo
152,Room in 228 Pasir Ris Street 21,"$1,300/mo"
