,Property,Price
0,Room in Mendon Spring,"$1,500/mo"
1,Common Room in Barossa Gardens,"$1,100/mo"
2,Common Room in Fragrance Court,"$1,580/mo"
3,Master Room in Pasir Panjang Road,"$2,400/mo"
4,Common Room in Buona Vista Gardens,"$1,400/mo"
5,Master Room in The Interlace,"$4,000/mo"
6,Common Room in Queensway Shopping Centre/Queensway Tower,"$1,380/mo"
7,Common Room in 167 Stirling Road,$980/mo
8,Common Room in Horizon Residences,"$1,800/mo"
9,Common Room in 125 Bukit Merah Lane 1,"$1,500/mo"
10,Room in 125 Bukit Merah Lane 1,"$1,500/mo"
11,Common Room in Queensway Shopping Centre/Queensway Tower,"$1,380/mo"
12,Common Room in Queensway Shopping Centre/Queensway Tower,"$1,380/mo"
13,Room in Queensway Shopping Centre/Queensway Tower,"$1,380/mo"
14,Common Room in 80A Telok Blangah Street 31,"$1,250/mo"
15,Room in 80A Telok Blangah Street 31,"$1,200/mo"
16,Common Room in 93B Telok Blangah Street 31,"$1,200/mo"
17,Room in Parc Imperial,"$3,700/mo"
18,Room in 80A Telok Blangah Street 31,"$1,200/mo"
19,Room in 80A Telok Blangah Street 31,"$1,200/mo"
20,Room in 167 Stirling Road,"$1,400/mo"
21,Room in 93B Telok Blangah Street 31,"$1,500/mo"
