,Property,Price
0,Common Room in The Amarelle,"$1,650/mo"
1,Common Room in Grandlink Square,"$1,400/mo"
2,Master Room in 83B Circuit Road,"$3,000/mo"
3,Room in 119 Aljunied Avenue 2,"$2,900/mo"
4,Common Room in Dunman Place,"$1,550/mo"
5,Common Room in Dunman Place,"$1,600/mo"
6,Room in Dunman Place,"$1,750/mo"
7,Master Room in Onan Road,"$2,000/mo"
8,Common Room in Dunman Place,"$1,700/mo"
9,Common Room in TRE Residences,"$1,500/mo"
10,Room in 119 Aljunied Avenue 2,"$2,500/mo"
11,Common Room in Dunman Place,"$1,850/mo"
12,Common Room in 5 Haig Road,"$1,100/mo"
13,Room in 119 Aljunied Avenue 2,"$2,100/mo"
14,Master Room in Central Grove,"$2,000/mo"
15,Common Room in Dunman Place,"$1,850/mo"
16,Common Room in Delight Court,"$1,350/mo"
17,Common Room in Central Grove,$880/mo
18,Master Room in 83B Circuit Road,"$3,000/mo"
19,Common Room in Dunman Place,"$1,600/mo"
20,Master Room in Sims 450 Centre,"$2,600/mo"
21,Room in Loft 33,"$1,600/mo"
22,Common Room in TRE Residences,"$1,700/mo"
23,Master Room in Sunny Grove,"$1,880/mo"
24,Common Room in Dunman Place,"$1,600/mo"
25,Common Room in Dunman Place,"$1,700/mo"
26,Room in Grandlink Square,"$1,800/mo"
27,Common Room in Delight Court,"$1,358/mo"
28,Master Room in Loft 33,"$1,900/mo"
29,Room in 5 Haig Road,"$1,500/mo"
30,Room in Sunny Grove,"$1,880/mo"
31,Common Room in Simsville,"$2,949/mo"
32,Common Room in Aston Mansions,"$1,450/mo"
33,Master Room in Simsville,"$2,300/mo"
34,Room in Atrium Residences,"$1,600/mo"
35,Common Room in Simsville,"$1,680/mo"
36,Common Room in The Sunny Spring,$900/mo
37,Common Room in Dawn Ville,"$1,000/mo"
38,Master Room in Simsville,"$2,100/mo"
39,Master Room in 108 Aljunied Crescent,"$1,800/mo"
40,Common Room in Aston Mansions,"$1,600/mo"
41,Common Room in Aston Mansions,"$1,300/mo"
42,Master Room in TRE Residences,"$2,400/mo"
43,Common Room in Atrium Residences,"$1,450/mo"
44,Room in Simsville,"$1,450/mo"
45,Common Room in 32 Eunos Crescent,"$1,000/mo"
46,Common Room in 123 Geylang East Central,$900/mo
47,Master Room in Onan Road,"$2,200/mo"
48,Room in TRE Residences,"$2,400/mo"
49,Room in Aston Mansions,"$2,300/mo"
50,Master Room in Simsville,"$2,500/mo"
51,Room in Simsville,"$1,550/mo"
52,Room in Central Grove,"$2,200/mo"
53,Room in Atrium Residences,"$1,400/mo"
54,Room in The Sunny Spring,$900/mo
55,Room in 3 Joo Chiat Road,"$1,400/mo"
56,Room in Dunman Place,"$1,400/mo"
57,Common Room in 92 Pipit Road,$900/mo
58,Room in Penang Service Apartments,"$1,500/mo"
59,Common Room in Dunman Place,"$2,200/mo"
60,Common Room in 123 Geylang East Central,"$1,500/mo"
61,Master Room in Paradise Palms,"$2,499/mo"
62,Common Room in Paradise Palms,"$1,899/mo"
63,Common Room in The Sunny Spring,"$1,250/mo"
64,Room in TRE Residences,"$1,700/mo"
65,Room in Lotus at Paya Lebar (East Wing),"$3,710/mo"
66,Common Room in Sims Dorado,"$2,000/mo"
67,Room in Aston Mansions,"$2,500/mo"
68,Room in Sims Dorado,"$2,500/mo"
69,Common Room in The Midas,"$1,500/mo"
70,Common Room in TRE Residences,"$1,550/mo"
71,Common Room in Palm Lodge,"$1,490/mo"
72,Common Room in The Sunny Spring,"$1,250/mo"
73,Common Room in 53 Pipit Road,"$1,200/mo"
74,Common Room in The Sunny Spring,"$1,600/mo"
75,Room in Penang Service Apartments,"$2,200/mo"
76,Common Room in Sims Residences,"$1,450/mo"
77,Common Room in Dunman Place,"$1,600/mo"
78,Common Room in TRE Residences,"$2,700/mo"
79,Master Room in Casa Emerald,"$2,000/mo"
80,Common Room in Casa Emerald,"$1,300/mo"
81,Common Room in 83A Circuit Road,"$1,500/mo"
82,Master Room in 55 Pipit Road,"$1,100/mo"
83,Room in Grandlink Square,"$2,000/mo"
84,Common Room in Simsville,"$2,249/mo"
85,Common Room in Aston Mansions,"$1,450/mo"
86,Room in 119 Aljunied Avenue 2,"$2,800/mo"
87,Room in 122 Geylang East Central,$900/mo
88,Room in 119 Aljunied Avenue 2,"$2,300/mo"
89,Master Room in 119 Aljunied Avenue 2,"$2,700/mo"
90,Common Room in 119 Aljunied Avenue 2,"$2,800/mo"
91,Master Room in 108 Aljunied Crescent,"$1,400/mo"
92,Common Room in Palm Lodge,"$1,490/mo"
93,Room in TRE Residences,"$1,888/mo"
94,Master Room in The Sunny Spring,"$1,800/mo"
95,Master Room in Simsville,"$1,949/mo"
96,Common Room in Grandlink Square,"$1,800/mo"
97,Master Room in Park Place Residences at Plq,"$2,800/mo"
98,Room in Lotus at Paya Lebar (East Wing),"$4,570/mo"
99,Room in One K Greenlane,"$3,300/mo"
100,Common Room in The Centren,"$1,950/mo"
101,Master Room in 12 Pine Close,"$1,900/mo"
102,Common Room in 48 Circuit Road,$450/mo
103,Master Room in Wing Fong Mansions,"$1,850/mo"
104,Common Room in Wing Fong Court,"$1,250/mo"
105,Room in Casa Aroma,"$1,400/mo"
106,Master Room in Casa Aroma,"$2,500/mo"
107,Master Room in 32 Cassia Crescent,"$1,600/mo"
108,Master Room in Accord Apartments,"$1,400/mo"
109,Master Room in # 1 Loft,"$1,850/mo"
110,Master Room in Tembeling Lodge,"$2,550/mo"
111,Common Room in 20 Eunos Crescent,$850/mo
112,Common Room in Casa Aroma,"$1,700/mo"
113,Master Room in Lorong H Telok Kurau,"$1,650/mo"
114,Master Room in Lorong H Telok Kurau,"$1,700/mo"
115,Common Room in East View,"$1,500/mo"
116,Common Room in Joo Chiat Road,"$1,200/mo"
117,Common Room in Casa Aroma,"$1,700/mo"
118,Common Room in 16 Eunos Crescent,$950/mo
119,Common Room in Casa Aroma,"$1,700/mo"
120,Master Room in Cassia View,"$2,199/mo"
121,Common Room in Lorong 9 Geylang,"$1,200/mo"
122,Common Room in Wing Fong Mansions,"$1,000/mo"
123,Common Room in Casa Aroma,"$1,500/mo"
124,Common Room in 29 Balam Road,"$1,000/mo"
125,Master Room in Cassia View,"$2,300/mo"
126,Common Room in Cassia View,"$1,050/mo"
127,Common Room in 18A Circuit Road,"$1,480/mo"
128,Room in Parc Esta,"$4,000/mo"
129,Common Room in 28 Cassia Crescent,$900/mo
130,Common Room in Sims Green,"$1,200/mo"
131,Common Room in Wing Fong Mansions,"$2,000/mo"
132,Common Room in Kembangan Estate,"$1,750/mo"
133,Common Room in Casa Aroma,"$1,500/mo"
134,Room in Tembeling Road,"$1,650/mo"
135,Common Room in euHabitat,"$2,000/mo"
136,Common Room in Langsat Road,"$1,500/mo"
137,Master Room in Casa Aroma,"$2,500/mo"
138,Common Room in Tanjong Katong Road,"$1,680/mo"
139,Master Room in Sallim Lodge,"$2,000/mo"
140,Common Room in Sallim Lodge,"$1,400/mo"
141,Common Room in Sallim Lodge,"$1,500/mo"
142,Room in Dakota Residences,"$1,800/mo"
143,Room in Casa Aroma,"$1,600/mo"
144,Master Room in 330 Ubi Avenue 1,"$1,800/mo"
145,Common Room in One Amber,"$1,500/mo"
146,Common Room in Tembeling Lodge,"$2,900/mo"
147,Common Room in 28 Cassia Crescent,"$1,250/mo"
148,Common Room in Maybelle Lodge,"$1,300/mo"
149,Common Room in 334 Ubi Avenue 1,"$1,150/mo"
150,Room in Sims Green,$880/mo
151,Common Room in Wing Fong Mansions,"$1,000/mo"
152,Room in Parc Esta,"$2,800/mo"
153,Room in 81 Lorong 25 Geylang,"$2,300/mo"
154,Master Room in 302 Ubi Avenue 1,"$2,000/mo"
155,Master Room in 302 Ubi Avenue 1,"$2,000/mo"
156,Common Room in Waterbank At Dakota,"$1,800/mo"
157,Master Room in Lorong H Telok Kurau,"$1,700/mo"
158,Room in Langsat Road,"$3,300/mo"
159,Common Room in Cassia View,$999/mo
160,Common Room in Parc Esta,"$2,800/mo"
161,Room in Goodview Apartments,"$1,800/mo"
162,Common Room in Goodview Apartments,"$1,900/mo"
163,Master Room in Wing Fong Court,"$1,850/mo"
164,Common Room in One Amber,"$1,500/mo"
165,Master Room in 14 Eunos Crescent,"$1,500/mo"
166,Room in The Alcove,"$1,650/mo"
167,Common Room in Sims Urban Oasis,"$1,500/mo"
168,Common Room in Tembeling Road,"$1,150/mo"
169,Master Room in Summer View,"$1,800/mo"
170,Common Room in Jalan Chengkek,"$1,700/mo"
171,Common Room in 66 Circuit Road,"$1,000/mo"
172,Common Room in Sallim Lodge,"$1,500/mo"
173,Common Room in Sallim Lodge,"$1,300/mo"
174,Room in The Antares,"$2,500/mo"
175,Room in 45 Sims Drive,"$1,100/mo"
176,Common Room in Lorong 13 Geylang,"$2,900/mo"
177,Room in Eis Residences,"$3,700/mo"
178,Common Room in Cassia View,"$1,900/mo"
179,Common Room in Lorong J Telok Kurau,"$1,050/mo"
180,Room in 5 Pine Close,"$1,500/mo"
181,Common Room in Wing Fong Mansions,"$1,580/mo"
182,Room in Tropika East,"$3,600/mo"
183,Room in 60 Dakota Crescent,"$1,400/mo"
184,Room in 17 Eunos Crescent,"$1,600/mo"
185,Common Room in 21 Eunos Crescent,"$1,250/mo"
186,Common Room in Familie Mansions,"$1,000/mo"
187,Master Room in Geylang Conservation Area,"$3,000/mo"
188,Room in Cassia View,"$2,198/mo"
189,Common Room in 17 Eunos Crescent,$600/mo
190,Room in Guillemard Suites,"$2,600/mo"
191,Room in Soho Life,"$2,500/mo"
192,Master Room in Sims Urban Oasis,"$2,699/mo"
193,Common Room in euHabitat,"$3,577/mo"
194,Common Room in euHabitat,"$2,100/mo"
195,Master Room in 16 Eunos Crescent,"$1,588/mo"
196,Common Room in 341 Ubi Avenue 1,$750/mo
197,Master Room in 302 Ubi Avenue 1,"$2,000/mo"
198,Master Room in Duku Lane,"$2,000/mo"
199,Master Room in The Esta,"$2,000/mo"
200,Common Room in Jalan Chengkek,"$2,200/mo"
