,Property,Price
0,Common Room in 544 Jelapang Road,"$1,050/mo"
1,Common Room in 540 Jelapang Road,$888/mo
2,Common Room in 132 Choa Chu Kang Avenue 1,$900/mo
3,Common Room in 148 Gangsa Road,$850/mo
4,Common Room in 177 Lompang Road,$900/mo
5,Common Room in Sol Acres,"$1,300/mo"
6,Common Room in 170 Gangsa Road,$900/mo
7,Master Room in 148 Gangsa Road,"$1,050/mo"
8,Master Room in 11 Teck Whye Lane,"$1,200/mo"
9,Common Room in Bukit 828,"$1,600/mo"
10,Common Room in 606 Senja Road,$800/mo
11,Common Room in 631 Senja Road,"$1,100/mo"
12,Master Room in Phoenix Heights,"$2,200/mo"
13,Common Room in 132 Choa Chu Kang Avenue 1,$900/mo
14,Master Room in 154 Jalan Teck Whye,"$1,000/mo"
15,Master Room in Sol Acres,"$1,180/mo"
16,Master Room in 175 Lompang Road,$908/mo
17,Master Room in The Linear,"$1,800/mo"
18,Common Room in 629 Senja Road,$900/mo
19,Room in Sol Acres,"$1,400/mo"
20,Common Room in 164 Gangsa Road,$700/mo
21,Common Room in 154 Jalan Teck Whye,$850/mo
22,Common Room in Sol Acres,"$1,180/mo"
23,Common Room in Maysprings,"$1,299/mo"
24,Common Room in 633A Senja Road,$900/mo
25,Master Room in Maysprings,"$1,299/mo"
26,Master Room in 118 Teck Whye Lane,"$1,700/mo"
27,Room in 611 Bukit Panjang Ring Road,"$1,700/mo"
28,Common Room in Hillsta,"$1,400/mo"
29,Common Room in 110 Teck Whye Lane,$750/mo
30,Room in Maysprings,"$1,100/mo"
31,Room in 619 Bukit Panjang Ring Road,$800/mo
32,Common Room in 631 Senja Road,"$1,000/mo"
33,Room in 619 Bukit Panjang Ring Road,$900/mo
34,Common Room in 14 Teck Whye Lane,$900/mo
35,Room in 544 Jelapang Road,"$1,050/mo"
36,Common Room in Nicon Gardens,"$1,900/mo"
37,Common Room in Maysprings,"$1,099/mo"
38,Common Room in 168 Petir Road,"$1,100/mo"
39,Master Room in 120 Teck Whye Lane,"$1,800/mo"
40,Common Room in 620 Bukit Panjang Ring Road,"$1,000/mo"
41,Room in Maysprings,"$1,500/mo"
42,Common Room in 119 Teck Whye Lane,$700/mo
43,Common Room in Maysprings,"$1,400/mo"
44,Master Room in 13 Teck Whye Lane,$850/mo
45,Common Room in 620 Bukit Panjang Ring Road,"$1,000/mo"
46,Common Room in 11 Teck Whye Lane,$900/mo
47,Common Room in 533 Bukit Panjang Ring Road,$950/mo
48,Common Room in 817B Keat Hong Link,$700/mo
49,Common Room in 175 Lompang Road,$800/mo
50,Room in The Linear,"$2,500/mo"
51,Common Room in 120 Teck Whye Lane,"$1,800/mo"
52,Master Room in 3 Teck Whye Avenue,$850/mo
53,Room in 611 Bukit Panjang Ring Road,"$1,300/mo"
54,Common Room in 629 Senja Road,$900/mo
55,Common Room in 545 Bukit Panjang Ring Road,"$1,200/mo"
56,Common Room in Maysprings,"$1,100/mo"
57,Room in 622 Senja Road,$900/mo
58,Common Room in 544 Jelapang Road,"$1,000/mo"
59,Master Room in Phoenix Heights,"$2,200/mo"
60,Master Room in 113 Teck Whye Lane,"$1,500/mo"
61,Room in 631 Senja Road,"$1,000/mo"
62,Master Room in 11 Teck Whye Lane,$900/mo
63,Master Room in 619 Bukit Panjang Ring Road,"$1,600/mo"
64,Common Room in 110 Teck Whye Lane,$700/mo
65,Room in 611 Bukit Panjang Ring Road,$900/mo
66,Room in 123 Teck Whye Lane,$750/mo
67,Room in 630 Senja Road,"$1,000/mo"
68,Common Room in 11 Teck Whye Lane,$900/mo
69,Master Room in 154 Jalan Teck Whye,"$1,000/mo"
70,Master Room in 148 Gangsa Road,"$1,050/mo"
71,Common Room in 105 Teck Whye Lane,$850/mo
72,Master Room in 383 Bukit Batok West Avenue 5,"$1,500/mo"
73,Master Room in 250 Bangkit Road,$950/mo
74,Master Room in 704 Choa Chu Kang Street 53,"$1,000/mo"
75,Common Room in 507 Jelapang Road,$900/mo
76,Common Room in 519 Jelapang Road,"$1,000/mo"
77,Common Room in 296 Choa Chu Kang Avenue 2,$600/mo
78,Common Room in 150 Petir Road,$750/mo
79,Common Room in 205 Choa Chu Kang Central,$850/mo
80,Common Room in 230 Choa Chu Kang Central,$700/mo
81,Common Room in 515 Jelapang Road,$850/mo
82,Common Room in Northvale,"$1,190/mo"
83,Master Room in 432 Choa Chu Kang Avenue 4,"$1,500/mo"
84,Common Room in 124 Pending Road,$450/mo
85,Common Room in Northvale,"$1,200/mo"
86,Common Room in Hazel Park Condominium,"$1,500/mo"
87,Common Room in 173 Gangsa Road,$950/mo
88,Common Room in Northvale,"$1,300/mo"
89,Common Room in 386 Bukit Batok West Avenue 5,"$1,100/mo"
90,Master Room in 548A Segar Road,"$1,300/mo"
91,Master Room in 131 Cashew Road,$850/mo
92,Common Room in 241 Bukit Panjang Ring Road,$700/mo
93,Common Room in 354 Choa Chu Kang Central,"$1,000/mo"
94,Common Room in 384 Bukit Batok West Avenue 5,$900/mo
95,Common Room in 230 Choa Chu Kang Central,$800/mo
96,Room in 385 Bukit Batok West Avenue 5,$900/mo
97,Common Room in 385 Bukit Batok West Avenue 5,$900/mo
98,Common Room in 802B Keat Hong Close,$900/mo
99,Common Room in 101 Gangsa Road,$900/mo
100,Common Room in 437 Fajar Road,"$1,200/mo"
101,Common Room in 641A Senja Close,$900/mo
102,Common Room in 133 Cashew Road,$900/mo
103,Common Room in 621 Senja Road,$850/mo
104,Common Room in 102 Gangsa Road,$950/mo
105,Common Room in 150 Petir Road,$800/mo
106,Common Room in 509 Jelapang Road,$650/mo
107,Common Room in 489D Choa Chu Kang Avenue 5,$950/mo
108,Master Room in 231 Choa Chu Kang Central,"$1,400/mo"
109,Common Room in Cashew Heights Condominium,"$1,500/mo"
110,Common Room in 767 Choa Chu Kang Street 54,"$1,000/mo"
111,Master Room in The Dairy Farm,"$1,500/mo"
112,Common Room in 801C Keat Hong Close,$850/mo
113,Common Room in 307 Choa Chu Kang Avenue 4,"$1,300/mo"
114,Common Room in 384 Bukit Batok West Avenue 5,$900/mo
115,Common Room in 420 Fajar Road,$650/mo
116,Common Room in Cashew Heights Condominium,"$1,260/mo"
117,Common Room in 809B Choa Chu Kang Avenue 1,"$1,000/mo"
118,Common Room in 805B Keat Hong Close,$800/mo
119,Master Room in 338 Bukit Batok Street 34,"$1,100/mo"
120,Master Room in 338 Bukit Batok Street 34,"$1,100/mo"
121,Room in 815B Choa Chu Kang Avenue 7,$850/mo
122,Common Room in 808C Choa Chu Kang Avenue 1,$890/mo
123,Common Room in 546A Segar Road,$800/mo
124,Common Room in Hillview Park,"$2,000/mo"
125,Common Room in 110 Gangsa Road,"$1,300/mo"
126,Master Room in The Warren,"$1,800/mo"
127,Common Room in Hazel Park Condominium,"$1,100/mo"
128,Common Room in 412 Saujana Road,$950/mo
129,Common Room in 647B Senja Close,"$1,400/mo"
130,Room in 275 Bangkit Road,"$1,200/mo"
131,Common Room in 237 Bukit Panjang Ring Road,$900/mo
132,Master Room in 150 Petir Road,"$1,000/mo"
133,Room in 272 Bangkit Road,$900/mo
134,Room in 236 Bukit Panjang Ring Road,"$1,600/mo"
135,Master Room in 502 Jelapang Road,$830/mo
136,Common Room in 123 Pending Road,"$1,100/mo"
137,Room in 284 Choa Chu Kang Avenue 3,$950/mo
138,Common Room in Wandervale,$900/mo
139,Master Room in Pavilion Park,"$2,200/mo"
140,Room in Hazel Park Condominium,"$1,800/mo"
141,Common Room in 254 Bangkit Road,"$1,500/mo"
142,Common Room in 816B Keat Hong Link,$800/mo
143,Common Room in 647B Senja Close,"$1,400/mo"
144,Master Room in 548A Segar Road,"$1,200/mo"
145,Common Room in 345 Choa Chu Kang Loop,"$1,800/mo"
146,Common Room in 805D Keat Hong Close,"$1,200/mo"
147,Common Room in Mi Casa,"$1,400/mo"
148,Common Room in Northvale,"$1,290/mo"
149,Common Room in 549A Segar Road,$800/mo
150,Common Room in 762 Choa Chu Kang North 5,$850/mo
151,Master Room in 767 Choa Chu Kang Street 54,"$1,000/mo"
152,Common Room in 333 Bukit Batok Street 32,$800/mo
153,Common Room in 354 Choa Chu Kang Central,$700/mo
154,Common Room in 338 Bukit Batok Street 34,$900/mo
155,Room in The Warren,"$1,600/mo"
156,Common Room in Cashew Park Condominium,"$1,450/mo"
157,Common Room in 124 Pending Road,$800/mo
158,Common Room in 212 Choa Chu Kang Central,"$1,200/mo"
159,Common Room in 412 Saujana Road,$950/mo
160,Common Room in Chestervale,"$1,400/mo"
161,Master Room in 307 Choa Chu Kang Avenue 4,"$1,450/mo"
162,Master Room in 390 Bukit Batok West Avenue 5,"$1,300/mo"
163,Master Room in Northvale,"$1,690/mo"
164,Room in 204 Petir Road,"$1,000/mo"
165,Common Room in 211 Choa Chu Kang Central,$850/mo
166,Common Room in 211 Choa Chu Kang Central,$850/mo
167,Common Room in 437 Fajar Road,"$1,000/mo"
168,Common Room in 237 Bukit Panjang Ring Road,$980/mo
169,Common Room in The Rainforest,"$1,250/mo"
170,Master Room in Cashew Villas,"$2,500/mo"
171,Common Room in 124 Pending Road,"$1,000/mo"
172,Room in 636B Senja Road,$990/mo
173,Room in 237 Bukit Panjang Ring Road,$950/mo
174,Room in 386 Bukit Batok West Avenue 5,$800/mo
175,Common Room in 205 Petir Road,$750/mo
176,Room in 406 Fajar Road,$800/mo
177,Master Room in 257 Bangkit Road,"$1,000/mo"
178,Master Room in ESPA,"$1,350/mo"
179,Room in 548A Segar Road,"$1,300/mo"
180,Room in 804A Keat Hong Close,"$1,200/mo"
181,Common Room in 288 Choa Chu Kang Avenue 3,$800/mo
182,Master Room in 143 Petir Road,"$1,000/mo"
183,Room in 233 Choa Chu Kang Central,$900/mo
184,Master Room in The Dairy Farm,"$1,250/mo"
185,Common Room in Northvale,"$1,160/mo"
186,Room in 383 Bukit Batok West Avenue 5,$950/mo
187,Common Room in 384 Bukit Batok West Avenue 5,"$1,000/mo"
188,Common Room in 386 Bukit Batok West Avenue 5,$850/mo
189,Common Room in 333 Bukit Batok Street 32,$900/mo
190,Common Room in Northvale,"$1,390/mo"
191,Common Room in Northvale,$950/mo
192,Master Room in 227 Choa Chu Kang Central,"$1,500/mo"
193,Common Room in Wandervale,"$1,050/mo"
194,Common Room in 139 Petir Road,"$1,000/mo"
195,Common Room in 621 Senja Road,"$1,000/mo"
196,Common Room in Northvale,"$1,200/mo"
197,Room in Cashew Garden,"$1,339/mo"
198,Common Room in 803A Keat Hong Close,$850/mo
199,Common Room in Chestervale,"$1,100/mo"
200,Master Room in 810A Choa Chu Kang Avenue 7,"$1,100/mo"
201,Room in 507 Jelapang Road,$750/mo
202,Room in 818B Choa Chu Kang Avenue 1,"$1,000/mo"
203,Room in 275 Bangkit Road,"$1,000/mo"
204,Room in 214 Choa Chu Kang Central,"$1,000/mo"
205,Common Room in 416 Saujana Road,"$1,100/mo"
206,Room in 383 Bukit Batok West Avenue 5,$950/mo
207,Common Room in 655 Senja Road,$850/mo
208,Common Room in 209 Choa Chu Kang Central,"$1,050/mo"
209,Common Room in 411 Choa Chu Kang Avenue 3,"$1,200/mo"
210,Common Room in Pavilion Park,"$1,500/mo"
211,Room in The Rainforest,"$2,800/mo"
212,Common Room in 284 Choa Chu Kang Avenue 3,$850/mo
213,Master Room in 345 Choa Chu Kang Loop,"$1,500/mo"
214,Common Room in 510A Jelapang Road,$800/mo
215,Room in Blossom Residences,"$1,300/mo"
