,Property,Price
0,Common Room in 839 Jurong West Street 81,$800/mo
1,Common Room in 642 Jurong West Street 61,$980/mo
2,Common Room in 665A Jurong West Street 64,"$1,000/mo"
3,Master Room in 664A Jurong West Street 64,"$1,500/mo"
4,Common Room in 662C Jurong West Street 64,$450/mo
5,Common Room in 668D Jurong West Street 64,$850/mo
6,Common Room in 665B Jurong West Street 64,"$1,200/mo"
7,Room in 655A Jurong West Street 61,$950/mo
8,Common Room in 987A Jurong West Street 93,"$1,100/mo"
9,Common Room in 660B Jurong West Street 64,$900/mo
10,Common Room in 663C Jurong West Street 65,"$1,200/mo"
11,Common Room in 814 Jurong West Street 81,$700/mo
12,Master Room in 664A Jurong West Street 64,"$1,500/mo"
13,Common Room in 921 Jurong West Street 92,"$1,200/mo"
14,Common Room in 651B Jurong West Street 61,"$1,200/mo"
15,Common Room in 669A Jurong West Street 64,"$1,000/mo"
16,Common Room in 619 Jurong West Street 65,"$1,020/mo"
17,Common Room in 961 Jurong West Street 92,$800/mo
18,Common Room in 613A Jurong West Street 62,"$1,150/mo"
19,Common Room in 987C Jurong West Street 93,$900/mo
20,Common Room in 952 Jurong West Street 91,"$1,000/mo"
21,Common Room in 653A Jurong West Street 61,$950/mo
22,Room in 654C Jurong West Street 61,"$1,680/mo"
23,Common Room in 668C Jurong West Street 64,"$1,400/mo"
24,Master Room in 612 Jurong West Street 65,"$1,200/mo"
25,Common Room in 623 Jurong West Street 61,$850/mo
26,Room in 815 Jurong West Street 81,$650/mo
27,Common Room in 817 Jurong West Street 81,$700/mo
28,Common Room in 843 Jurong West Street 81,$900/mo
29,Common Room in Yunnan Crescent,$650/mo
30,Common Room in 663C Jurong West Street 65,"$1,100/mo"
31,Common Room in Yunnan Crescent,"$1,000/mo"
32,Common Room in 642 Jurong West Street 61,"$1,000/mo"
33,Common Room in 656D Jurong West Street 61,"$1,350/mo"
34,Common Room in 816 Jurong West Street 81,"$1,200/mo"
35,Room in 842 Jurong West Street 81,$450/mo
36,Room in 987C Jurong West Street 93,"$1,100/mo"
37,Common Room in 664C Jurong West Street 64,$800/mo
38,Common Room in 665B Jurong West Street 64,"$1,100/mo"
39,Master Room in The Centris,"$1,700/mo"
40,Room in 673A Jurong West Street 65,"$1,000/mo"
41,Common Room in 709 Jurong West Street 71,$950/mo
42,Common Room in 632 Jurong West Street 65,"$1,100/mo"
43,Common Room in 987C Jurong West Street 93,"$1,125/mo"
44,Room in Yunnan Road,$900/mo
45,Common Room in The Centris,"$1,580/mo"
46,Room in Yunnan Crescent,"$1,150/mo"
47,Common Room in The Centris,"$1,550/mo"
48,Common Room in 669C Jurong West Street 64,"$1,000/mo"
49,Room in 632 Jurong West Street 65,"$1,100/mo"
50,Common Room in 832 Jurong West Street 81,$750/mo
51,Room in 829 Jurong West Street 81,"$1,000/mo"
52,Room in 831 Jurong West Street 81,$900/mo
53,Master Room in 679B Jurong West Central 1,"$2,000/mo"
54,Common Room in 750 Jurong West Street 73,"$1,000/mo"
55,Common Room in 185 Boon Lay Avenue,$500/mo
56,Common Room in 941 Jurong West Street 91,"$1,400/mo"
57,Common Room in 850 Jurong West Street 81,$700/mo
58,Common Room in 679C Jurong West Central 1,"$1,000/mo"
59,Common Room in 913 Jurong West Street 91,$900/mo
60,Master Room in 864 Jurong West Street 81,$900/mo
61,Room in Summerdale,"$1,250/mo"
62,Room in The Floravale,"$2,380/mo"
63,Common Room in 183D Boon Lay Avenue,$950/mo
64,Common Room in Westville,"$1,300/mo"
65,Master Room in 272B Jurong West Street 24,"$1,200/mo"
66,Master Room in 85 SOHO @ Boon Lay,"$1,700/mo"
67,Common Room in Summerdale,"$1,250/mo"
68,Common Room in The Floravale,"$1,800/mo"
69,Room in 698A Jurong West Central 3,"$1,000/mo"
70,Room in 693 Jurong West Central 1,$900/mo
71,Common Room in 275B Jurong West Street 25,$750/mo
72,Common Room in The Floravale,"$1,400/mo"
73,Room in 940 Jurong West Street 91,$800/mo
74,Common Room in 736 Jurong West Street 75,$950/mo
75,Common Room in 276A Jurong West Street 25,$850/mo
76,Room in 273D Jurong West Avenue 3,"$1,200/mo"
77,Common Room in 824 Jurong West Street 81,"$1,200/mo"
78,Common Room in The Floravale,"$1,500/mo"
79,Common Room in Westville,"$1,400/mo"
80,Master Room in The Floravale,"$2,500/mo"
81,Common Room in 221 Boon Lay Place,$800/mo
82,Common Room in Westville,$999/mo
83,Common Room in Summerdale,"$1,250/mo"
84,Common Room in 751 Jurong West Street 73,$850/mo
85,Common Room in 748 Jurong West Street 73,$350/mo
86,Master Room in 85 SOHO @ Boon Lay,"$2,500/mo"
87,Common Room in 688 Jurong West Central 1,"$1,250/mo"
88,Common Room in 174 Boon Lay Drive,$800/mo
89,Room in 85 SOHO @ Boon Lay,"$2,200/mo"
90,Common Room in 941 Jurong West Street 91,"$1,400/mo"
91,Room in 275B Jurong West Street 25,"$1,000/mo"
92,Common Room in Summerdale,"$1,175/mo"
93,Room in The Floravale,"$1,480/mo"
94,Room in 85 SOHO @ Boon Lay,"$2,200/mo"
95,Common Room in The Floravale,"$1,450/mo"
96,Common Room in 690 Jurong West Central 1,$800/mo
97,Master Room in The Floravale,"$1,980/mo"
98,Common Room in The Floravale,"$1,580/mo"
99,Common Room in Summerdale,"$1,450/mo"
100,Common Room in Summerdale,"$1,300/mo"
101,Common Room in The Floravale,"$1,380/mo"
102,Common Room in Summerdale,"$1,450/mo"
103,Room in Summerdale,"$1,550/mo"
104,Room in 273A Jurong West Avenue 3,"$1,300/mo"
105,Room in 823 Jurong West Street 81,$850/mo
106,Common Room in 274B Jurong West Street 25,"$1,250/mo"
107,Common Room in 262 Boon Lay Drive,"$1,500/mo"
108,Room in 676A Jurong West Street 64,"$1,600/mo"
109,Common Room in 276A Jurong West Street 25,$800/mo
110,Room in 275B Jurong West Street 25,"$1,000/mo"
111,Room in 684 Jurong West Street 64,"$1,000/mo"
112,Common Room in 268 Boon Lay Drive,$900/mo
