,Property,Price
0,Master Room in 56 Geylang Bahru,"$1,300/mo"
1,Common Room in 49 Whampoa South,$850/mo
2,Common Room in The Tre Ver,"$1,800/mo"
3,Common Room in 113 Potong Pasir Avenue 1,"$1,000/mo"
4,Master Room in Avon Park,"$1,750/mo"
5,Common Room in 139 Potong Pasir Avenue 3,"$1,200/mo"
6,Common Room in 108B Bidadari Park Drive,"$1,200/mo"
7,Master Room in Nin Residence,"$2,500/mo"
8,Master Room in 148 Potong Pasir Avenue 1,"$2,000/mo"
9,Common Room in The Tre Ver,"$2,200/mo"
10,Common Room in 144 Potong Pasir Avenue 2,$950/mo
11,Common Room in Avon Park,"$1,608/mo"
12,Room in 104 Potong Pasir Avenue 1,"$1,200/mo"
13,Master Room in Woodsville Mansions,"$1,600/mo"
14,Common Room in 56 Geylang Bahru,$550/mo
15,Room in The Tre Ver,"$5,200/mo"
16,Room in The Poiz Residences,"$3,800/mo"
17,Master Room in Woodsville Mansions,"$2,000/mo"
18,Room in 56 Geylang Bahru,$550/mo
19,Room in One Saint Michaels,"$1,600/mo"
20,Common Room in Sennett Estate,"$1,700/mo"
21,Room in 47 Bendemeer Road,"$1,200/mo"
22,Room in Sennett Residence,"$2,000/mo"
23,Common Room in 97 Geylang Bahru,"$1,200/mo"
24,Room in Avon Park,"$2,300/mo"
25,Common Room in 97 Geylang Bahru,"$1,200/mo"
26,Common Room in Woodsville 28,"$2,000/mo"
27,Master Room in One Saint Michaels,"$2,500/mo"
28,Room in The Tre Ver,"$1,800/mo"
29,Common Room in Sennett Estate,"$1,600/mo"
30,Master Room in Intero,"$4,000/mo"
31,Master Room in Intero,"$4,000/mo"
32,Common Room in 142 Potong Pasir Avenue 3,"$1,350/mo"
33,Room in 120 Potong Pasir Avenue 1,"$1,400/mo"
34,Common Room in Avon Park,"$1,620/mo"
35,Master Room in The Elysia,"$2,100/mo"
36,Common Room in Avon Park,"$1,500/mo"
37,Master Room in Sennett Estate,"$1,200/mo"
38,Room in The Venue Residences,"$2,300/mo"
39,Common Room in 113 Potong Pasir Avenue 1,$999/mo
40,Common Room in 47 Bendemeer Road,"$1,200/mo"
41,Master Room in Nin Residence,"$2,900/mo"
42,Common Room in 102B Bidadari Park Drive,"$1,300/mo"
43,Common Room in 112 Whampoa Road,"$1,000/mo"
44,Master Room in Eight Riversuites,"$2,400/mo"
45,Common Room in Ritz Mansions,"$1,380/mo"
46,Master Room in Canne Lodge,"$2,350/mo"
47,Common Room in Ritz Mansions,"$1,450/mo"
48,Common Room in 3A Upper Boon Keng Road,"$1,000/mo"
49,Common Room in 264 Toa Payoh East,"$1,600/mo"
50,Master Room in 107 Towner Road,"$2,000/mo"
51,Common Room in 48 Circuit Road,$450/mo
52,Common Room in 19 Jalan Tenteram,"$1,000/mo"
53,Common Room in 5 Saint George's Lane,"$1,200/mo"
54,Common Room in 16 Upper Boon Keng Road,"$2,800/mo"
55,Master Room in The Interweave,"$2,600/mo"
56,Common Room in 12 Joo Seng Road,"$1,000/mo"
57,Common Room in 122 Mcnair Road,"$1,500/mo"
58,Common Room in 122 Mcnair Road,"$1,500/mo"
59,Common Room in 241 Kim Keat Link,"$1,300/mo"
60,Common Room in 50 Lorong 5 Toa Payoh,"$1,000/mo"
61,Common Room in 8 Saint George's Lane,"$1,600/mo"
62,Common Room in 14 Joo Seng Road,$850/mo
63,Common Room in 74 Whampoa Drive,"$1,100/mo"
64,Common Room in 74 Whampoa Drive,$750/mo
65,Common Room in 20 Lorong 7 Toa Payoh,$800/mo
66,Common Room in 12 Lorong 7 Toa Payoh,$600/mo
67,Common Room in 25 Toa Payoh East,$900/mo
68,Master Room in Fortune View,"$1,600/mo"
69,Room in 255 Kim Keat Avenue,"$1,200/mo"
70,Master Room in Classical Terrace,"$1,900/mo"
71,Common Room in Regal Court,"$1,000/mo"
72,Common Room in 29 Balam Road,"$1,000/mo"
73,Common Room in Jalan Lateh,"$1,200/mo"
74,Common Room in Bartley Ridge,"$1,700/mo"
75,Master Room in Bartley Rise Estate,"$1,850/mo"
76,Common Room in 5 Boon Keng Road,"$1,000/mo"
77,Common Room in Ritz Mansions,"$1,200/mo"
78,Common Room in 14 Saint George's Road,$500/mo
79,Room in 54 Jalan Ma'Mor,"$1,050/mo"
80,Common Room in 5 Saint George's Lane,"$1,200/mo"
81,Master Room in Canne Lodge,"$2,008/mo"
82,Common Room in Kim Keat House,"$1,350/mo"
83,Room in 17 Jalan Tenteram,$550/mo
84,Common Room in 17 Jalan Tenteram,$550/mo
85,Room in 3C Upper Boon Keng Road,"$1,100/mo"
86,Common Room in 34 Whampoa West,$850/mo
87,Room in 224 Lorong 8 Toa Payoh,$950/mo
88,Common Room in 15 Joo Seng Road,"$1,400/mo"
89,Master Room in Sallim Lodge,"$2,000/mo"
90,Common Room in Sallim Lodge,"$1,400/mo"
91,Common Room in Sallim Lodge,"$1,500/mo"
92,Common Room in 6 Saint George's Lane,$900/mo
93,Master Room in 16 Upper Boon Keng Road,"$2,800/mo"
94,Common Room in 121 Mcnair Road,"$1,200/mo"
95,Common Room in 222 Lorong 8 Toa Payoh,$900/mo
96,Room in 6 Saint George's Lane,$900/mo
97,Common Room in 105 Towner Road,"$1,500/mo"
98,Master Room in Canne Lodge,"$2,200/mo"
99,Common Room in 222 Lorong 8 Toa Payoh,$900/mo
100,Master Room in Classical Terrace,"$2,000/mo"
101,Master Room in Canne Lodge,"$2,200/mo"
102,Master Room in 3 Saint George's Road,"$1,200/mo"
103,Master Room in 38 Lorong 5 Toa Payoh,"$1,200/mo"
104,Common Room in Canne Lodge,"$1,900/mo"
105,Room in Sunglade,"$1,420/mo"
106,Common Room in 2A Upper Boon Keng Road,"$1,400/mo"
107,Master Room in Canne Lodge,"$1,800/mo"
108,Room in 109 Mcnair Road,$900/mo
109,Common Room in 8 Saint George's Lane,"$1,600/mo"
110,Master Room in Bartley Rise Estate,"$1,960/mo"
111,Common Room in 110 Mcnair Road,"$1,500/mo"
112,Common Room in 38 Lorong 5 Toa Payoh,"$1,200/mo"
113,Common Room in Parc Haven,"$1,000/mo"
114,Master Room in Parc Haven,"$2,700/mo"
115,Common Room in Parc Haven,"$1,800/mo"
116,Master Room in Parc Haven,"$2,400/mo"
117,Common Room in Sims Urban Oasis,"$1,500/mo"
118,Common Room in Canne Lodge,"$1,800/mo"
119,Common Room in Jalan Lateh,"$1,200/mo"
120,Common Room in Jalan Chengkek,"$1,700/mo"
121,Master Room in 2 Saint George's Road,$800/mo
122,Common Room in 12 Lorong 7 Toa Payoh,$500/mo
123,Common Room in 11 Lorong 8 Toa Payoh,$988/mo
124,Room in 11 Upper Boon Keng Road,$550/mo
125,Common Room in Sallim Lodge,"$1,500/mo"
126,Common Room in Sallim Lodge,"$1,300/mo"
127,Room in The Antares,"$2,500/mo"
128,Room in 45 Sims Drive,"$1,100/mo"
129,Common Room in Bartley Ridge,"$1,350/mo"
130,Master Room in 16 Upper Boon Keng Road,"$3,200/mo"
131,Master Room in Boon Keng Ville,"$3,500/mo"
132,Common Room in Canne Lodge,"$2,200/mo"
133,Common Room in Canne Lodge,"$1,800/mo"
134,Master Room in 27 Jalan Bahagia,$800/mo
135,Common Room in Bartley Villas,"$1,200/mo"
136,Master Room in 3 Saint George's Road,"$1,300/mo"
137,Master Room in 110 Mcnair Road,"$1,400/mo"
138,Room in 16 Upper Boon Keng Road,"$2,700/mo"
139,Common Room in 113A Mcnair Road,"$1,200/mo"
140,Common Room in Bartley Residences,"$1,550/mo"
141,Room in Sunglade,"$1,420/mo"
142,Room in 107 Towner Road,"$2,000/mo"
143,Common Room in Sunshine Grove,"$1,050/mo"
144,Room in Macpherson Garden Estate,"$1,500/mo"
145,Room in Eight Riversuites,"$1,500/mo"
146,Common Room in Regal Court,"$1,200/mo"
147,Master Room in Parc Haven,"$2,400/mo"
148,Common Room in Canne Lodge,"$1,900/mo"
149,Common Room in Canne Lodge,"$1,800/mo"
150,Master Room in Canne Lodge,"$2,300/mo"
151,Master Room in Sims Urban Oasis,"$2,699/mo"
152,Room in 16 Upper Boon Keng Road,"$1,500/mo"
153,Common Room in Macpherson Garden Estate,"$1,300/mo"
154,Common Room in 249 Kim Keat Link,$800/mo
155,Common Room in 112A Whampoa Road,"$1,200/mo"
156,Common Room in 193 Lorong 4 Toa Payoh,"$1,000/mo"
157,Common Room in 93 Whampoa Drive,$550/mo
158,Common Room in Regal Court,"$1,000/mo"
159,Common Room in Jalan Chengkek,"$2,200/mo"
