,Property,Price
0,Master Room in The Plaza,"$3,500/mo"
1,Common Room in The Plaza,"$2,800/mo"
2,Common Room in Sultan Gate Place,"$1,150/mo"
3,Room in Duo Residences / Duo Tower,"$4,499/mo"
4,Common Room in 232 Bain Street,"$1,418/mo"
5,Room in 232 Bain Street,"$1,500/mo"
6,Master Room in 75BR,"$4,200/mo"
7,Master Room in Beach Road Conservation Area,"$3,800/mo"
8,Room in 48 Bencoolen Street,"$4,333/mo"
9,Room in Furama City Centre Singapore,"$4,600/mo"
10,Room in 12 Queen Street,"$5,000/mo"
11,Room in Jalan Besar,"$2,940/mo"
12,Master Room in The Riverside Piazza,"$1,600/mo"
13,Master Room in Fook Hai Building,"$1,400/mo"
14,Master Room in 813 Jellicoe Road,"$1,500/mo"
15,Common Room in 2 Beach Road,"$1,500/mo"
16,Master Room in Peace Centre/Peace Mansion / Peace Centre,"$1,500/mo"
17,Common Room in Peace Centre/Peace Mansion / Peace Centre,"$1,100/mo"
18,Master Room in Former Peace Centre/Peace Mansion,"$2,500/mo"
19,Common Room in The Sail @ Marina Bay,"$2,700/mo"
20,Common Room in Bencoolen House,"$1,600/mo"
21,Room in Furama City Centre Singapore,"$3,300/mo"
22,Common Room in 668 Chander Road,"$2,800/mo"
23,Common Room in The Riverside Piazza,"$1,600/mo"
24,Common Room in 538 Upper Cross Street,"$1,300/mo"
25,Common Room in The Sail @ Marina Bay,"$2,500/mo"
26,Common Room in The Sail @ Marina Bay,"$2,700/mo"
27,Master Room in The Sail @ Marina Bay,"$3,500/mo"
28,Master Room in Burlington Square,"$2,500/mo"
29,Common Room in Burlington Square,"$1,900/mo"
30,Master Room in The Sail @ Marina Bay,"$3,500/mo"
31,Common Room in The Sail @ Marina Bay,"$2,500/mo"
32,Common Room in The Sail @ Marina Bay,"$2,500/mo"
33,Common Room in The Sail @ Marina Bay,"$2,500/mo"
34,Common Room in City Square Residences,"$2,200/mo"
35,Common Room in City Square Residences,"$2,200/mo"
36,Master Room in Jalan Besar Plaza,"$2,500/mo"
37,Room in 668 Chander Road,"$1,488/mo"
38,Room in 32 Penhas Road,"$1,449/mo"
39,Master Room in The Riverside Piazza,"$1,600/mo"
40,Master Room in 813 Jellicoe Road,"$1,300/mo"
41,Common Room in City Square Residences,"$2,000/mo"
42,Common Room in City Square Residences,"$2,000/mo"
43,Common Room in Citylights,"$2,000/mo"
44,Room in City Square Residences,"$2,600/mo"
45,Room in 32 Penhas Road,"$2,849/mo"
46,Common Room in The Bencoolen,"$1,950/mo"
47,Common Room in Little India Conservation Area,"$6,500/mo"
48,Room in City Square Residences,"$2,600/mo"
49,Master Room in Burlington Square,"$2,500/mo"
50,Room in 466 Crawford Lane,"$1,100/mo"
51,Common Room in The Riverside Piazza,"$1,800/mo"
52,Master Room in The Sail @ Marina Bay,"$7,000/mo"
53,Common Room in The Sail @ Marina Bay,"$2,800/mo"
54,Room in Sophia Hills,"$2,400/mo"
55,Master Room in Water Place,"$7,000/mo"
56,Common Room in Niven Road,"$1,200/mo"
57,Common Room in Sunshine Plaza,"$1,000/mo"
58,Common Room in Burlington Square,"$1,400/mo"
59,Room in 269B Queen Street,"$1,400/mo"
60,Master Room in City Square Residences,"$2,600/mo"
61,Master Room in Sophia Crest,"$2,400/mo"
62,Common Room in City Square Residences,"$1,800/mo"
63,Common Room in Burlington Square,"$1,900/mo"
64,Master Room in Burlington Square,"$2,600/mo"
65,Master Room in Little India Conservation Area,"$2,000/mo"
66,Master Room in 95 Lavender Street,"$1,650/mo"
67,Master Room in City Square Residences,"$2,600/mo"
68,Master Room in City Square Residences,"$2,300/mo"
69,Common Room in City Square Residences,"$1,600/mo"
70,Common Room in City Square Residences,"$2,200/mo"
71,Master Room in Jalan Besar Plaza,"$2,500/mo"
72,Room in 668 Chander Road,"$1,488/mo"
73,Room in 32 Penhas Road,"$1,500/mo"
74,Common Room in Wilkie Court,"$1,250/mo"
75,Common Room in Burlington Square,"$1,800/mo"
76,Master Room in The Sail @ Marina Bay,"$1,900/mo"
77,Room in One Shenton,"$5,000/mo"
78,Room in 26 Jalan Berseh,"$1,278/mo"
79,Common Room in 26 Jalan Berseh,"$1,200/mo"
80,Common Room in City Square Residences,"$2,100/mo"
81,Common Room in The Sail @ Marina Bay,"$2,500/mo"
82,Room in Sophia Hills,"$2,500/mo"
83,Room in Wilkie Apartments,"$2,350/mo"
84,Room in 12 North Bridge Road,"$1,200/mo"
85,Master Room in 641 Rowell Road,"$2,200/mo"
86,Master Room in Liv On Wilkie,"$2,500/mo"
87,Common Room in 641 Rowell Road,"$1,700/mo"
88,Common Room in 642 Rowell Road,"$1,400/mo"
89,Room in 8 Selegie Road,"$1,200/mo"
90,Common Room in City Square Residences,"$1,600/mo"
91,Common Room in City Square Residences,"$1,700/mo"
92,Room in Sophia Hills,"$2,700/mo"
93,Common Room in Parkshore,"$2,200/mo"
94,Common Room in 263 Waterloo Street,"$1,400/mo"
95,Common Room in Citylights,"$1,950/mo"
96,Master Room in Bencoolen House,"$2,200/mo"
97,Room in 813 Jellicoe Road,"$1,500/mo"
98,Common Room in Former Peace Centre/Peace Mansion,"$2,300/mo"
99,Room in The Bencoolen,"$2,600/mo"
100,,
101,,
102,,
103,,
104,,
