,Property,Price
0,Common Room in 256D Sumang Walk,$900/mo
1,Common Room in 310B Punggol Walk,"$1,200/mo"
2,Common Room in 295C Compassvale Crescent,"$1,000/mo"
3,Common Room in 202A Punggol Field,"$1,000/mo"
4,Common Room in 195C Punggol Road,"$1,200/mo"
5,Common Room in 266C Punggol Way,"$1,200/mo"
6,Common Room in 308C Punggol Walk,$850/mo
7,Common Room in 612C Punggol Drive,$850/mo
8,Common Room in 313C Sumang Link,$900/mo
9,Common Room in 313C Sumang Link,$900/mo
10,Master Room in Twin Waterfalls,"$1,500/mo"
11,Common Room in 296B Compassvale Crescent,$800/mo
12,Master Room in 294 Punggol Central,"$2,000/mo"
13,Master Room in A Treasure Trove,"$1,500/mo"
14,Common Room in 213A Punggol Walk,"$1,000/mo"
15,Master Room in Prive,"$2,200/mo"
16,Common Room in 261B Punggol Way,$800/mo
17,Room in 314B Punggol Way,"$1,600/mo"
18,Room in 305D Punggol Drive,$950/mo
19,Common Room in 286C Compassvale Crescent,"$1,500/mo"
20,Room in 678C Punggol Drive,$900/mo
21,Common Room in 314A Punggol Way,$800/mo
22,Common Room in 217B Sumang Walk,$850/mo
23,Master Room in 102B Punggol Field,"$1,000/mo"
24,Common Room in 104B Edgefield Plains,$900/mo
25,Room in 104B Edgefield Plains,$900/mo
26,Room in 296A Compassvale Crescent,"$1,100/mo"
27,Master Room in 308C Punggol Walk,"$1,800/mo"
28,Common Room in 302B Punggol Place,$850/mo
29,Room in 299 Punggol Central,"$1,200/mo"
30,Common Room in 271C Punggol Walk,"$1,100/mo"
31,Common Room in 104B Edgefield Plains,$900/mo
32,Common Room in 612C Punggol Drive,$950/mo
33,Common Room in 269C Punggol Field,"$1,400/mo"
34,Room in 613D Punggol Drive,$950/mo
35,Common Room in 105B Edgefield Plains,$950/mo
36,Master Room in 211D Punggol Walk,"$1,200/mo"
37,Common Room in 612C Punggol Drive,$850/mo
38,Master Room in 196D Punggol Field,"$1,200/mo"
39,Common Room in Waterbay,"$1,500/mo"
40,Common Room in A Treasure Trove,"$1,500/mo"
41,Master Room in 211D Punggol Walk,"$1,350/mo"
42,Common Room in 619C Punggol Drive,$850/mo
43,Common Room in 207B Punggol Place,"$1,000/mo"
44,Room in 208B Punggol Place,"$1,400/mo"
45,Room in 196C Punggol Field,"$1,300/mo"
46,Room in 175C Punggol Field,"$1,000/mo"
47,Master Room in 314B Punggol Way,"$1,400/mo"
48,Common Room in 220C Sumang Lane,$900/mo
49,Common Room in Ecopolitan,"$1,800/mo"
50,Room in 299 Punggol Central,"$1,000/mo"
51,Common Room in A Treasure Trove,"$1,500/mo"
52,Common Room in 256B Sumang Walk,$900/mo
53,Common Room in A Treasure Trove,"$1,750/mo"
54,Common Room in Parc Centros,"$2,000/mo"
55,Common Room in 209C Punggol Place,$850/mo
56,Common Room in 195D Punggol Road,"$1,100/mo"
57,Common Room in 269B Punggol Field,"$1,000/mo"
58,Room in Twin Waterfalls,"$1,300/mo"
59,Common Room in 305D Punggol Drive,$950/mo
60,Master Room in 105A Edgefield Plains,"$1,100/mo"
61,Master Room in Twin Waterfalls,"$1,250/mo"
62,Common Room in 273D Punggol Place,"$1,000/mo"
63,Room in 101A Punggol Field,"$1,500/mo"
64,Master Room in Bellewaters,"$1,500/mo"
65,Common Room in 682A Edgedale Plains,$950/mo
66,Common Room in 224A Compassvale Walk,"$1,000/mo"
67,Common Room in 250D Compassvale Street,"$1,100/mo"
68,Common Room in The Amore,"$1,200/mo"
69,Common Room in 180C Rivervale Crescent,$900/mo
70,Common Room in 682A Edgedale Plains,$900/mo
71,Common Room in 622C Punggol Central,$900/mo
72,Master Room in Compass Heights,"$1,850/mo"
73,Common Room in 225B Compassvale Walk,$850/mo
74,Master Room in Beauty Garden,"$3,000/mo"
75,Master Room in Beauty Garden,"$2,800/mo"
76,Common Room in 216A Compassvale Drive,"$1,100/mo"
77,Common Room in 331C Anchorvale Street,$900/mo
78,Common Room in 632B Punggol Drive,$900/mo
79,Common Room in Compass Heights,"$1,200/mo"
80,Master Room in 171B Edgedale Plains,"$1,500/mo"
81,Master Room in 228C Compassvale Walk,"$1,600/mo"
82,Common Room in 124B Rivervale Drive,$700/mo
83,Common Room in 682B Edgedale Plains,"$1,000/mo"
84,Master Room in Beauty Garden,"$3,000/mo"
85,Master Room in Beauty Garden,"$2,800/mo"
86,Common Room in River Isles,"$2,500/mo"
87,Common Room in 682A Edgedale Plains,$900/mo
88,Common Room in Rivervale Crest,"$1,300/mo"
89,Master Room in 233 Compassvale Walk,$950/mo
90,Master Room in 406C Northshore Drive,"$1,900/mo"
91,Common Room in The Terrace,"$1,700/mo"
92,Room in Compass Heights,"$1,300/mo"
93,Master Room in 188C Rivervale Drive,$900/mo
94,Common Room in 624A Punggol Central,$850/mo
95,Common Room in The Amore,"$1,100/mo"
96,Common Room in The Vales,"$1,600/mo"
97,Common Room in 635C Punggol Drive,$950/mo
98,Room in 682A Edgedale Plains,$900/mo
99,Common Room in The Terrace,"$1,200/mo"
100,Room in 128A Punggol Field Walk,$980/mo
101,Common Room in 172C Edgedale Plains,"$1,200/mo"
102,Room in 406C Northshore Drive,"$1,900/mo"
103,Common Room in 142 Rivervale Crescent,"$1,200/mo"
104,Common Room in 239 Compassvale Walk,"$1,000/mo"
105,Common Room in 668B Edgefield Plains,"$1,300/mo"
106,Common Room in 163A Rivervale Crescent,"$1,150/mo"
107,Master Room in Compass Heights,"$1,200/mo"
108,Room in 224A Compassvale Walk,"$1,000/mo"
109,Room in The Terrace,"$1,300/mo"
110,Common Room in 107D Edgefield Plains,"$1,000/mo"
111,Room in 652 Punggol Central,"$1,200/mo"
112,Room in 334B Anchorvale Crescent,"$1,800/mo"
113,Common Room in 111 Edgefield Plains,"$1,000/mo"
114,Common Room in 216B Compassvale Drive,"$1,200/mo"
115,Common Room in 216B Compassvale Drive,"$1,200/mo"
116,Room in 258D Compassvale Road,"$1,500/mo"
117,Master Room in 325B Sengkang East Way,"$1,500/mo"
118,Common Room in 230 Compassvale Walk,$950/mo
119,Common Room in 322A Anchorvale Drive,$900/mo
120,Common Room in 166A Punggol Central,"$1,000/mo"
121,Room in 244 Compassvale Road,"$1,400/mo"
122,Common Room in 647 Punggol Central,"$3,800/mo"
123,Common Room in 320B Anchorvale Drive,$900/mo
124,Room in 122E Rivervale Drive,$900/mo
125,Master Room in 402A Northshore Drive,"$1,600/mo"
126,Common Room in 185A Rivervale Crescent,$900/mo
127,Common Room in 622C Punggol Central,"$1,200/mo"
128,Common Room in 187 Punggol Central,$800/mo
129,Common Room in River Isles,"$1,300/mo"
130,Common Room in 666A Punggol Drive,$850/mo
131,Master Room in 682B Edgedale Plains,"$1,500/mo"
132,Common Room in 216A Compassvale Drive,"$1,100/mo"
133,Common Room in 292A Compassvale Street,"$1,200/mo"
134,Room in 425 Northshore Crescent,"$1,200/mo"
135,Common Room in Treasure Crest,$600/mo
136,Common Room in La Fiesta,"$1,888/mo"
137,Master Room in 332B Anchorvale Link,"$2,200/mo"
138,Common Room in Bellewaters,"$1,200/mo"
139,Common Room in 322B Anchorvale Drive,"$1,100/mo"
140,Room in 144 Rivervale Drive,"$1,600/mo"
141,Room in 641A Punggol Drive,$900/mo
142,Room in 642D Punggol Drive,"$1,000/mo"
143,Room in 261A Sengkang East Way,"$1,100/mo"
144,Room in 682A Edgedale Plains,"$1,000/mo"
145,Common Room in 672A Edgefield Plains,$850/mo
146,Common Room in Compass Heights,"$1,400/mo"
147,Common Room in 227A Compassvale Drive,"$1,200/mo"
148,Room in 180C Rivervale Crescent,"$1,200/mo"
149,Room in La Fiesta,"$3,688/mo"
150,Common Room in 261D Sengkang East Way,"$1,000/mo"
151,Common Room in 322A Anchorvale Drive,"$1,200/mo"
152,Room in 406 Northshore Drive,"$1,500/mo"
153,Common Room in 322A Anchorvale Drive,$850/mo
154,Common Room in 319B Anchorvale Drive,$600/mo
155,Room in 642D Punggol Drive,"$1,000/mo"
156,Common Room in 334B Anchorvale Crescent,"$1,500/mo"
157,Common Room in Compass Heights,"$1,300/mo"
158,Room in 171A Edgedale Plains,$950/mo
159,Common Room in 670C Edgefield Plains,$900/mo
160,Common Room in 162A Rivervale Crescent,$850/mo
161,Master Room in 155 Rivervale Crescent,"$1,600/mo"
162,Common Room in The Terrace,"$1,200/mo"
163,Common Room in Flo Residence,"$1,150/mo"
164,Master Room in 171A Edgedale Plains,"$1,200/mo"
165,Common Room in 186D Rivervale Drive,"$1,000/mo"
166,Common Room in 228B Punggol Field,$800/mo
167,Common Room in 297B Compassvale Street,$800/mo
168,Common Room in The Vales,"$1,600/mo"
169,Master Room in 157C Rivervale Crescent,"$1,200/mo"
170,Room in 185D Rivervale Crescent,"$1,000/mo"
171,Common Room in Treasure Crest,"$1,200/mo"
172,Room in 216A Compassvale Drive,"$1,100/mo"
173,Common Room in 121 Rivervale Drive,$950/mo
174,Common Room in 121 Rivervale Drive,$950/mo
175,Common Room in The Vales,"$1,000/mo"
176,Common Room in Flo Residence,"$1,500/mo"
