,Property,Price
0,Common Room in 313C Sumang Link,$900/mo
1,Common Room in 313C Sumang Link,$900/mo
2,Master Room in 406C Northshore Drive,"$1,900/mo"
3,Room in 406C Northshore Drive,"$1,900/mo"
4,Master Room in 402A Northshore Drive,"$1,600/mo"
5,Room in 425 Northshore Crescent,"$1,200/mo"
6,Room in 406 Northshore Drive,"$1,500/mo"
7,Common Room in 682B Edgedale Plains,"$1,000/mo"
8,Common Room in 202A Punggol Field,"$1,000/mo"
9,Common Room in 195C Punggol Road,"$1,200/mo"
10,Common Room in 682A Edgedale Plains,$950/mo
11,Common Room in 256D Sumang Walk,$900/mo
12,Common Room in 310B Punggol Walk,"$1,200/mo"
13,Common Room in 266C Punggol Way,"$1,200/mo"
14,Common Room in 682A Edgedale Plains,$900/mo
15,Common Room in 622C Punggol Central,$900/mo
16,Common Room in 308C Punggol Walk,$850/mo
17,Common Room in 612C Punggol Drive,$850/mo
18,Common Room in 632B Punggol Drive,$900/mo
19,Master Room in Twin Waterfalls,"$1,500/mo"
20,Common Room in 682A Edgedale Plains,$900/mo
21,Master Room in 294 Punggol Central,"$2,000/mo"
22,Master Room in A Treasure Trove,"$1,500/mo"
23,Master Room in Prive,"$2,200/mo"
24,Common Room in 624A Punggol Central,$850/mo
25,Common Room in 261B Punggol Way,$800/mo
26,Common Room in 635C Punggol Drive,$950/mo
27,Room in 682A Edgedale Plains,$900/mo
28,Room in 314B Punggol Way,"$1,600/mo"
29,Room in 305D Punggol Drive,$950/mo
30,Common Room in 668B Edgefield Plains,"$1,300/mo"
31,Room in 678C Punggol Drive,$900/mo
32,Common Room in 314A Punggol Way,$800/mo
33,Master Room in 102B Punggol Field,"$1,000/mo"
34,Master Room in 308C Punggol Walk,"$1,800/mo"
35,Common Room in 302B Punggol Place,$850/mo
36,Room in 299 Punggol Central,"$1,200/mo"
37,Common Room in 271C Punggol Walk,"$1,100/mo"
38,Common Room in 622C Punggol Central,"$1,200/mo"
39,Common Room in 666A Punggol Drive,$850/mo
40,Common Room in 612C Punggol Drive,$950/mo
41,Master Room in 682B Edgedale Plains,"$1,500/mo"
42,Common Room in 269C Punggol Field,"$1,400/mo"
43,Room in 613D Punggol Drive,$950/mo
44,Common Room in Waterbay,"$1,360/mo"
45,Master Room in 256D Sumang Walk,$900/mo
46,Master Room in 211D Punggol Walk,"$1,200/mo"
47,Common Room in 612C Punggol Drive,$850/mo
48,Master Room in 196D Punggol Field,"$1,200/mo"
49,Common Room in Waterbay,"$1,500/mo"
50,Common Room in A Treasure Trove,"$1,500/mo"
51,Master Room in 211D Punggol Walk,"$1,350/mo"
52,Room in 682A Edgedale Plains,"$1,000/mo"
53,Common Room in 672A Edgefield Plains,$850/mo
54,Common Room in 619C Punggol Drive,$850/mo
55,Common Room in 207B Punggol Place,"$1,000/mo"
56,Room in 208B Punggol Place,"$1,400/mo"
57,Room in 196C Punggol Field,"$1,300/mo"
58,Master Room in 314B Punggol Way,"$1,400/mo"
59,Room in 299 Punggol Central,"$1,000/mo"
60,Common Room in A Treasure Trove,"$1,500/mo"
61,Common Room in 256B Sumang Walk,$900/mo
62,Common Room in A Treasure Trove,"$1,750/mo"
63,Common Room in Parc Centros,"$2,000/mo"
64,Common Room in 670C Edgefield Plains,$900/mo
65,Common Room in 195D Punggol Road,"$1,100/mo"
66,Common Room in 269B Punggol Field,"$1,000/mo"
67,Room in Twin Waterfalls,"$1,300/mo"
68,Common Room in 305D Punggol Drive,$950/mo
69,Master Room in Twin Waterfalls,"$1,250/mo"
70,Common Room in 273D Punggol Place,"$1,000/mo"
