,Property,Price
0,Common Room in The Anchorage,"$1,500/mo"
1,Master Room in 52 Strathmore Avenue,"$1,800/mo"
2,Common Room in Alexis,"$2,000/mo"
3,Common Room in 94 Dawson Road,"$1,200/mo"
4,Common Room in Queensway Shopping Centre/Queensway Tower,"$1,380/mo"
5,Common Room in 167 Stirling Road,$980/mo
6,Common Room in 36 Margaret Drive,"$1,600/mo"
7,Master Room in 37 Jalan Rumah Tinggi,"$2,000/mo"
8,Room in Margaret Ville,"$3,500/mo"
9,Common Room in 30 Margaret Drive,"$1,000/mo"
10,Common Room in 94 Dawson Road,"$1,200/mo"
11,Common Room in Queensway Shopping Centre/Queensway Tower,"$1,380/mo"
12,Master Room in Stirling Residences,"$2,500/mo"
13,Common Room in 94 Dawson Road,"$1,200/mo"
14,Room in 37 Jalan Rumah Tinggi,"$2,200/mo"
15,Common Room in Queensway Shopping Centre/Queensway Tower,"$1,380/mo"
16,Room in Queensway Shopping Centre/Queensway Tower,"$1,380/mo"
17,Common Room in 50 Strathmore Avenue,"$1,100/mo"
18,Common Room in 32 Margaret Drive,"$1,400/mo"
19,Common Room in 133 Clarence Lane,"$1,100/mo"
20,Common Room in 9 Jalan Rumah Tinggi,"$1,400/mo"
21,Common Room in Stirling Residences,"$1,780/mo"
22,Room in Stirling Residences,"$3,500/mo"
23,Room in 95 Dawson Road,"$1,000/mo"
24,Master Room in 37A Jalan Rumah Tinggi,"$2,200/mo"
25,Common Room in 168 Stirling Road,"$1,100/mo"
26,Common Room in 39A Margaret Drive,"$1,800/mo"
27,Common Room in 2 Jalan Bukit Merah,"$1,000/mo"
28,Common Room in 38 Jalan Rumah Tinggi,"$1,100/mo"
29,Room in 2 Jalan Bukit Merah,$700/mo
30,Common Room in 49 Strathmore Avenue,"$1,499/mo"
31,Common Room in 87 Dawson Road,"$2,000/mo"
32,Room in 42A Margaret Drive,"$2,100/mo"
33,Room in Queens,"$1,700/mo"
34,Room in 39A Margaret Drive,"$1,500/mo"
35,Common Room in 94 Dawson Road,"$1,200/mo"
36,Common Room in 96B Dawson Road,"$1,500/mo"
37,Common Room in 50 Strathmore Avenue,"$1,500/mo"
38,Master Room in 62B Strathmore Avenue,"$1,500/mo"
39,Room in 167 Stirling Road,"$1,400/mo"
40,Common Room in Alexis,"$2,000/mo"
41,Common Room in 148 Mei Ling Street,"$1,500/mo"
42,Master Room in The Interlace,"$4,000/mo"
43,Common Room in 4 Holland Close,"$1,500/mo"
44,Master Room in 161 Bukit Merah Central,"$2,100/mo"
45,Common Room in 52 Lengkok Bahru,"$1,500/mo"
46,Common Room in 90 Commonwealth Drive,"$1,600/mo"
47,Common Room in 4 Holland Close,"$1,500/mo"
48,Common Room in One North Residences,"$3,000/mo"
49,Common Room in 4 Holland Close,"$1,200/mo"
50,Common Room in 102 Commonwealth Crescent,"$1,200/mo"
51,Master Room in 51 Commonwealth Drive,"$2,000/mo"
52,Common Room in 125 Bukit Merah Lane 1,"$1,500/mo"
53,Room in 125 Bukit Merah Lane 1,"$1,500/mo"
54,Common Room in 81 Commonwealth Close,"$1,400/mo"
55,Room in Holland Tower,"$1,600/mo"
56,Room in Holland Tower,"$2,500/mo"
57,Room in 81 Commonwealth Close,"$1,400/mo"
58,Master Room in 93 Commonwealth Drive,"$1,000/mo"
59,Master Room in One North Residences,"$3,900/mo"
60,Common Room in 47 Lengkok Bahru,$800/mo
61,Common Room in 7 Commonwealth Avenue,"$1,100/mo"
62,Common Room in 83 Commonwealth Close,"$1,400/mo"
63,Room in Jervois Meadows,"$1,800/mo"
64,Common Room in 83 Redhill Lane,"$1,800/mo"
65,Master Room in One North Residences,"$3,000/mo"
66,Master Room in 75C Redhill Road,"$1,850/mo"
67,Common Room in 90 Tanglin Halt Road,"$1,100/mo"
68,Master Room in 95A Henderson Road,"$2,500/mo"
69,Room in 30A Holland Close,"$1,400/mo"
70,Room in 52 Commonwealth Drive,"$1,200/mo"
71,Room in 161 Bukit Merah Central,"$1,900/mo"
72,Master Room in One North Residences,"$1,800/mo"
73,Common Room in 115 Bukit Merah Central,"$1,200/mo"
74,Room in 90 Tanglin Halt Road,"$1,800/mo"
75,Room in 83 Commonwealth Close,"$1,400/mo"
76,Room in 116 Bukit Merah Central,"$1,150/mo"
77,Common Room in 76 Redhill Road,"$1,500/mo"
78,Common Room in 50 Commonwealth Drive,"$1,200/mo"
79,Common Room in 92 Commonwealth Drive,$900/mo
