,Property,Price
0,Room in Kreta Ayer Conservation Area,"$2,333/mo"
1,Room in 32 Tras Street,"$3,981/mo"
2,Room in Furama City Centre Singapore,"$4,600/mo"
3,Common Room in People's Park Complex,"$1,200/mo"
4,Master Room in The Riverside Piazza,"$1,600/mo"
5,Master Room in Fook Hai Building,"$1,400/mo"
6,Common Room in People's Park Complex,"$1,100/mo"
7,Common Room in The Sail @ Marina Bay,"$2,700/mo"
8,Room in Furama City Centre Singapore,"$3,300/mo"
9,Common Room in The Riverside Piazza,"$1,600/mo"
10,Common Room in People's Park Complex,"$1,200/mo"
11,Common Room in People's Park Complex,"$1,699/mo"
12,Common Room in People's Park Complex,"$2,000/mo"
13,Common Room in 538 Upper Cross Street,"$1,300/mo"
14,Common Room in The Sail @ Marina Bay,"$2,500/mo"
15,Common Room in Emerald Garden,"$2,100/mo"
16,Common Room in Emerald Garden,"$2,300/mo"
17,Common Room in The Sail @ Marina Bay,"$2,700/mo"
18,Master Room in The Sail @ Marina Bay,"$3,500/mo"
19,Master Room in Kreta Ayer Conservation Area,"$4,620/mo"
20,Master Room in The Sail @ Marina Bay,"$3,500/mo"
21,Common Room in Emerald Garden,"$2,100/mo"
22,Common Room in Emerald Garden,"$2,200/mo"
23,Common Room in The Sail @ Marina Bay,"$2,500/mo"
24,Common Room in The Sail @ Marina Bay,"$2,500/mo"
25,Common Room in The Sail @ Marina Bay,"$2,500/mo"
26,Common Room in The Sail @ Marina Bay,"$2,500/mo"
27,Common Room in People's Park Complex,"$1,699/mo"
28,Common Room in People's Park Complex,"$1,200/mo"
29,Common Room in People's Park Complex,"$1,699/mo"
30,Room in Emerald Garden,"$2,100/mo"
31,Master Room in Emerald Garden,"$2,850/mo"
32,Master Room in The Riverside Piazza,"$1,600/mo"
33,Common Room in People's Park Complex,"$1,050/mo"
34,Master Room in Emerald Garden,"$2,950/mo"
35,Common Room in Oleanas Residence,"$1,900/mo"
36,Common Room in Euro-Asia Court,"$1,250/mo"
37,Room in Skysuites @ Anson,"$3,000/mo"
38,Common Room in UE Square,"$1,950/mo"
39,Common Room in UE Square,"$1,950/mo"
40,Common Room in International Plaza,"$1,700/mo"
41,Room in Duo Residences / Duo Tower,"$4,499/mo"
42,Room in Langston Ville,"$2,700/mo"
43,Room in UE Square,"$2,300/mo"
44,Common Room in 4 Tanjong Pagar Plaza,"$1,500/mo"
45,Common Room in 232 Bain Street,"$1,418/mo"
46,Common Room in The Bencoolen,"$1,950/mo"
47,Common Room in 333 Kreta Ayer Road,"$3,300/mo"
48,Common Room in 2 Tanjong Pagar Plaza,"$1,500/mo"
49,Common Room in UE Square,"$2,200/mo"
50,Room in Sophia Hills,"$2,400/mo"
51,Master Room in Skysuites @ Anson,"$4,388/mo"
52,Common Room in Aspen Heights,"$1,500/mo"
53,Common Room in Sunshine Plaza,"$1,000/mo"
54,Common Room in Lloyd Mansion,"$2,000/mo"
55,Common Room in 1557 Keppel Road,"$3,500/mo"
56,Room in 269B Queen Street,"$1,400/mo"
57,Common Room in Aspen Heights,"$1,200/mo"
58,Master Room in Sophia Crest,"$2,400/mo"
59,Common Room in UE Square,"$2,400/mo"
60,Common Room in UE Square,"$2,100/mo"
61,Master Room in UE Square,"$2,200/mo"
62,Master Room in International Plaza,"$2,900/mo"
63,Common Room in 18 Cantonment Close,"$1,600/mo"
64,Master Room in Skysuites @ Anson,"$4,200/mo"
65,Room in Skysuites @ Anson,"$4,200/mo"
66,Room in 1F Cantonment Road,"$1,800/mo"
67,Room in UE Square,"$2,000/mo"
68,Room in Sophia Hills,"$2,500/mo"
69,Room in Skysuites @ Anson,"$4,500/mo"
70,Common Room in Hollywood Apartments,"$1,550/mo"
71,Room in 232 Bain Street,"$1,500/mo"
72,Common Room in 4 Tanjong Pagar Plaza,"$1,580/mo"
73,Common Room in 1A Cantonment Road,"$1,900/mo"
74,Common Room in 4 Tanjong Pagar Plaza,"$1,500/mo"
75,Common Room in UE Square,"$2,300/mo"
76,Common Room in UE Square,"$2,100/mo"
77,Master Room in 75BR,"$4,200/mo"
78,Room in 1 Cantonment Road,"$1,949/mo"
79,Common Room in 1 Cantonment Road,"$1,650/mo"
80,Room in Sophia Hills,"$2,700/mo"
81,Room in 1F Cantonment Road,"$1,850/mo"
82,Common Room in 263 Waterloo Street,"$1,400/mo"
83,Master Room in Bencoolen House,"$2,200/mo"
84,Master Room in Beach Road Conservation Area,"$3,800/mo"
85,Common Room in 8 Cantonment Close,"$1,600/mo"
86,Common Room in 334 Kreta Ayer Road,"$1,200/mo"
87,Common Room in Former Peace Centre/Peace Mansion,"$2,300/mo"
88,Common Room in 2 Tanjong Pagar Plaza,"$1,900/mo"
89,Room in Skysuites @ Anson,"$4,500/mo"
90,Room in The Bencoolen,"$2,600/mo"
