,Property,Price
0,Common Room in 224A Compassvale Walk,"$1,000/mo"
1,Common Room in 302B Anchorvale Link,"$1,500/mo"
2,Common Room in 124B Rivervale Drive,$700/mo
3,Common Room in 216A Compassvale Drive,"$1,100/mo"
4,Common Room in 547 Hougang Street 51,$900/mo
5,Master Room in 209C Compassvale Lane,"$1,200/mo"
6,Common Room in Riversound Residence,"$1,280/mo"
7,Common Room in 473C Upper Serangoon Crescent,$850/mo
8,Master Room in Compass Heights,"$1,850/mo"
9,Common Room in Riversound Residence,"$1,000/mo"
10,Common Room in 225B Compassvale Walk,$850/mo
11,Common Room in Compass Heights,"$1,200/mo"
12,Common Room in 281B Sengkang East Avenue,"$1,200/mo"
13,Master Room in 228C Compassvale Walk,"$1,600/mo"
14,Common Room in Riversound Residence,"$1,000/mo"
15,Room in 420 Hougang Avenue 10,"$1,300/mo"
16,Master Room in 233 Compassvale Walk,$950/mo
17,Common Room in 473B Upper Serangoon Crescent,"$1,200/mo"
18,Room in Compass Heights,"$1,300/mo"
19,Master Room in 547 Hougang Street 51,$950/mo
20,Room in The Quartz,"$1,500/mo"
21,Common Room in 239 Compassvale Walk,"$1,000/mo"
22,Master Room in Compass Heights,"$1,200/mo"
23,Master Room in Riversound Residence,"$2,600/mo"
24,Master Room in 119C Rivervale Drive,"$1,500/mo"
25,Room in 224A Compassvale Walk,"$1,000/mo"
26,Master Room in 120B Rivervale Drive,"$1,200/mo"
27,Room in 445 Hougang Avenue 8,"$2,200/mo"
28,Common Room in 216B Compassvale Drive,"$1,200/mo"
29,Common Room in 216B Compassvale Drive,"$1,200/mo"
30,Room in 203B Compassvale Road,$850/mo
31,Common Room in 473C Upper Serangoon Crescent,$900/mo
32,Common Room in 230 Compassvale Walk,$950/mo
33,Master Room in 420 Hougang Avenue 10,"$1,300/mo"
34,Common Room in The Quartz,"$1,500/mo"
35,Room in 473D Upper Serangoon Crescent,"$1,200/mo"
36,Common Room in 201A Compassvale Drive,$850/mo
37,Common Room in 207C Compassvale Lane,"$1,000/mo"
38,Common Room in Jewel @ Buangkok,"$1,350/mo"
39,Master Room in Riversound Residence,"$2,000/mo"
40,Room in Riversound Residence,"$1,200/mo"
41,Master Room in Riversails,"$2,000/mo"
42,Common Room in 559 Hougang Street 51,"$1,200/mo"
43,Room in 471A Upper Serangoon Crescent,$900/mo
44,Common Room in 436 Hougang Avenue 8,"$1,000/mo"
45,Common Room in 216A Compassvale Drive,"$1,100/mo"
46,Common Room in Jewel @ Buangkok,"$1,350/mo"
47,Common Room in La Fiesta,"$1,888/mo"
48,Common Room in 273B Compassvale Link,"$1,400/mo"
49,Common Room in 458 Hougang Avenue 10,$699/mo
50,Room in 416 Hougang Avenue 10,"$1,000/mo"
51,Room in 268A Compassvale Link,$850/mo
52,Common Room in Compass Heights,"$1,400/mo"
53,Common Room in 227A Compassvale Drive,"$1,200/mo"
54,Common Room in 203B Compassvale Road,"$1,800/mo"
55,Room in La Fiesta,"$3,688/mo"
56,Room in 278B Compassvale Bow,"$2,200/mo"
57,Master Room in 303B Anchorvale Link,"$1,100/mo"
58,Common Room in 473B Upper Serangoon Crescent,"$1,000/mo"
59,Common Room in 416 Hougang Avenue 10,"$1,000/mo"
60,Room in 117B Rivervale Drive,"$1,100/mo"
61,Master Room in 302A Anchorvale Link,"$1,600/mo"
62,Common Room in Compass Heights,"$1,300/mo"
63,Common Room in Jewel @ Buangkok,"$1,600/mo"
64,Common Room in Austville Residences,"$1,500/mo"
65,Common Room in 207A Compassvale Lane,"$1,000/mo"
66,Room in 420 Hougang Avenue 10,"$1,250/mo"
67,Common Room in Austville Residences,"$1,100/mo"
68,Common Room in 268A Compassvale Link,$850/mo
69,Common Room in 451 Hougang Avenue 10,"$1,100/mo"
70,Room in 303B Anchorvale Link,$800/mo
71,Common Room in 302C Anchorvale Link,$800/mo
72,Room in 216A Compassvale Drive,"$1,100/mo"
73,Common Room in 121 Rivervale Drive,$950/mo
74,Common Room in 121 Rivervale Drive,$950/mo
75,Common Room in Riversound Residence,"$1,300/mo"
76,Master Room in 475C Upper Serangoon Crescent,"$1,350/mo"
77,Common Room in 103 Rivervale Walk,$800/mo
78,Master Room in Riversails,"$1,388/mo"
79,Common Room in 202A Punggol Field,"$1,000/mo"
80,Common Room in 107D Edgefield Plains,"$1,000/mo"
81,Master Room in 520 Hougang Avenue 6,"$3,398/mo"
82,Common Room in 301 Hougang Avenue 5,$979/mo
83,Master Room in 313D Anchorvale Road,"$1,200/mo"
84,Master Room in Bellewaters,"$1,500/mo"
85,Common Room in 308C Anchorvale Road,"$1,000/mo"
86,Common Room in 250D Compassvale Street,"$1,100/mo"
87,Common Room in 295C Compassvale Crescent,"$1,000/mo"
88,Common Room in 180C Rivervale Crescent,$900/mo
89,Common Room in Rio Vista,"$1,500/mo"
90,Common Room in 352 Hougang Avenue 7,$800/mo
91,Common Room in 424 Hougang Avenue 6,$750/mo
92,Common Room in 311D Anchorvale Lane,$900/mo
93,Master Room in Beauty Garden,"$3,000/mo"
94,Master Room in Beauty Garden,"$2,800/mo"
95,Common Room in 331C Anchorvale Street,$900/mo
96,Common Room in 332 Hougang Avenue 5,"$1,200/mo"
97,Common Room in 293C Compassvale Crescent,"$1,100/mo"
98,Master Room in Silver Hill,"$2,000/mo"
99,Master Room in Evergreen Park,"$1,500/mo"
100,Common Room in 296B Compassvale Crescent,$800/mo
101,Master Room in Beauty Garden,"$3,000/mo"
102,Master Room in Beauty Garden,"$2,800/mo"
103,Common Room in 321 Hougang Avenue 5,"$1,300/mo"
104,Common Room in Rivervale Crest,"$1,300/mo"
105,Common Room in 213A Punggol Walk,"$1,000/mo"
106,Master Room in 188C Rivervale Drive,$900/mo
107,Common Room in The Vales,"$1,600/mo"
108,Master Room in Hougang Green,"$1,800/mo"
109,Room in 128A Punggol Field Walk,$980/mo
110,Common Room in Hougang Green,"$1,300/mo"
111,Room in 920 Hougang Street 91,"$1,200/mo"
112,Common Room in 142 Rivervale Crescent,"$1,200/mo"
113,Common Room in 603 Hougang Avenue 4,"$1,100/mo"
114,Common Room in 286C Compassvale Crescent,"$1,500/mo"
115,Common Room in 163A Rivervale Crescent,"$1,150/mo"
116,Common Room in 928 Hougang Street 91,"$1,200/mo"
117,Room in 334B Anchorvale Crescent,"$1,800/mo"
118,Common Room in 111 Edgefield Plains,"$1,000/mo"
119,Master Room in Silver Hill,"$2,000/mo"
120,Master Room in 102B Punggol Field,"$1,000/mo"
121,Room in 832 Hougang Central,$900/mo
122,Room in 515 Hougang Avenue 10,"$1,088/mo"
123,Room in 306C Anchorvale Link,"$1,000/mo"
124,Room in 327 Hougang Avenue 5,"$1,000/mo"
125,Common Room in 104B Edgefield Plains,$900/mo
126,Room in 258D Compassvale Road,"$1,500/mo"
127,Room in 104B Edgefield Plains,$900/mo
128,Master Room in 325B Sengkang East Way,"$1,500/mo"
129,Master Room in 914 Hougang Street 91,"$1,400/mo"
130,Master Room in 603 Hougang Avenue 4,"$1,000/mo"
131,Room in 296A Compassvale Crescent,"$1,100/mo"
132,Common Room in 322A Anchorvale Drive,$900/mo
133,Common Room in Evergreen Park,"$1,000/mo"
134,Master Room in 570 Hougang Street 51,$950/mo
135,Common Room in Evergreen Park,"$1,150/mo"
136,Common Room in 326 Hougang Avenue 7,$850/mo
137,Room in 244 Compassvale Road,"$1,400/mo"
138,Common Room in 306 Hougang Avenue 5,"$1,000/mo"
139,Common Room in Hougang Green,$800/mo
140,Common Room in 671 Hougang Avenue 8,$900/mo
141,Common Room in 516 Hougang Avenue 10,$800/mo
142,Room in 914 Hougang Street 91,"$1,000/mo"
143,Common Room in 320B Anchorvale Drive,$900/mo
144,Room in 122E Rivervale Drive,$900/mo
145,Common Room in 185A Rivervale Crescent,$900/mo
146,Common Room in 832 Hougang Central,$900/mo
147,Master Room in 351A Anchorvale Road,"$1,600/mo"
148,Common Room in 328 Hougang Avenue 5,$900/mo
149,Common Room in 104B Edgefield Plains,$900/mo
150,Common Room in 305B Anchorvale Link,$850/mo
151,Master Room in 561 Hougang Street 51,"$1,300/mo"
152,Common Room in 292A Compassvale Street,"$1,200/mo"
153,Master Room in 674 Hougang Avenue 8,"$1,200/mo"
154,Common Room in Treasure Crest,$600/mo
155,Common Room in 105B Edgefield Plains,$950/mo
156,Master Room in 524 Hougang Avenue 6,"$2,200/mo"
157,Master Room in 211D Punggol Walk,"$1,200/mo"
158,Common Room in 319A Anchorvale Drive,$900/mo
159,Master Room in 332B Anchorvale Link,"$2,200/mo"
160,Common Room in 922 Hougang Street 91,$850/mo
161,Room in 352 Hougang Avenue 7,"$2,388/mo"
162,Common Room in Bellewaters,"$1,200/mo"
163,Common Room in 322B Anchorvale Drive,"$1,100/mo"
164,Room in 144 Rivervale Drive,"$1,600/mo"
165,Master Room in 211D Punggol Walk,"$1,350/mo"
166,Room in 261A Sengkang East Way,"$1,100/mo"
167,Common Room in 332 Hougang Avenue 5,$850/mo
168,Room in 180C Rivervale Crescent,"$1,200/mo"
169,Master Room in 524 Hougang Avenue 6,"$2,200/mo"
170,Common Room in 261D Sengkang East Way,"$1,000/mo"
171,Common Room in 207B Punggol Place,"$1,000/mo"
172,Master Room in Kingsford Waterbay,"$3,000/mo"
173,Common Room in 322A Anchorvale Drive,"$1,200/mo"
174,Room in 341 Hougang Avenue 7,$950/mo
175,Common Room in 322A Anchorvale Drive,$850/mo
176,Common Room in 319B Anchorvale Drive,$600/mo
177,Room in 351A Anchorvale Road,"$1,800/mo"
178,Common Room in 334B Anchorvale Crescent,"$1,500/mo"
179,Room in 175C Punggol Field,"$1,000/mo"
180,Common Room in Ecopolitan,"$1,800/mo"
181,Common Room in 162A Rivervale Crescent,$850/mo
182,Common Room in 209C Punggol Place,$850/mo
183,Master Room in 155 Rivervale Crescent,"$1,600/mo"
184,Common Room in Flo Residence,"$1,150/mo"
185,Common Room in 186D Rivervale Drive,"$1,000/mo"
186,Master Room in Hougang Green,"$1,350/mo"
187,Common Room in 297B Compassvale Street,$800/mo
188,Common Room in The Vales,"$1,600/mo"
189,Master Room in Rio Vista,"$1,200/mo"
190,Master Room in 157C Rivervale Crescent,"$1,200/mo"
191,Master Room in 105A Edgefield Plains,"$1,100/mo"
192,Common Room in Evergreen Park,"$1,088/mo"
193,Room in 185D Rivervale Crescent,"$1,000/mo"
194,Common Room in Treasure Crest,"$1,200/mo"
195,Common Room in 603 Hougang Avenue 4,"$1,200/mo"
196,Common Room in 313B Anchorvale Road,$990/mo
197,Room in 101A Punggol Field,"$1,500/mo"
198,Room in 836 Hougang Central,"$2,200/mo"
199,Common Room in The Vales,"$1,000/mo"
200,Common Room in Flo Residence,"$1,500/mo"
