,Property,Price
0,Common Room in 94 Dawson Road,"$1,200/mo"
1,Master Room in 119 Bukit Merah View,"$1,200/mo"
2,Master Room in 161 Bukit Merah Central,"$2,100/mo"
3,Common Room in 52 Lengkok Bahru,"$1,500/mo"
4,Master Room in 37 Jalan Rumah Tinggi,"$2,000/mo"
5,Common Room in 94 Dawson Road,"$1,200/mo"
6,Common Room in 94 Dawson Road,"$1,200/mo"
7,Room in 37 Jalan Rumah Tinggi,"$2,200/mo"
8,Common Room in 47 Lengkok Bahru,$800/mo
9,Room in Jervois Meadows,"$1,800/mo"
10,Common Room in 83 Redhill Lane,"$1,800/mo"
11,Common Room in 133 Clarence Lane,"$1,100/mo"
12,Common Room in 9 Jalan Rumah Tinggi,"$1,400/mo"
13,Room in 95 Dawson Road,"$1,000/mo"
14,Master Room in 75C Redhill Road,"$1,850/mo"
15,Master Room in 37A Jalan Rumah Tinggi,"$2,200/mo"
16,Master Room in 95A Henderson Road,"$2,500/mo"
17,Common Room in 38 Jalan Rumah Tinggi,"$1,100/mo"
18,Common Room in 125 Bukit Merah View,"$1,200/mo"
19,Room in 161 Bukit Merah Central,"$1,900/mo"
20,Common Room in 115 Bukit Merah Central,"$1,200/mo"
21,Common Room in 94 Dawson Road,"$1,200/mo"
22,Room in 124B Bukit Merah View,"$1,400/mo"
23,Common Room in 96B Dawson Road,"$1,500/mo"
24,Master Room in 62B Strathmore Avenue,"$1,500/mo"
25,Room in 116 Bukit Merah Central,"$1,150/mo"
26,Common Room in 76 Redhill Road,"$1,500/mo"
27,Room in Green World,"$3,167/mo"
28,Common Room in The Anchorage,"$1,500/mo"
29,Master Room in The Interlace,"$4,000/mo"
30,Master Room in 52 Strathmore Avenue,"$1,800/mo"
31,Master Room in Tiara,"$2,600/mo"
32,Common Room in Central Green Condominium,"$1,950/mo"
33,Common Room in Central Green Condominium,"$1,950/mo"
34,Master Room in 142 Jalan Bukit Merah,"$1,200/mo"
35,Master Room in 62 Telok Blangah Heights,"$1,800/mo"
36,Common Room in Alexis,"$2,000/mo"
37,Common Room in 77 Indus Road,"$1,200/mo"
38,Common Room in 25 Telok Blangah Crescent,"$1,500/mo"
39,Common Room in 2 Delta Avenue,"$1,500/mo"
40,Common Room in 128 Bukit Merah View,"$1,350/mo"
41,Common Room in Teresa Ville,"$1,800/mo"
42,Common Room in 56 Havelock Road,"$1,200/mo"
43,Master Room in Teresa Ville,"$1,100/mo"
44,Common Room in Queensway Shopping Centre/Queensway Tower,"$1,380/mo"
45,Common Room in 51 Telok Blangah Drive,$700/mo
46,Room in Studio 3,"$4,000/mo"
47,Common Room in 167 Stirling Road,$980/mo
48,Room in Studio 3,"$4,000/mo"
49,Common Room in 36 Margaret Drive,"$1,600/mo"
50,Room in Margaret Ville,"$3,500/mo"
51,Common Room in Teresa Ville,"$2,000/mo"
52,Master Room in Teresa Ville,"$2,700/mo"
53,Common Room in 129 Bukit Merah View,$950/mo
54,Common Room in 125 Bukit Merah Lane 1,"$1,500/mo"
55,Common Room in 32 Telok Blangah Rise,"$1,300/mo"
56,Room in 26C Jalan Membina,"$1,310/mo"
57,Common Room in 30 Margaret Drive,"$1,000/mo"
58,Common Room in 35 Telok Blangah Rise,$800/mo
59,Room in 84 Telok Blangah Heights,"$1,500/mo"
60,Room in 4B Boon Tiong Road,"$1,300/mo"
61,Common Room in 26C Jalan Membina,"$1,300/mo"
62,Common Room in Great World City,"$1,950/mo"
63,Master Room in Mirage Tower,"$2,700/mo"
64,Room in 125 Bukit Merah Lane 1,"$1,500/mo"
65,Common Room in Queensway Shopping Centre/Queensway Tower,"$1,380/mo"
66,Master Room in Stirling Residences,"$2,500/mo"
67,Common Room in Queensway Shopping Centre/Queensway Tower,"$1,380/mo"
68,Master Room in Teresa Ville,"$2,700/mo"
69,Room in 2 Delta Avenue,"$1,400/mo"
70,Room in Queensway Shopping Centre/Queensway Tower,"$1,380/mo"
71,Master Room in Kai Fook Mansion,"$2,000/mo"
72,Common Room in Kai Fook Mansion,"$1,500/mo"
73,Master Room in Kai Fook Mansion,"$2,500/mo"
74,Master Room in 25 Telok Blangah Crescent,"$2,000/mo"
75,Common Room in Mirage Tower,"$1,850/mo"
76,Master Room in 22 Havelock Road,"$1,800/mo"
77,Common Room in 22 Havelock Road,"$1,300/mo"
78,Common Room in 22 Havelock Road,"$1,350/mo"
79,Common Room in 14A Telok Blangah Crescent,"$1,300/mo"
80,Common Room in 50 Strathmore Avenue,"$1,100/mo"
81,Common Room in Tiara,"$1,000/mo"
82,Common Room in 130 Bukit Merah View,"$1,100/mo"
83,Common Room in 32 Margaret Drive,"$1,400/mo"
84,Common Room in Stirling Residences,"$1,780/mo"
85,Room in Stirling Residences,"$3,500/mo"
86,Master Room in River Valley Apartments,"$2,200/mo"
87,Common Room in Kellock Lodge,"$1,500/mo"
88,Common Room in 93B Telok Blangah Street 31,"$1,200/mo"
89,Common Room in 26C Jalan Membina,"$1,200/mo"
90,Common Room in 168 Stirling Road,"$1,100/mo"
91,Common Room in 25A Jalan Membina,"$1,400/mo"
92,Common Room in Emerald Park,"$1,090/mo"
93,Master Room in 9A Boon Tiong Road,"$1,600/mo"
94,Common Room in 39A Margaret Drive,"$1,800/mo"
95,Common Room in 2 Jalan Bukit Merah,"$1,000/mo"
96,Common Room in River Valley Road,"$2,100/mo"
97,Common Room in River Valley Road,"$1,600/mo"
98,Common Room in Jalan Arnap,"$2,000/mo"
99,Room in 2 Jalan Bukit Merah,$700/mo
100,Master Room in 141 Jalan Bukit Merah,$800/mo
101,Master Room in 118D Jalan Membina,"$2,500/mo"
102,Common Room in 49 Strathmore Avenue,"$1,499/mo"
103,Room in Mirage Tower,"$2,700/mo"
104,Common Room in 20 Telok Blangah Crescent,"$1,300/mo"
105,Common Room in 87 Dawson Road,"$2,000/mo"
106,Master Room in 66 Eng Watt Street,"$2,600/mo"
107,Common Room in 128 Bukit Merah View,"$1,400/mo"
108,Room in 42A Margaret Drive,"$2,100/mo"
109,Common Room in Kai Fook Mansion,"$1,590/mo"
110,Room in Queens,"$1,700/mo"
111,Room in 39A Margaret Drive,"$1,500/mo"
112,Master Room in 38 Beo Crescent,"$2,200/mo"
113,Master Room in 118C Jalan Membina,"$1,311/mo"
114,Room in Spring Grove,"$2,488/mo"
115,Common Room in Hoot Kiam Mansion,"$1,700/mo"
116,Common Room in 50 Strathmore Avenue,"$1,500/mo"
117,Room in Emerald Park,"$1,688/mo"
118,Room in 167 Stirling Road,"$1,400/mo"
119,Room in 38 Beo Crescent,"$1,300/mo"
120,Common Room in Rainbow Mansions,"$2,800/mo"
121,Common Room in 27 Telok Blangah Way,"$1,400/mo"
122,Room in 93B Telok Blangah Street 31,"$1,500/mo"
123,Common Room in 22 Havelock Road,$500/mo
124,Common Room in Alexis,"$2,000/mo"
125,Common Room in 5 Delta Avenue,"$1,100/mo"
126,Common Room in 5 Delta Avenue,$800/mo
127,Common Room in 148 Mei Ling Street,"$1,500/mo"
