,Property,Price
0,Common Room in 224A Compassvale Walk,"$1,000/mo"
1,,"$1,500/mo"
2,Master Room in 313D Anchorvale Road,"$1,200/mo"
3,Common Room in 216A Compassvale Drive,"$1,100/mo"
4,Common Room in 547 Hougang Street 51,$900/mo
5,Common Room in 308C Anchorvale Road,"$1,000/mo"
6,Master Room in Compass Heights,"$1,850/mo"
7,Common Room in 225B Compassvale Walk,$850/mo
8,Common Room in 311D Anchorvale Lane,$900/mo
9,Common Room in 331C Anchorvale Street,$900/mo
10,Common Room in Compass Heights,"$1,200/mo"
11,Common Room in 281B Sengkang East Avenue,"$1,200/mo"
12,Room in Compass Heights,"$1,300/mo"
13,Master Room in Hougang Green,"$1,800/mo"
14,Master Room in 547 Hougang Street 51,$950/mo
15,Common Room in Hougang Green,"$1,300/mo"
16,Room in The Quartz,"$1,500/mo"
17,Master Room in Compass Heights,"$1,200/mo"
18,Room in 224A Compassvale Walk,"$1,000/mo"
19,Room in 445 Hougang Avenue 8,"$2,200/mo"
20,Common Room in 216B Compassvale Drive,"$1,200/mo"
21,Common Room in 216B Compassvale Drive,"$1,200/mo"
22,Room in 306C Anchorvale Link,"$1,000/mo"
23,Room in 203B Compassvale Road,$850/mo
24,Master Room in 325B Sengkang East Way,"$1,500/mo"
25,Common Room in 322A Anchorvale Drive,$900/mo
26,Common Room in The Quartz,"$1,500/mo"
27,Master Room in 570 Hougang Street 51,$950/mo
28,Common Room in Hougang Green,$800/mo
29,Common Room in 201A Compassvale Drive,$850/mo
30,Common Room in 207C Compassvale Lane,"$1,000/mo"
31,Common Room in 320B Anchorvale Drive,$900/mo
32,Common Room in Jewel @ Buangkok,"$1,350/mo"
33,Master Room in 351A Anchorvale Road,"$1,600/mo"
34,Common Room in 559 Hougang Street 51,"$1,200/mo"
35,,
36,Common Room in 305B Anchorvale Link,$850/mo
37,Common Room in 216A Compassvale Drive,"$1,100/mo"
38,Master Room in 561 Hougang Street 51,"$1,300/mo"
39,Common Room in Jewel @ Buangkok,"$1,350/mo"
40,Common Room in 319A Anchorvale Drive,$900/mo
41,Common Room in La Fiesta,"$1,888/mo"
42,Master Room in 332B Anchorvale Link,"$2,200/mo"
43,Common Room in 273B Compassvale Link,"$1,400/mo"
44,Common Room in 322B Anchorvale Drive,"$1,100/mo"
45,Room in 268A Compassvale Link,$850/mo
46,Room in 261A Sengkang East Way,"$1,100/mo"
47,Common Room in Compass Heights,"$1,400/mo"
48,Common Room in 203B Compassvale Road,"$1,800/mo"
49,Room in La Fiesta,"$3,688/mo"
50,Common Room in 261D Sengkang East Way,"$1,000/mo"
51,Common Room in 322A Anchorvale Drive,"$1,200/mo"
52,Room in 278B Compassvale Bow,"$2,200/mo"
53,Master Room in 303B Anchorvale Link,"$1,100/mo"
54,Common Room in 322A Anchorvale Drive,$850/mo
55,Common Room in 319B Anchorvale Drive,$600/mo
56,Room in 351A Anchorvale Road,"$1,800/mo"
57,Master Room in 302A Anchorvale Link,"$1,600/mo"
58,Common Room in Compass Heights,"$1,300/mo"
59,Common Room in Jewel @ Buangkok,"$1,600/mo"
60,Common Room in 207A Compassvale Lane,"$1,000/mo"
61,Master Room in Hougang Green,"$1,350/mo"
62,Common Room in 268A Compassvale Link,$850/mo
63,Room in 303B Anchorvale Link,$800/mo
64,Common Room in 302C Anchorvale Link,$800/mo
65,Room in 216A Compassvale Drive,"$1,100/mo"
66,Common Room in 313B Anchorvale Road,$990/mo
67,Common Room in 678 Hougang Avenue 8,$900/mo
68,Common Room in 414B Fernvale Link,"$1,000/mo"
69,Common Room in 124B Rivervale Drive,$700/mo
70,Master Room in 520 Hougang Avenue 6,"$3,398/mo"
71,Common Room in 678 Hougang Avenue 8,$900/mo
72,Common Room in 414B Fernvale Link,"$1,000/mo"
73,Common Room in 124B Rivervale Drive,$700/mo
74,Master Room in 520 Hougang Avenue 6,"$3,398/mo"
75,Master Room in 188C Rivervale Drive,$900/mo
76,Common Room in The Vales,"$1,600/mo"
77,Room in 920 Hougang Street 91,"$1,200/mo"
78,Common Room in 142 Rivervale Crescent,"$1,200/mo"
79,Common Room in 603 Hougang Avenue 4,"$1,100/mo"
80,Common Room in 239 Compassvale Walk,"$1,000/mo"
81,Common Room in 286C Compassvale Crescent,"$1,500/mo"
82,Master Room in Riversound Residence,"$2,600/mo"
83,Common Room in 942 Hougang Street 92,$900/mo
84,Common Room in Regentville,"$1,100/mo"
85,Common Room in 928 Hougang Street 91,"$1,200/mo"
86,Master Room in 119C Rivervale Drive,"$1,500/mo"
87,Master Room in 120B Rivervale Drive,"$1,200/mo"
88,Room in 334B Anchorvale Crescent,"$1,800/mo"
89,Master Room in Silver Hill,"$2,000/mo"
90,Common Room in 988A Buangkok Green,"$1,200/mo"
91,Common Room in 217B Sumang Walk,$850/mo
92,Room in 832 Hougang Central,$900/mo
93,Room in 515 Hougang Avenue 10,"$1,088/mo"
94,Common Room in 104B Edgefield Plains,$900/mo
95,Room in 258D Compassvale Road,"$1,500/mo"
96,Room in 104B Edgefield Plains,$900/mo
97,Common Room in 473C Upper Serangoon Crescent,$900/mo
98,Master Room in 914 Hougang Street 91,"$1,400/mo"
99,Common Room in 230 Compassvale Walk,$950/mo
100,Master Room in 603 Hougang Avenue 4,"$1,000/mo"
101,Room in 296A Compassvale Crescent,"$1,100/mo"
102,Common Room in 430B Fernvale Link,$900/mo
103,Master Room in 420 Hougang Avenue 10,"$1,300/mo"
104,Common Room in Regentville,"$1,100/mo"
105,Room in 473D Upper Serangoon Crescent,"$1,200/mo"
106,Room in 244 Compassvale Road,"$1,400/mo"
107,Common Room in 671 Hougang Avenue 8,$900/mo
108,Common Room in 516 Hougang Avenue 10,$800/mo
109,Common Room in Regentville,"$1,250/mo"
110,Room in 914 Hougang Street 91,"$1,000/mo"
111,Common Room in Regentville,"$1,000/mo"
112,Room in 122E Rivervale Drive,$900/mo
113,Common Room in 185A Rivervale Crescent,$900/mo
114,Common Room in Lush Acres,"$1,000/mo"
115,Master Room in Riversound Residence,"$2,000/mo"
116,Common Room in H2O Residences,"$1,350/mo"
117,Common Room in 832 Hougang Central,$900/mo
118,Room in Riversound Residence,"$1,200/mo"
119,Master Room in Riversails,"$2,000/mo"
120,Master Room in 410A Fernvale Road,"$1,800/mo"
121,Common Room in The Gardens At Gerald,$600/mo
122,Common Room in 104B Edgefield Plains,$900/mo
123,Master Room in 406B Fernvale Road,"$1,000/mo"
124,Room in 678 Hougang Avenue 8,"$1,600/mo"
125,Room in 471A Upper Serangoon Crescent,$900/mo
126,Common Room in 436 Hougang Avenue 8,"$1,000/mo"
127,Common Room in 292A Compassvale Street,"$1,200/mo"
128,Master Room in 674 Hougang Avenue 8,"$1,200/mo"
129,Common Room in Treasure Crest,$600/mo
130,Master Room in 524 Hougang Avenue 6,"$2,200/mo"
131,Master Room in 211D Punggol Walk,"$1,200/mo"
132,Common Room in 950 Hougang Street 91,$950/mo
133,Common Room in 922 Hougang Street 91,$850/mo
134,Common Room in 458 Hougang Avenue 10,$699/mo
135,Room in 352 Hougang Avenue 7,"$2,388/mo"
136,Common Room in Bellewaters,"$1,200/mo"
137,Room in 470B Fernvale Link,$850/mo
138,Room in 144 Rivervale Drive,"$1,600/mo"
139,Master Room in 211D Punggol Walk,"$1,350/mo"
140,Room in 416 Hougang Avenue 10,"$1,000/mo"
141,Common Room in 227A Compassvale Drive,"$1,200/mo"
142,Room in 978D Buangkok Crescent,$950/mo
143,Room in 981C Buangkok Crescent,"$1,300/mo"
144,Common Room in 441B Fernvale Road,$950/mo
145,Master Room in 524 Hougang Avenue 6,"$2,200/mo"
146,Common Room in 207B Punggol Place,"$1,000/mo"
147,Master Room in Kingsford Waterbay,"$3,000/mo"
148,Common Room in 440C Fernvale Link,"$1,050/mo"
149,Common Room in 473B Upper Serangoon Crescent,"$1,000/mo"
150,Common Room in 334B Anchorvale Crescent,"$1,500/mo"
151,Common Room in 228B Punggol Field,$800/mo
152,Common Room in 416 Hougang Avenue 10,"$1,000/mo"
153,Common Room in 434A Fernvale Road,$950/mo
154,Common Room in 220C Sumang Lane,$900/mo
155,Room in 117B Rivervale Drive,"$1,100/mo"
156,Common Room in Ecopolitan,"$1,800/mo"
157,Room in 453D Fernvale Road,$980/mo
158,Common Room in 162A Rivervale Crescent,$850/mo
159,Common Room in 209C Punggol Place,$850/mo
160,Common Room in Austville Residences,"$1,500/mo"
161,Master Room in 155 Rivervale Crescent,"$1,600/mo"
162,Common Room in 678 Hougang Avenue 8,"$1,000/mo"
163,Room in 420 Hougang Avenue 10,"$1,250/mo"
164,Common Room in 186D Rivervale Drive,"$1,000/mo"
165,Common Room in 297B Compassvale Street,$800/mo
166,Common Room in The Vales,"$1,600/mo"
167,Master Room in Rio Vista,"$1,200/mo"
168,Master Room in 157C Rivervale Crescent,"$1,200/mo"
169,Room in Twin Waterfalls,"$1,300/mo"
170,Common Room in Austville Residences,"$1,100/mo"
171,Common Room in 445B Fernvale Road,"$1,000/mo"
172,Room in 185D Rivervale Crescent,"$1,000/mo"
173,Master Room in Twin Waterfalls,"$1,250/mo"
174,Common Room in Treasure Crest,"$1,200/mo"
175,Master Room in 228B Punggol Field,"$1,500/mo"
176,Common Room in 451 Hougang Avenue 10,"$1,100/mo"
177,Common Room in 676 Hougang Avenue 8,$950/mo
178,Master Room in Regentville,$999/mo
179,Common Room in 121 Rivervale Drive,$950/mo
180,Common Room in 121 Rivervale Drive,$950/mo
181,Common Room in 603 Hougang Avenue 4,"$1,200/mo"
182,Common Room in Riversound Residence,"$1,300/mo"
183,Room in Regentville,"$1,100/mo"
184,Common Room in 446C Jalan Kayu,$900/mo
185,Common Room in 981C Buangkok Crescent,$800/mo
186,Master Room in 475C Upper Serangoon Crescent,"$1,350/mo"
187,Common Room in 103 Rivervale Walk,$800/mo
188,Room in Regentville,"$1,299/mo"
189,Room in 836 Hougang Central,"$2,200/mo"
190,Common Room in The Vales,"$1,000/mo"
191,Master Room in Riversails,"$1,388/mo"
