,Property,Price
0,Room in 48 Bencoolen Street,"$4,333/mo"
1,Room in 12 Queen Street,"$5,000/mo"
2,Master Room in 12 Farrer Park Road,"$2,000/mo"
3,Master Room in Peace Centre/Peace Mansion / Peace Centre,"$1,500/mo"
4,Common Room in Peace Centre/Peace Mansion / Peace Centre,"$1,100/mo"
5,Common Room in 11 Farrer Park Road,"$1,400/mo"
6,Master Room in Former Peace Centre/Peace Mansion,"$2,500/mo"
7,Common Room in Bencoolen House,"$1,600/mo"
8,Common Room in 668 Chander Road,"$2,800/mo"
9,Master Room in Burlington Square,"$2,500/mo"
10,Common Room in Burlington Square,"$1,900/mo"
11,Common Room in City Square Residences,"$2,200/mo"
12,Common Room in City Square Residences,"$2,200/mo"
13,Common Room in Sultan Gate Place,"$1,150/mo"
14,Master Room in Jalan Besar Plaza,"$2,500/mo"
15,Room in Duo Residences / Duo Tower,"$4,499/mo"
16,Room in 668 Chander Road,"$1,488/mo"
17,Common Room in City Square Residences,"$2,000/mo"
18,Common Room in City Square Residences,"$2,000/mo"
19,Common Room in Race Course Mansion,"$1,600/mo"
20,Room in City Square Residences,"$2,600/mo"
21,Common Room in 232 Bain Street,"$1,418/mo"
22,Common Room in The Bencoolen,"$1,950/mo"
23,Common Room in Little India Conservation Area,"$6,500/mo"
24,Room in City Square Residences,"$2,600/mo"
25,Master Room in Burlington Square,"$2,500/mo"
26,Common Room in 12 Farrer Park Road,"$1,500/mo"
27,Room in Sophia Hills,"$2,400/mo"
28,Common Room in Niven Road,"$1,200/mo"
29,Common Room in Sunshine Plaza,"$1,000/mo"
30,Common Room in Burlington Square,"$1,400/mo"
31,Room in 269B Queen Street,"$1,400/mo"
32,Master Room in City Square Residences,"$2,600/mo"
33,Master Room in Sophia Crest,"$2,400/mo"
34,Common Room in City Square Residences,"$1,800/mo"
35,Common Room in Burlington Square,"$1,900/mo"
36,Master Room in Burlington Square,"$2,600/mo"
37,Master Room in Little India Conservation Area,"$2,000/mo"
38,Master Room in City Square Residences,"$2,600/mo"
39,Master Room in City Square Residences,"$2,300/mo"
40,Common Room in City Square Residences,"$1,600/mo"
41,Room in Burlington Square,"$1,800/mo"
42,Common Room in Wilkie Court,"$1,250/mo"
43,Common Room in Burlington Square,"$1,800/mo"
44,Room in 26 Jalan Berseh,"$1,278/mo"
45,Common Room in 26 Jalan Berseh,"$1,200/mo"
46,Room in Mackenzie 88,"$3,500/mo"
47,Common Room in City Square Residences,"$2,100/mo"
48,Room in Sophia Hills,"$2,500/mo"
49,Common Room in The Mkz,"$1,680/mo"
50,Common Room in Race Course Mansion,"$1,800/mo"
51,Room in Wilkie Apartments,"$2,350/mo"
52,Room in 232 Bain Street,"$1,500/mo"
53,Master Room in 641 Rowell Road,"$2,200/mo"
54,Master Room in Liv On Wilkie,"$2,500/mo"
55,Master Room in City Square Mall,"$2,900/mo"
56,Master Room in 75BR,"$4,200/mo"
57,Common Room in 641 Rowell Road,"$1,700/mo"
58,Common Room in 642 Rowell Road,"$1,400/mo"
59,Room in 8 Selegie Road,"$1,200/mo"
60,Common Room in City Square Residences,"$1,600/mo"
61,Common Room in City Square Residences,"$1,700/mo"
62,Room in Sophia Hills,"$2,700/mo"
63,Common Room in 263 Waterloo Street,"$1,400/mo"
64,Master Room in Bencoolen House,"$2,200/mo"
65,Master Room in Beach Road Conservation Area,"$3,800/mo"
66,Common Room in Former Peace Centre/Peace Mansion,"$2,300/mo"
67,Room in The Bencoolen,"$2,600/mo"
68,Room in 22 Cavenagh Road,"$3,334/mo"
69,Room in OG Orchard Point,"$8,833/mo"
70,Room in Jalan Besar,"$2,940/mo"
71,Master Room in Mergui Mansions,"$1,100/mo"
72,Master Room in One Oxley Rise,"$2,300/mo"
73,Common Room in UE Square,"$1,950/mo"
74,Master Room in The Riverside Piazza,"$1,600/mo"
75,Common Room in Tianso Heights,"$1,850/mo"
76,Common Room in UE Square,"$1,950/mo"
77,Master Room in The Plaza,"$3,500/mo"
78,Common Room in The Plaza,"$2,800/mo"
79,Common Room in Owen Road,"$2,000/mo"
80,Common Room in Top Ten,"$2,300/mo"
81,Master Room in Orchard Court,"$2,000/mo"
82,Master Room in 813 Jellicoe Road,"$1,500/mo"
83,Common Room in Race Course Road,"$1,500/mo"
84,Master Room in 107 Towner Road,"$2,000/mo"
85,Common Room in 2 Beach Road,"$1,500/mo"
86,Master Room in Emerald Hill Conservation Area,"$2,000/mo"
87,Common Room in 122 Mcnair Road,"$1,500/mo"
88,Common Room in 122 Mcnair Road,"$1,500/mo"
89,Common Room in 683 Tessensohn Road,"$1,100/mo"
90,Master Room in Orchard Court,"$2,000/mo"
91,Common Room in The Riverside Piazza,"$1,600/mo"
92,Master Room in Gloucester Mansions,"$2,700/mo"
93,Common Room in Cavenagh Gardens,"$1,100/mo"
94,Master Room in Sing Avenue,"$2,500/mo"
95,Common Room in Euro-Asia Court,"$1,450/mo"
96,Master Room in Euro-Asia Court,"$2,600/mo"
97,Common Room in The Huntington,"$2,750/mo"
98,Common Room in Elizabeth Towers,"$1,800/mo"
99,Master Room in Langston Ville,"$2,700/mo"
100,Master Room in 8 Farrer Suites,"$2,200/mo"
101,Common Room in Parc Centennial,"$2,250/mo"
102,Master Room in Serangoon Road,"$3,000/mo"
103,Master Room in Serangoon Road,"$2,400/mo"
104,Master Room in Studios @ Marne,"$3,500/mo"
105,Common Room in Oleanas Residence,"$1,900/mo"
106,Common Room in 5 Boon Keng Road,"$1,000/mo"
107,Common Room in Euro-Asia Court,"$1,250/mo"
108,Master Room in 8 Farrer Suites,"$2,300/mo"
109,Common Room in 681 Race Course Road,"$1,100/mo"
110,Common Room in Tianso Heights,"$1,850/mo"
111,Room in Uptown @ Farrer,"$3,200/mo"
112,Common Room in UE Square,"$1,950/mo"
113,Common Room in UE Square,"$1,950/mo"
114,Common Room in River Valley Court,"$1,280/mo"
115,Room in Kerrisdale,"$1,600/mo"
116,Common Room in Cavenagh Gardens,"$1,480/mo"
117,Room in Langston Ville,"$2,700/mo"
118,Common Room in The Lincoln Residences,"$1,450/mo"
119,Room in 32 Penhas Road,"$1,449/mo"
120,Room in Soleil @ Sinaran,"$4,280/mo"
121,Master Room in Elizabeth Heights,"$2,000/mo"
122,Room in Fraser Residence Singapore,"$2,900/mo"
123,Master Room in The Riverside Piazza,"$1,600/mo"
124,Master Room in 813 Jellicoe Road,"$1,300/mo"
125,Room in UE Square,"$2,300/mo"
126,Master Room in Kerrisdale,$900/mo
127,Room in Thomson Euro-Asia,"$1,400/mo"
128,Common Room in Citylights,"$2,000/mo"
129,Room in Illuminaire On Devonshire,"$4,000/mo"
130,Common Room in 52 Kent Road,"$1,500/mo"
131,Master Room in 8 Farrer Suites,"$2,400/mo"
132,Room in Lion Towers,"$1,500/mo"
133,Master Room in Cavenagh Gardens,"$1,300/mo"
134,Common Room in The Lincoln Residences,"$1,600/mo"
135,Room in 32 Penhas Road,"$2,849/mo"
136,Common Room in 121 Mcnair Road,"$1,200/mo"
137,Master Room in Kerrisdale,"$2,500/mo"
138,Master Room in 25 Truro Road,"$2,288/mo"
139,Room in 466 Crawford Lane,"$1,100/mo"
140,Common Room in The Riverside Piazza,"$1,800/mo"
141,Common Room in 51 Kent Road,"$1,200/mo"
142,Common Room in UE Square,"$2,200/mo"
143,Master Room in Kerrisdale,"$2,000/mo"
144,Common Room in Kerrisdale,"$1,200/mo"
145,Master Room in Shrewsbury Road,"$1,550/mo"
146,Common Room in Aspen Heights,"$1,500/mo"
147,Common Room in Lloyd Mansion,"$2,000/mo"
148,Common Room in Aspen Heights,"$1,200/mo"
149,Room in Thomson Euro-Asia,"$1,700/mo"
150,Master Room in Buckley Road,"$16,000/mo"
151,Master Room in Kentish Lodge,"$2,600/mo"
152,Common Room in UE Square,"$2,400/mo"
153,Common Room in UE Square,"$2,100/mo"
154,Common Room in 48A Dorset Road,$950/mo
155,Room in Kentish Green,$850/mo
156,Master Room in 95 Lavender Street,"$1,650/mo"
157,Common Room in 813 Jellicoe Road,"$1,500/mo"
158,Common Room in Apleton View,"$1,850/mo"
159,Master Room in UE Square,"$2,200/mo"
160,Room in Kerrisdale,"$2,000/mo"
161,Master Room in Fraser Residence Singapore,"$2,900/mo"
162,Common Room in 8 Farrer Suites,"$2,399/mo"
163,Master Room in One Oxley Rise,"$2,300/mo"
164,Master Room in Fraser Residence Singapore,"$2,900/mo"
165,Common Room in Petain Court,"$1,400/mo"
166,Room in UE Square,"$2,000/mo"
167,Room in Moulmein Court,"$1,400/mo"
168,Room in 8 Farrer Suites,"$2,200/mo"
169,Common Room in Thomson Euro-Asia,"$1,700/mo"
170,Common Room in Thomson Euro-Asia,"$1,800/mo"
171,Common Room in Fraser Residence Singapore,"$2,800/mo"
172,Master Room in Lavender Street,"$2,300/mo"
173,Master Room in Kerrisdale,"$1,700/mo"
174,Common Room in Hollywood Apartments,"$1,550/mo"
175,Room in Fraser Residence Singapore,"$2,900/mo"
176,Master Room in The Huntington,"$2,620/mo"
177,Room in Studios @ Marne,"$3,500/mo"
178,Master Room in Fraser Residence Singapore,"$2,900/mo"
179,Common Room in UE Square,"$2,300/mo"
180,Common Room in UE Square,"$2,100/mo"
181,Room in 12 North Bridge Road,"$1,200/mo"
182,Common Room in Kerrisdale,"$1,700/mo"
183,Common Room in Kentish Court,"$1,350/mo"
184,Room in Fraser Residence Singapore,"$2,900/mo"
185,Master Room in 69 Moulmein Road,"$2,200/mo"
186,Room in The Metz,"$5,500/mo"
187,Room in 107 Towner Road,"$2,000/mo"
188,Master Room in Petain Road/Tyrwhitt Road Conservation Area,"$2,500/mo"
189,Master Room in Fraser Residence Singapore,"$2,900/mo"
190,Common Room in Thomson Euro-Asia,"$1,800/mo"
191,Room in 8 St Thomas,"$8,000/mo"
192,Room in Cairnhill Nine,"$8,000/mo"
193,Master Room in Studios @ Marne,"$3,400/mo"
194,Master Room in Birmingham Mansions,"$1,600/mo"
195,Common Room in Citylights,"$1,950/mo"
196,Room in Studios @ Marne,"$3,400/mo"
197,Room in Uptown @ Farrer,"$2,900/mo"
198,Common Room in Thomson Euro-Asia,"$1,700/mo"
199,Room in Fraser Residence Singapore,"$3,800/mo"
200,Room in Fraser Residence Singapore,"$3,200/mo"
201,Room in Fraser Residence Singapore,"$2,900/mo"
202,Room in 813 Jellicoe Road,"$1,500/mo"
203,Common Room in 684 Race Course Road,"$1,000/mo"
204,Common Room in Joo Avenue,"$1,200/mo"
205,Room in 685 Race Course Road,"$1,800/mo"
206,Common Room in Cavenagh Gardens,"$1,680/mo"
207,Room in 8 Farrer Suites,"$2,200/mo"
