,Property,Price
0,Common Room in 292A Compassvale Street,"$1,200/mo"
1,Common Room in 105B Edgefield Plains,$950/mo
2,Master Room in 196D Punggol Field,"$1,200/mo"
3,Room in 144 Rivervale Drive,"$1,600/mo"
4,Common Room in 227A Compassvale Drive,"$1,200/mo"
5,Room in 180C Rivervale Crescent,"$1,200/mo"
6,Room in 196C Punggol Field,"$1,300/mo"
7,Room in 175C Punggol Field,"$1,000/mo"
8,Room in 117B Rivervale Drive,"$1,100/mo"
9,Room in 171A Edgedale Plains,$950/mo
10,Common Room in 162A Rivervale Crescent,$850/mo
11,Master Room in 155 Rivervale Crescent,"$1,600/mo"
12,Common Room in Flo Residence,"$1,150/mo"
13,Master Room in 171A Edgedale Plains,"$1,200/mo"
14,Common Room in 186D Rivervale Drive,"$1,000/mo"
15,Common Room in 297B Compassvale Street,$800/mo
16,Master Room in 157C Rivervale Crescent,"$1,200/mo"
17,Master Room in 105A Edgefield Plains,"$1,100/mo"
18,Room in 185D Rivervale Crescent,"$1,000/mo"
19,Common Room in 121 Rivervale Drive,$950/mo
20,Common Room in 121 Rivervale Drive,$950/mo
21,Room in 101A Punggol Field,"$1,500/mo"
22,Common Room in Flo Residence,"$1,500/mo"
23,Common Room in 682B Edgedale Plains,"$1,000/mo"
24,Common Room in 195C Punggol Road,"$1,200/mo"
25,Common Room in The Amore,"$1,200/mo"
26,Common Room in 302B Anchorvale Link,"$1,500/mo"
27,Common Room in 682A Edgedale Plains,$950/mo
28,Common Room in 216A Compassvale Drive,"$1,100/mo"
29,Master Room in Bellewaters,"$1,500/mo"
30,Common Room in 256D Sumang Walk,$900/mo
31,Master Room in 209C Compassvale Lane,"$1,200/mo"
32,Common Room in Riversound Residence,"$1,280/mo"
33,Common Room in 266C Punggol Way,"$1,200/mo"
34,Common Room in 473C Upper Serangoon Crescent,$850/mo
35,Common Room in 682A Edgedale Plains,$900/mo
36,Common Room in 622C Punggol Central,$900/mo
37,Master Room in Compass Heights,"$1,850/mo"
38,Common Room in Riversound Residence,"$1,000/mo"
39,Common Room in 331C Anchorvale Street,$900/mo
40,Common Room in 612C Punggol Drive,$850/mo
41,Common Room in 632B Punggol Drive,$900/mo
42,Common Room in Compass Heights,"$1,200/mo"
43,Common Room in 293C Compassvale Crescent,"$1,100/mo"
44,Common Room in 281B Sengkang East Avenue,"$1,200/mo"
45,Common Room in Riversound Residence,"$1,000/mo"
46,Master Room in Twin Waterfalls,"$1,500/mo"
47,Common Room in 296B Compassvale Crescent,$800/mo
48,Common Room in River Isles,"$2,500/mo"
49,Common Room in 682A Edgedale Plains,$900/mo
50,Master Room in 294 Punggol Central,"$2,000/mo"
51,Master Room in A Treasure Trove,"$1,500/mo"
52,Common Room in 213A Punggol Walk,"$1,000/mo"
53,Master Room in Prive,"$2,200/mo"
54,Common Room in 473B Upper Serangoon Crescent,"$1,200/mo"
55,Common Room in The Terrace,"$1,700/mo"
56,Room in Compass Heights,"$1,300/mo"
57,Common Room in 624A Punggol Central,$850/mo
58,Common Room in The Amore,"$1,100/mo"
59,Common Room in 261B Punggol Way,$800/mo
60,Common Room in The Vales,"$1,600/mo"
61,Common Room in 635C Punggol Drive,$950/mo
62,Room in 682A Edgedale Plains,$900/mo
63,Common Room in The Terrace,"$1,200/mo"
64,Room in 305D Punggol Drive,$950/mo
65,Room in The Quartz,"$1,500/mo"
66,Common Room in 668B Edgefield Plains,"$1,300/mo"
67,Common Room in 286C Compassvale Crescent,"$1,500/mo"
68,Master Room in Compass Heights,"$1,200/mo"
69,Master Room in Riversound Residence,"$2,600/mo"
70,Room in 678C Punggol Drive,$900/mo
71,Room in The Terrace,"$1,300/mo"
72,Room in 652 Punggol Central,"$1,200/mo"
73,Room in 445 Hougang Avenue 8,"$2,200/mo"
74,Room in 334B Anchorvale Crescent,"$1,800/mo"
75,Common Room in 216B Compassvale Drive,"$1,200/mo"
76,Common Room in 216B Compassvale Drive,"$1,200/mo"
77,Common Room in 217B Sumang Walk,$850/mo
78,Room in 203B Compassvale Road,$850/mo
79,Room in 258D Compassvale Road,"$1,500/mo"
80,Common Room in 473C Upper Serangoon Crescent,$900/mo
81,Master Room in 325B Sengkang East Way,"$1,500/mo"
82,Room in 296A Compassvale Crescent,"$1,100/mo"
83,Common Room in 302B Punggol Place,$850/mo
84,Common Room in 322A Anchorvale Drive,$900/mo
85,Room in 299 Punggol Central,"$1,200/mo"
86,Common Room in The Quartz,"$1,500/mo"
87,Common Room in 166A Punggol Central,"$1,000/mo"
88,Room in 473D Upper Serangoon Crescent,"$1,200/mo"
89,Common Room in 201A Compassvale Drive,$850/mo
90,Common Room in 647 Punggol Central,"$3,800/mo"
91,Common Room in 207C Compassvale Lane,"$1,000/mo"
92,Common Room in 320B Anchorvale Drive,$900/mo
93,Common Room in 271C Punggol Walk,"$1,100/mo"
94,Common Room in Jewel @ Buangkok,"$1,350/mo"
95,Common Room in 622C Punggol Central,"$1,200/mo"
96,Master Room in Riversound Residence,"$2,000/mo"
97,Room in Riversound Residence,"$1,200/mo"
98,Master Room in Riversails,"$2,000/mo"
99,Common Room in River Isles,"$1,300/mo"
100,Common Room in 666A Punggol Drive,$850/mo
101,Common Room in 612C Punggol Drive,$950/mo
102,Master Room in 682B Edgedale Plains,"$1,500/mo"
103,Common Room in 305B Anchorvale Link,$850/mo
104,Common Room in 269C Punggol Field,"$1,400/mo"
105,Room in 613D Punggol Drive,$950/mo
106,Room in 471A Upper Serangoon Crescent,$900/mo
107,Common Room in 216A Compassvale Drive,"$1,100/mo"
108,Common Room in Waterbay,"$1,360/mo"
109,Master Room in 256D Sumang Walk,$900/mo
110,Common Room in Jewel @ Buangkok,"$1,350/mo"
111,Common Room in Treasure Crest,$600/mo
112,Master Room in 211D Punggol Walk,"$1,200/mo"
113,Common Room in 319A Anchorvale Drive,$900/mo
114,Common Room in La Fiesta,"$1,888/mo"
115,Master Room in 332B Anchorvale Link,"$2,200/mo"
116,Common Room in 612C Punggol Drive,$850/mo
117,Common Room in Waterbay,"$1,500/mo"
118,Common Room in 273B Compassvale Link,"$1,400/mo"
119,Common Room in A Treasure Trove,"$1,500/mo"
120,Common Room in 458 Hougang Avenue 10,$699/mo
121,Common Room in Bellewaters,"$1,200/mo"
122,Common Room in 322B Anchorvale Drive,"$1,100/mo"
123,Master Room in 211D Punggol Walk,"$1,350/mo"
124,Room in 641A Punggol Drive,$900/mo
125,Room in 642D Punggol Drive,"$1,000/mo"
126,Room in 268A Compassvale Link,$850/mo
127,Room in 261A Sengkang East Way,"$1,100/mo"
128,Room in 682A Edgedale Plains,"$1,000/mo"
129,Common Room in 672A Edgefield Plains,$850/mo
130,Common Room in Compass Heights,"$1,400/mo"
131,Common Room in 203B Compassvale Road,"$1,800/mo"
132,Common Room in 619C Punggol Drive,$850/mo
133,Room in La Fiesta,"$3,688/mo"
134,Common Room in 261D Sengkang East Way,"$1,000/mo"
135,Common Room in 207B Punggol Place,"$1,000/mo"
136,Master Room in Kingsford Waterbay,"$3,000/mo"
137,Common Room in 322A Anchorvale Drive,"$1,200/mo"
138,Room in 278B Compassvale Bow,"$2,200/mo"
139,Room in 208B Punggol Place,"$1,400/mo"
140,Master Room in 303B Anchorvale Link,"$1,100/mo"
141,Common Room in 322A Anchorvale Drive,$850/mo
142,Common Room in 473B Upper Serangoon Crescent,"$1,000/mo"
143,Common Room in 319B Anchorvale Drive,$600/mo
144,Room in 642D Punggol Drive,"$1,000/mo"
145,Common Room in 334B Anchorvale Crescent,"$1,500/mo"
146,Common Room in 220C Sumang Lane,$900/mo
147,Master Room in 302A Anchorvale Link,"$1,600/mo"
148,Common Room in Ecopolitan,"$1,800/mo"
149,Room in 299 Punggol Central,"$1,000/mo"
150,Common Room in A Treasure Trove,"$1,500/mo"
151,Common Room in A Treasure Trove,"$1,750/mo"
152,Common Room in Compass Heights,"$1,300/mo"
153,Common Room in Jewel @ Buangkok,"$1,600/mo"
154,Common Room in Parc Centros,"$2,000/mo"
155,Common Room in 670C Edgefield Plains,$900/mo
156,Common Room in 209C Punggol Place,$850/mo
157,Common Room in Austville Residences,"$1,500/mo"
158,Common Room in The Terrace,"$1,200/mo"
159,Common Room in 207A Compassvale Lane,"$1,000/mo"
160,Common Room in 195D Punggol Road,"$1,100/mo"
161,Common Room in 269B Punggol Field,"$1,000/mo"
162,Common Room in The Vales,"$1,600/mo"
163,Room in Twin Waterfalls,"$1,300/mo"
164,Common Room in 305D Punggol Drive,$950/mo
165,Common Room in Austville Residences,"$1,100/mo"
166,Common Room in 268A Compassvale Link,$850/mo
167,Master Room in Twin Waterfalls,"$1,250/mo"
168,Common Room in Treasure Crest,"$1,200/mo"
169,Common Room in 451 Hougang Avenue 10,"$1,100/mo"
170,Room in 303B Anchorvale Link,$800/mo
171,Common Room in 273D Punggol Place,"$1,000/mo"
172,Common Room in 302C Anchorvale Link,$800/mo
173,Room in 216A Compassvale Drive,"$1,100/mo"
174,Common Room in Riversound Residence,"$1,300/mo"
175,Master Room in 475C Upper Serangoon Crescent,"$1,350/mo"
176,Common Room in 103 Rivervale Walk,$800/mo
177,Common Room in The Vales,"$1,000/mo"
178,Master Room in Riversails,"$1,388/mo"
