,Property,Price
0,Common Room in 310B Punggol Walk,"$1,200/mo"
1,Common Room in 308C Punggol Walk,$850/mo
2,Common Room in 313C Sumang Link,$900/mo
3,Common Room in 313C Sumang Link,$900/mo
4,Master Room in 406C Northshore Drive,"$1,900/mo"
5,Room in 406C Northshore Drive,"$1,900/mo"
6,Common Room in 314A Punggol Way,$800/mo
7,Master Room in 308C Punggol Walk,"$1,800/mo"
8,Master Room in 402A Northshore Drive,"$1,600/mo"
9,Room in 425 Northshore Crescent,"$1,200/mo"
10,Room in 406 Northshore Drive,"$1,500/mo"
11,Common Room in 202A Punggol Field,"$1,000/mo"
12,Common Room in 195C Punggol Road,"$1,200/mo"
13,Common Room in 256D Sumang Walk,$900/mo
14,Common Room in 266C Punggol Way,"$1,200/mo"
15,Common Room in 622C Punggol Central,$900/mo
16,Common Room in 612C Punggol Drive,$850/mo
17,Master Room in Twin Waterfalls,"$1,500/mo"
18,Master Room in 294 Punggol Central,"$2,000/mo"
19,Master Room in A Treasure Trove,"$1,500/mo"
20,Common Room in 213A Punggol Walk,"$1,000/mo"
21,Master Room in Prive,"$2,200/mo"
22,Common Room in 624A Punggol Central,$850/mo
23,Common Room in 261B Punggol Way,$800/mo
24,Room in 314B Punggol Way,"$1,600/mo"
25,Room in 305D Punggol Drive,$950/mo
26,Common Room in 668B Edgefield Plains,"$1,300/mo"
27,Room in 678C Punggol Drive,$900/mo
28,Common Room in 217B Sumang Walk,$850/mo
29,Master Room in 102B Punggol Field,"$1,000/mo"
30,Common Room in 302B Punggol Place,$850/mo
31,Room in 299 Punggol Central,"$1,200/mo"
32,Common Room in 271C Punggol Walk,"$1,100/mo"
33,Common Room in 622C Punggol Central,"$1,200/mo"
34,Common Room in 612C Punggol Drive,$950/mo
35,Common Room in 269C Punggol Field,"$1,400/mo"
36,Room in 613D Punggol Drive,$950/mo
37,Common Room in Waterbay,"$1,360/mo"
38,Master Room in 256D Sumang Walk,$900/mo
39,Master Room in 211D Punggol Walk,"$1,200/mo"
40,Common Room in 612C Punggol Drive,$850/mo
41,Master Room in 196D Punggol Field,"$1,200/mo"
42,Common Room in Waterbay,"$1,500/mo"
43,Common Room in A Treasure Trove,"$1,500/mo"
44,Master Room in 211D Punggol Walk,"$1,350/mo"
45,Common Room in 672A Edgefield Plains,$850/mo
46,Common Room in 619C Punggol Drive,$850/mo
47,Common Room in 207B Punggol Place,"$1,000/mo"
48,Room in 208B Punggol Place,"$1,400/mo"
49,Room in 196C Punggol Field,"$1,300/mo"
50,Common Room in 228B Punggol Field,$800/mo
51,Master Room in 314B Punggol Way,"$1,400/mo"
52,Common Room in 220C Sumang Lane,$900/mo
53,Common Room in Ecopolitan,"$1,800/mo"
54,Room in 299 Punggol Central,"$1,000/mo"
55,Common Room in A Treasure Trove,"$1,500/mo"
56,Common Room in 256B Sumang Walk,$900/mo
57,Common Room in A Treasure Trove,"$1,750/mo"
58,Common Room in Parc Centros,"$2,000/mo"
59,Common Room in 670C Edgefield Plains,$900/mo
60,Common Room in 209C Punggol Place,$850/mo
61,Common Room in 195D Punggol Road,"$1,100/mo"
62,Common Room in 269B Punggol Field,"$1,000/mo"
63,Room in Twin Waterfalls,"$1,300/mo"
64,Common Room in 305D Punggol Drive,$950/mo
65,Master Room in Twin Waterfalls,"$1,250/mo"
66,Master Room in 228B Punggol Field,"$1,500/mo"
67,Common Room in 273D Punggol Place,"$1,000/mo"
