,Property,Price
0,Master Room in 250 Bangkit Road,$950/mo
1,Common Room in 544 Jelapang Road,"$1,050/mo"
2,Common Room in 540 Jelapang Road,$888/mo
3,Common Room in 507 Jelapang Road,$900/mo
4,Common Room in 519 Jelapang Road,"$1,000/mo"
5,Common Room in 515 Jelapang Road,$850/mo
6,Common Room in 177 Lompang Road,$900/mo
7,Common Room in 173 Gangsa Road,$950/mo
8,Master Room in 548A Segar Road,"$1,300/mo"
9,Common Room in 241 Bukit Panjang Ring Road,$700/mo
10,Common Room in 101 Gangsa Road,$900/mo
11,Common Room in 437 Fajar Road,"$1,200/mo"
12,Common Room in 641A Senja Close,$900/mo
13,Common Room in 621 Senja Road,$850/mo
14,Common Room in 102 Gangsa Road,$950/mo
15,Common Room in 476 Segar Road,$850/mo
16,Common Room in 509 Jelapang Road,$650/mo
17,Master Room in 175 Lompang Road,$908/mo
18,Common Room in 420 Fajar Road,$650/mo
19,Common Room in 476 Segar Road,$850/mo
20,Common Room in 546A Segar Road,$800/mo
21,Common Room in 412 Saujana Road,$950/mo
22,Room in 476 Segar Road,$850/mo
23,Room in 619 Bukit Panjang Ring Road,$800/mo
24,Common Room in 647B Senja Close,"$1,400/mo"
25,Room in 619 Bukit Panjang Ring Road,$900/mo
26,Common Room in 237 Bukit Panjang Ring Road,$900/mo
27,Room in 236 Bukit Panjang Ring Road,"$1,600/mo"
28,Room in 544 Jelapang Road,"$1,050/mo"
29,Master Room in 502 Jelapang Road,$830/mo
30,Common Room in 620 Bukit Panjang Ring Road,"$1,000/mo"
31,Common Room in 254 Bangkit Road,"$1,500/mo"
32,Common Room in 647B Senja Close,"$1,400/mo"
33,Master Room in 548A Segar Road,"$1,200/mo"
34,Common Room in 620 Bukit Panjang Ring Road,"$1,000/mo"
35,Common Room in 533 Bukit Panjang Ring Road,$950/mo
36,Common Room in 175 Lompang Road,$800/mo
37,Common Room in 468 Segar Road,$800/mo
38,Common Room in 549A Segar Road,$800/mo
39,Common Room in 477 Segar Road,"$1,100/mo"
40,Common Room in 412 Saujana Road,$950/mo
41,Common Room in 437 Fajar Road,"$1,000/mo"
42,Common Room in 237 Bukit Panjang Ring Road,$980/mo
43,Common Room in 545 Bukit Panjang Ring Road,"$1,200/mo"
44,Room in 237 Bukit Panjang Ring Road,$950/mo
45,Room in 406 Fajar Road,$800/mo
46,Room in 548A Segar Road,"$1,300/mo"
47,Room in 622 Senja Road,$900/mo
48,Common Room in 544 Jelapang Road,"$1,000/mo"
49,Master Room in 619 Bukit Panjang Ring Road,"$1,600/mo"
50,Common Room in 621 Senja Road,"$1,000/mo"
51,Room in 507 Jelapang Road,$750/mo
52,Common Room in 416 Saujana Road,"$1,100/mo"
53,Common Room in 655 Senja Road,$850/mo
54,Common Room in 510A Jelapang Road,$800/mo
55,Room in Blossom Residences,"$1,300/mo"
56,Common Room in 150 Petir Road,$750/mo
57,Common Room in 148 Gangsa Road,$850/mo
58,Common Room in 124 Pending Road,$450/mo
59,Common Room in Hazel Park Condominium,"$1,500/mo"
60,Common Room in 170 Gangsa Road,$900/mo
61,Master Room in 148 Gangsa Road,"$1,050/mo"
62,Master Room in 11 Teck Whye Lane,"$1,200/mo"
63,Master Room in 131 Cashew Road,$850/mo
64,Common Room in Bukit 828,"$1,600/mo"
65,Common Room in 606 Senja Road,$800/mo
66,Common Room in 631 Senja Road,"$1,100/mo"
67,Common Room in 133 Cashew Road,$900/mo
68,Master Room in Phoenix Heights,"$2,200/mo"
69,Common Room in 150 Petir Road,$800/mo
70,Master Room in 154 Jalan Teck Whye,"$1,000/mo"
71,Common Room in Cashew Heights Condominium,"$1,500/mo"
72,Master Room in The Linear,"$1,800/mo"
73,Common Room in Cashew Heights Condominium,"$1,260/mo"
74,Common Room in 629 Senja Road,$900/mo
75,Common Room in 164 Gangsa Road,$700/mo
76,Common Room in 154 Jalan Teck Whye,$850/mo
77,Common Room in Maysprings,"$1,299/mo"
78,Common Room in 633A Senja Road,$900/mo
79,Common Room in 110 Gangsa Road,"$1,300/mo"
80,Master Room in Maysprings,"$1,299/mo"
81,Room in 611 Bukit Panjang Ring Road,"$1,700/mo"
82,Common Room in Hillsta,"$1,400/mo"
83,Common Room in Hazel Park Condominium,"$1,100/mo"
84,Room in Maysprings,"$1,100/mo"
85,Common Room in 631 Senja Road,"$1,000/mo"
86,Room in 275 Bangkit Road,"$1,200/mo"
87,Master Room in 150 Petir Road,"$1,000/mo"
88,Room in 272 Bangkit Road,$900/mo
89,Common Room in 14 Teck Whye Lane,$900/mo
90,Common Room in Nicon Gardens,"$1,900/mo"
91,Common Room in 123 Pending Road,"$1,100/mo"
92,Common Room in Maysprings,"$1,099/mo"
93,Common Room in 168 Petir Road,"$1,100/mo"
94,Room in Maysprings,"$1,500/mo"
95,Room in Hazel Park Condominium,"$1,800/mo"
96,Common Room in Maysprings,"$1,400/mo"
97,Common Room in 213 Petir Road,$750/mo
98,Master Room in 13 Teck Whye Lane,$850/mo
99,Common Room in 11 Teck Whye Lane,$900/mo
100,Room in The Linear,"$2,500/mo"
101,Room in 611 Bukit Panjang Ring Road,"$1,300/mo"
102,Common Room in Cashew Park Condominium,"$1,450/mo"
103,Common Room in 124 Pending Road,$800/mo
104,Common Room in 629 Senja Road,$900/mo
105,Common Room in Chestervale,"$1,400/mo"
106,Room in 204 Petir Road,"$1,000/mo"
107,Master Room in Cashew Villas,"$2,500/mo"
108,Common Room in 124 Pending Road,"$1,000/mo"
109,Room in 636B Senja Road,$990/mo
110,Common Room in 205 Petir Road,$750/mo
111,Common Room in Maysprings,"$1,100/mo"
112,Master Room in 257 Bangkit Road,"$1,000/mo"
113,Common Room in Eco Sanctuary,"$1,180/mo"
114,Master Room in 143 Petir Road,"$1,000/mo"
115,Master Room in Phoenix Heights,"$2,200/mo"
116,Room in 631 Senja Road,"$1,000/mo"
117,Master Room in 11 Teck Whye Lane,$900/mo
118,Common Room in Eco Sanctuary,"$1,180/mo"
119,Common Room in 139 Petir Road,"$1,000/mo"
120,Room in Cashew Garden,"$1,339/mo"
121,Room in 611 Bukit Panjang Ring Road,$900/mo
122,Common Room in Chestervale,"$1,100/mo"
123,Room in 630 Senja Road,"$1,000/mo"
124,Room in 275 Bangkit Road,"$1,000/mo"
125,Common Room in 11 Teck Whye Lane,$900/mo
126,Master Room in 154 Jalan Teck Whye,"$1,000/mo"
127,Master Room in 148 Gangsa Road,"$1,050/mo"
