,Property,Price
0,Common Room in 360B Admiralty Drive,$950/mo
1,Master Room in 329 Sembawang Close,"$1,500/mo"
2,Common Room in 335 Sembawang Close,"$1,200/mo"
3,Common Room in 353B Admiralty Drive,$800/mo
4,Common Room in 501A Wellington Circle,$450/mo
5,Common Room in 413 Sembawang Drive,$750/mo
6,Common Room in 314 Sembawang Drive,$650/mo
7,Master Room in The Nautical,"$2,000/mo"
8,Master Room in 485 Admiralty Link,"$1,250/mo"
9,Common Room in 352B Canberra Road,$900/mo
10,Room in The Nautical,"$2,000/mo"
11,Common Room in 589A Montreal Drive,$800/mo
12,Common Room in 353C Admiralty Drive,"$1,100/mo"
13,Common Room in 467 Admiralty Drive,$950/mo
14,Room in The Nautical,"$1,300/mo"
15,Common Room in 504B Montreal Drive,$800/mo
16,Room in 485 Admiralty Link,$900/mo
17,Common Room in Skypark Residences,"$1,000/mo"
18,Common Room in Skypark Residences,"$1,580/mo"
19,Common Room in 340A Sembawang Close,$850/mo
20,Master Room in 407 Sembawang Drive,"$1,200/mo"
21,Common Room in The Visionaire,"$1,150/mo"
22,Common Room in Skypark Residences,"$1,400/mo"
23,Common Room in 468C Admiralty Drive,$800/mo
24,Common Room in 322 Sembawang Close,$850/mo
25,Common Room in The Visionaire,"$1,300/mo"
26,Room in Parc Life,"$1,299/mo"
27,Master Room in 407 Sembawang Drive,"$1,200/mo"
28,Common Room in 479 Sembawang Drive,$850/mo
29,Common Room in 328 Sembawang Crescent,"$1,400/mo"
30,Common Room in 328 Sembawang Crescent,"$1,000/mo"
31,Common Room in 405 Admiralty Link,$850/mo
32,Common Room in 360A Admiralty Drive,$850/mo
33,Room in 588A Montreal Drive,"$1,000/mo"
34,Master Room in 405 Admiralty Link,"$1,200/mo"
35,Common Room in 319 Sembawang Close,$850/mo
36,Room in 357C Admiralty Drive,$800/mo
37,Room in 417 Canberra Road,$850/mo
38,Common Room in 590C Montreal Link,"$1,000/mo"
39,Room in 503B Canberra Link,"$1,380/mo"
40,Room in 357C Admiralty Drive,$900/mo
41,Master Room in 407 Sembawang Drive,"$1,000/mo"
42,Common Room in 327 Sembawang Crescent,$850/mo
43,Common Room in 319 Sembawang Close,$850/mo
44,Master Room in 328 Sembawang Crescent,$750/mo
45,Common Room in The Visionaire,"$1,200/mo"
46,Master Room in 340B Sembawang Close,$900/mo
47,Master Room in The Brownstone,"$1,500/mo"
48,Common Room in 328 Sembawang Crescent,"$1,100/mo"
49,Common Room in 334 Sembawang Close,"$1,500/mo"
50,Common Room in 406 Sembawang Drive,$750/mo
51,Common Room in 341A Sembawang Close,$850/mo
52,Common Room in The Visionaire,"$1,100/mo"
53,Common Room in 326 Sembawang Crescent,$800/mo
54,Common Room in 688D Woodlands Drive 75,$800/mo
55,Common Room in 688B Woodlands Drive 75,$800/mo
56,Common Room in 126D Canberra Street,$800/mo
57,Common Room in 114 Yishun Ring Road,$600/mo
58,Common Room in Sembawang Springs Estate,"$1,200/mo"
59,Common Room in 781B Woodlands Avenue 9,$700/mo
60,Common Room in Woodsvale,"$1,100/mo"
61,Common Room in Eight Courtyards,"$1,600/mo"
62,Master Room in 795 Woodlands Drive 72,"$2,800/mo"
63,Common Room in 113 Yishun Ring Road,$750/mo
64,Common Room in Northoaks,"$1,000/mo"
65,Common Room in Northoaks,$850/mo
66,Master Room in Northoaks,"$2,800/mo"
67,Common Room in Northoaks,"$1,800/mo"
68,Common Room in Northoaks,"$1,100/mo"
69,Common Room in Northoaks,"$1,200/mo"
70,Common Room in 781D Woodlands Avenue 9,$800/mo
71,Common Room in 781B Woodlands Avenue 9,$800/mo
72,Master Room in Northoaks,"$2,800/mo"
73,Common Room in 781B Woodlands Avenue 9,$750/mo
74,Common Room in 783A Woodlands Rise,$800/mo
75,Common Room in Eight Courtyards,"$1,300/mo"
76,Common Room in 118 Yishun Ring Road,$800/mo
77,Common Room in Eight Courtyards,"$2,180/mo"
78,Common Room in Northoaks,"$1,300/mo"
79,Common Room in 783A Woodlands Rise,$850/mo
80,Common Room in Woodsvale,"$1,200/mo"
81,Common Room in Yishun Emerald,$900/mo
82,Common Room in 782D Woodlands Crescent,"$1,000/mo"
83,Common Room in 118 Yishun Ring Road,$800/mo
84,Room in 120 Yishun Ring Road,$850/mo
85,Master Room in 104A Canberra Street,"$1,350/mo"
86,Common Room in Northoaks,"$1,500/mo"
87,Common Room in 1 Canberra,"$1,300/mo"
88,Common Room in 104A Canberra Street,$950/mo
89,Master Room in Northoaks,"$1,200/mo"
90,Room in Yishun Sapphire,"$1,888/mo"
91,Common Room in Northoaks,"$1,800/mo"
92,Master Room in Sembawang Springs Estate,"$1,500/mo"
93,Common Room in 120 Yishun Ring Road,$850/mo
94,Room in Northoaks,"$1,500/mo"
95,Room in Eight Courtyards,"$1,400/mo"
96,Common Room in Woodsvale,"$1,400/mo"
97,Room in 115C Canberra Walk,"$1,200/mo"
98,Master Room in Northoaks,"$2,800/mo"
99,Common Room in Northwave,"$1,100/mo"
100,Room in 115A Yishun Ring Road,$900/mo
101,Common Room in 783A Woodlands Rise,$850/mo
102,Room in 783C Woodlands Rise,"$1,000/mo"
103,Master Room in Northoaks,"$1,900/mo"
104,Common Room in 104A Canberra Street,"$1,100/mo"
105,Master Room in 115 Canberra Walk,"$1,200/mo"
106,Common Room in Eight Courtyards,"$2,600/mo"
107,Master Room in Northoaks,"$2,800/mo"
108,Master Room in Northoaks,"$2,800/mo"
109,Common Room in 782A Woodlands Crescent,$900/mo
110,Common Room in 688A Woodlands Drive 75,$800/mo
111,Common Room in Woodsvale,"$1,100/mo"
112,Common Room in 128B Canberra Street,$800/mo
113,Common Room in Northoaks,"$1,500/mo"
114,Master Room in Northoaks,"$2,800/mo"
115,Common Room in 1 Canberra,"$1,000/mo"
116,Common Room in 104A Canberra Street,"$1,300/mo"
117,Master Room in Yishun Sapphire,"$1,550/mo"
118,Common Room in 128B Canberra Street,"$1,000/mo"
119,Common Room in 115 Yishun Ring Road,$800/mo
120,Master Room in 130A Canberra Crescent,"$1,350/mo"
121,Master Room in Countryview,"$1,300/mo"
122,Room in 129C Canberra Street,$850/mo
123,Master Room in 686C Woodlands Drive 73,"$1,500/mo"
124,Master Room in Northwave,$900/mo
125,Room in 120 Yishun Ring Road,$850/mo
126,Common Room in Northwave,"$1,100/mo"
127,Common Room in Woodsvale,"$1,400/mo"
128,Master Room in 104A Canberra Street,"$1,350/mo"
129,Master Room in 107B Canberra Street,"$1,100/mo"
130,Master Room in 115A Yishun Ring Road,"$1,200/mo"
131,Room in 101B Canberra Street,$900/mo
132,Common Room in Eight Courtyards,"$1,300/mo"
133,Master Room in Woodsvale,"$1,800/mo"
134,Common Room in Sembawang Springs Estate,$900/mo
135,Master Room in 690B Woodlands Drive 75,"$1,200/mo"
136,Common Room in 1 Canberra,"$1,300/mo"
137,Common Room in Northoaks,"$1,100/mo"
138,Room in Woodsvale,"$1,400/mo"
139,Master Room in Woodsvale,"$1,500/mo"
140,Common Room in 484 Admiralty Link,"$1,000/mo"
141,Room in 117 Yishun Ring Road,"$1,200/mo"
142,Room in 689B Woodlands Drive 75,$800/mo
143,Common Room in Northwave,"$1,250/mo"
144,Master Room in Northwave,"$1,300/mo"
145,Common Room in 688F Woodlands Drive 75,$950/mo
146,Master Room in 687B Woodlands Drive 75,"$1,000/mo"
147,Common Room in 120 Yishun Ring Road,$900/mo
148,Room in 1 Canberra,"$1,000/mo"
