,Property,Price
0,Room in 22 Cavenagh Road,"$3,334/mo"
1,Room in 48 Bencoolen Street,"$4,333/mo"
2,Room in Kreta Ayer Conservation Area,"$2,333/mo"
3,Room in 32 Tras Street,"$3,981/mo"
4,Room in Furama City Centre Singapore,"$4,600/mo"
5,Room in OG Orchard Point,
6,Master Room in Classical Terrace,"$1,900/mo"
7,Common Room in Jalan Lateh,"$1,200/mo"
8,Common Room in 218 Serangoon Avenue 4,$900/mo
9,Master Room in Bartley Rise Estate,"$1,850/mo"
10,Master Room in 3 Lorong Lew Lian,"$1,350/mo"
11,Room in 233 Serangoon Avenue 3,"$1,500/mo"
12,Common Room in 419 Serangoon Central,$900/mo
13,Room in 210 Serangoon Central,"$1,200/mo"
14,Common Room in 323 Serangoon Avenue 3,$900/mo
15,Common Room in 425 Serangoon Avenue 1,"$1,000/mo"
16,Common Room in 239 Serangoon Avenue 2,"$1,000/mo"
17,Master Room in Classical Terrace,"$2,000/mo"
18,Common Room in 216 Serangoon Avenue 4,"$1,000/mo"
19,Room in Sunglade,"$1,420/mo"
20,Master Room in Lim Tua Tow Road,"$2,100/mo"
21,Master Room in Bartley Rise Estate,"$1,960/mo"
22,Master Room in 236 Serangoon Avenue 3,"$1,500/mo"
23,Master Room in Fengli Gardens,"$1,600/mo"
24,Common Room in Jalan Lateh,"$1,200/mo"
25,Room in Joon Hiang Road,"$1,200/mo"
26,Common Room in 201 Serangoon Central,"$1,300/mo"
27,Common Room in Rosalia Park,"$1,500/mo"
28,Common Room in Golden Heights,"$1,400/mo"
29,Room in Joon Hiang Road,"$1,400/mo"
30,Common Room in Cherryhill,"$1,500/mo"
31,Common Room in 155 Hougang Street 11,$800/mo
32,Room in Upper Serangoon Shopping Centre,"$1,200/mo"
33,Room in Upper Serangoon Shopping Centre,"$2,100/mo"
34,Room in 307 Serangoon Avenue 2,"$1,300/mo"
35,Common Room in Bartley Villas,"$1,200/mo"
36,Master Room in Spazio @ Kovan,"$2,000/mo"
37,Room in 307 Serangoon Avenue 2,"$1,300/mo"
38,Master Room in 229 Serangoon Avenue 4,"$1,188/mo"
39,Room in Sunglade,"$1,420/mo"
40,Common Room in Sunshine Grove,"$1,050/mo"
41,Common Room in 239 Serangoon Avenue 2,"$1,200/mo"
42,Common Room in 312 Serangoon Avenue 2,"$1,000/mo"
43,Common Room in Cambio Suites,"$1,900/mo"
44,Common Room in 263 Serangoon Central Drive,$850/mo
45,Master Room in The Garden Residences,"$1,800/mo"
46,Master Room in Serangoon Garden Estate,"$1,900/mo"
47,Common Room in 12 Joo Seng Road,"$1,000/mo"
48,Common Room in The Tre Ver,"$1,800/mo"
49,Common Room in 14 Joo Seng Road,$850/mo
50,Common Room in 113 Potong Pasir Avenue 1,"$1,000/mo"
51,Master Room in Avon Park,"$1,750/mo"
52,Common Room in 139 Potong Pasir Avenue 3,"$1,200/mo"
53,Common Room in 108B Bidadari Park Drive,"$1,200/mo"
54,Master Room in Nin Residence,"$2,500/mo"
55,Master Room in 148 Potong Pasir Avenue 1,"$2,000/mo"
56,Common Room in The Tre Ver,"$2,200/mo"
57,Common Room in The Garden Residences,"$1,800/mo"
58,Master Room in 174B Hougang Avenue 1,"$1,500/mo"
59,Common Room in 220 Serangoon Avenue 4,"$1,000/mo"
60,Common Room in Kovan Melody,"$1,200/mo"
61,Common Room in Bartley Ridge,"$1,700/mo"
62,Common Room in 222 Serangoon Avenue 4,"$1,200/mo"
63,Common Room in 127 Serangoon North Avenue 1,$950/mo
64,Common Room in Glasgow Road,"$1,200/mo"
65,Common Room in Parry Green,"$1,900/mo"
66,Common Room in Serangoon Garden Estate,"$1,500/mo"
67,Common Room in Parry Park,"$1,600/mo"
68,Common Room in Avon Park,"$1,608/mo"
69,Room in 126 Hougang Avenue 1,$800/mo
70,Common Room in 15 Joo Seng Road,"$1,400/mo"
71,Room in 104 Potong Pasir Avenue 1,"$1,200/mo"
72,Master Room in Kovan Melody,"$1,900/mo"
73,Common Room in Serangoon Garden Estate,"$1,500/mo"
74,Room in Kovan Melody,"$1,900/mo"
75,Room in The Tre Ver,"$5,200/mo"
76,Master Room in 108 Hougang Avenue 1,"$1,200/mo"
77,Room in Primo Residences,"$2,000/mo"
78,Room in Kovan Melody,"$1,900/mo"
79,Common Room in The Garden Residences,"$1,400/mo"
80,Common Room in 222 Serangoon Avenue 4,$800/mo
81,Master Room in 108 Hougang Avenue 1,"$1,200/mo"
82,Common Room in Sennett Estate,"$1,700/mo"
83,Master Room in Jalan Pacheli,"$2,300/mo"
84,Common Room in 39 Flower Road,"$1,300/mo"
85,Common Room in Bliss @ Kovan,"$1,500/mo"
86,Room in Avon Park,"$2,300/mo"
87,Master Room in 124 Serangoon North Avenue 1,"$1,300/mo"
88,Master Room in Kovan Residences,"$2,200/mo"
89,Room in The Tre Ver,"$1,800/mo"
90,Common Room in Sennett Estate,"$1,600/mo"
91,Common Room in Charlton 18,"$1,850/mo"
92,Common Room in Kovan Residences,"$1,800/mo"
93,Common Room in 142 Potong Pasir Avenue 3,"$1,350/mo"
94,Common Room in Bartley Ridge,"$1,350/mo"
95,Room in 120 Potong Pasir Avenue 1,"$1,400/mo"
96,Master Room in Upper Serangoon Road,"$2,600/mo"
97,Room in Goldenhill Park Condominium,"$2,080/mo"
98,Common Room in Kovan Road,"$1,300/mo"
99,Common Room in Avon Park,"$1,620/mo"
100,Common Room in 135 Lorong Ah Soo,$900/mo
101,Master Room in Lowland View,"$2,200/mo"
102,Common Room in Bartley Residences,"$1,550/mo"
103,Master Room in 123 Serangoon North Avenue 1,"$1,500/mo"
104,Common Room in Avon Park,"$1,500/mo"
105,Master Room in Serangoon Garden Estate,"$1,400/mo"
106,Common Room in Jalan Pacheli,"$2,400/mo"
107,Common Room in The Garden Residences,"$1,500/mo"
108,Room in Macpherson Garden Estate,"$1,500/mo"
109,Room in 108 Hougang Avenue 1,"$1,300/mo"
110,Master Room in Goldenhill Villas,"$2,500/mo"
111,Master Room in Sennett Estate,"$1,200/mo"
112,Room in Golden Hill Estate,"$1,500/mo"
113,Common Room in 113 Potong Pasir Avenue 1,$999/mo
114,Common Room in 222 Serangoon Avenue 4,"$1,000/mo"
115,Master Room in Nin Residence,"$2,900/mo"
116,Common Room in Macpherson Garden Estate,"$1,300/mo"
117,Common Room in The Springbloom,"$1,000/mo"
118,Room in Yio Chu Kang Terrace,"$2,400/mo"
119,Master Room in Highland Close,"$2,000/mo"
120,Common Room in 102B Bidadari Park Drive,"$1,300/mo"
