,Property,Price
0,$500/mo,"$2,333/mo"
1,Room in 32 Tras Street,"$3,981/mo"
2,Master Room in Fook Hai Building,"$1,400/mo"
3,Master Room in Icon,"$2,700/mo"
4,Common Room in 2 Tanjong Pagar Plaza,"$1,500/mo"
5,Common Room in The Sail @ Marina Bay,"$2,700/mo"
6,Common Room in 538 Upper Cross Street,"$1,300/mo"
7,Common Room in The Sail @ Marina Bay,"$2,500/mo"
8,Common Room in Emerald Garden,"$2,100/mo"
9,Common Room in Emerald Garden,"$2,300/mo"
10,Common Room in The Sail @ Marina Bay,"$2,700/mo"
11,Master Room in The Sail @ Marina Bay,"$3,000/mo"
12,Master Room in Kreta Ayer Conservation Area,"$4,620/mo"
13,Common Room in Emerald Garden,"$2,100/mo"
14,Common Room in Emerald Garden,"$2,200/mo"
15,Room in Skysuites @ Anson,"$3,000/mo"
16,Common Room in The Sail @ Marina Bay,"$2,500/mo"
17,Common Room in The Sail @ Marina Bay,"$2,500/mo"
18,Common Room in The Sail @ Marina Bay,"$2,500/mo"
19,Common Room in International Plaza,"$1,700/mo"
20,Room in Emerald Garden,"$2,100/mo"
21,Master Room in Emerald Garden,"$2,850/mo"
22,Common Room in 4 Tanjong Pagar Plaza,"$1,500/mo"
23,Master Room in Emerald Garden,"$2,950/mo"
24,Common Room in Emerald Garden,"$2,100/mo"
25,Common Room in Emerald Garden,"$2,250/mo"
26,Common Room in Emerald Garden,"$2,200/mo"
27,Common Room in 333 Kreta Ayer Road,"$3,300/mo"
28,Common Room in 2 Tanjong Pagar Plaza,"$1,500/mo"
29,Master Room in The Sail @ Marina Bay,"$7,000/mo"
30,Common Room in The Sail @ Marina Bay,"$2,800/mo"
31,Common Room in Emerald Garden,"$2,600/mo"
32,Common Room in Emerald Garden,"$2,100/mo"
33,Master Room in Skysuites @ Anson,"$4,388/mo"
34,Room in V On Shenton,"$4,300/mo"
35,Common Room in People's Park Complex,"$1,699/mo"
36,Master Room in The Riverside Piazza,"$1,600/mo"
37,Room in UE Square,"$2,300/mo"
38,Master Room in 107 Spottiswoode Park Road,"$1,600/mo"
39,Common Room in People's Park Complex,"$1,050/mo"
40,Common Room in Spottiswoode Park,"$1,350/mo"
41,Common Room in The Riverside Piazza,"$1,800/mo"
42,Common Room in UE Square,"$2,200/mo"
43,Common Room in 1557 Keppel Road,"$3,500/mo"
44,Common Room in UE Square,"$2,400/mo"
45,Common Room in UE Square,"$2,100/mo"
46,Master Room in UE Square,"$2,200/mo"
47,Room in Raeburn Park,"$3,500/mo"
48,Common Room in 18 Cantonment Close,"$1,600/mo"
49,Master Room in Spottiswoode Park,"$1,200/mo"
50,Room in 1F Cantonment Road,"$1,800/mo"
51,Room in UE Square,"$2,000/mo"
52,Master Room in People's Park Complex,"$1,800/mo"
53,Common Room in 1A Cantonment Road,"$1,900/mo"
54,Common Room in UE Square,"$2,300/mo"
55,Common Room in UE Square,"$2,100/mo"
56,Master Room in People's Park Complex,"$1,500/mo"
57,Common Room in People's Park Complex,"$1,300/mo"
58,Room in 1 Cantonment Road,"$1,949/mo"
59,Master Room in People's Park Complex,"$1,450/mo"
60,Common Room in 1 Cantonment Road,"$1,650/mo"
61,Room in 1F Cantonment Road,"$1,850/mo"
62,Common Room in 8 Cantonment Close,"$1,600/mo"
