,Property,Price
0,Common Room in Apollo Gardens,"$1,500/mo"
1,Common Room in Simei Green Condominium,"$1,300/mo"
2,Common Room in 242 Simei Street 5,"$1,200/mo"
3,Common Room in Eastpoint Green,"$1,400/mo"
4,Master Room in Simei Green Condominium,"$1,900/mo"
5,Common Room in Eastpoint Green,"$1,450/mo"
6,Common Room in Eastpoint Green,"$1,850/mo"
7,Master Room in Eastpoint Green,"$2,650/mo"
8,Master Room in Eastpoint Green,"$2,600/mo"
9,Common Room in 149 Simei Street 1,"$1,600/mo"
10,Master Room in 113 Tampines Street 11,"$1,299/mo"
11,Common Room in 244 Simei Street 5,"$1,380/mo"
12,Common Room in 163 Tampines Street 12,"$1,000/mo"
13,Common Room in Tropicana Condominium,"$1,500/mo"
14,Room in Melville Park,"$1,349/mo"
15,Common Room in Harvey Crescent,$800/mo
16,Master Room in Simei Green Condominium,"$2,800/mo"
17,Master Room in Simei Green Condominium,"$2,800/mo"
18,Master Room in Simei Green Condominium,"$2,800/mo"
19,Master Room in Simei Green Condominium,"$2,800/mo"
20,Master Room in Simei Green Condominium,"$2,800/mo"
21,Master Room in Simei Green Condominium,"$2,800/mo"
22,Master Room in Simei Green Condominium,"$2,800/mo"
23,Master Room in Simei Green Condominium,"$2,800/mo"
24,Common Room in Eastpoint Green,"$1,580/mo"
25,Master Room in Simei Green Condominium,"$2,800/mo"
26,Master Room in Simei Green Condominium,"$1,800/mo"
27,Common Room in Golden Shower Park,"$1,800/mo"
28,Common Room in Eastpoint Green,"$2,749/mo"
29,Common Room in Tropicana Condominium,"$1,500/mo"
30,Common Room in Simei Green Condominium,"$1,680/mo"
31,Master Room in Simei Green Condominium,"$2,680/mo"
32,Common Room in 246 Simei Street 5,$750/mo
33,Common Room in Simei Green Condominium,"$1,449/mo"
34,Common Room in 230 Simei Street 4,"$1,150/mo"
35,Common Room in Simei Green Condominium,"$1,450/mo"
36,Master Room in Simei Green Condominium,"$2,800/mo"
37,Master Room in Eastpoint Green,"$2,800/mo"
38,Master Room in Modena,"$1,350/mo"
39,Common Room in Eastpoint Green,"$1,600/mo"
40,Common Room in 275 Tampines Street 22,$900/mo
41,Master Room in Eastpoint Green,"$2,650/mo"
42,Master Room in Simei Green Condominium,"$2,800/mo"
43,Common Room in Simei Green Condominium,"$1,800/mo"
44,Common Room in Eastpoint Green,"$1,580/mo"
45,Common Room in Melville Park,"$1,350/mo"
46,Room in Melville Park,"$1,550/mo"
47,Room in Simei Green Condominium,"$1,700/mo"
48,Room in 113 Simei Street 1,"$1,600/mo"
49,Common Room in 273 Tampines Street 22,$900/mo
50,Common Room in 253 Simei Street 1,"$1,000/mo"
51,Common Room in Melville Park,$800/mo
52,Common Room in Sunbird Park,"$1,600/mo"
53,Common Room in 230 Simei Street 4,"$1,400/mo"
54,Room in 233 Simei Street 4,"$1,500/mo"
55,Room in Simei Green Condominium,"$1,550/mo"
56,Room in Eastpoint Green,"$1,731/mo"
57,Common Room in 244 Simei Street 5,"$1,300/mo"
58,Common Room in 230 Simei Street 4,"$1,200/mo"
59,Master Room in Eastpoint Green,"$2,500/mo"
60,Common Room in Simei Green Condominium,"$2,000/mo"
61,Common Room in 230 Simei Street 4,"$1,150/mo"
62,Room in 244 Simei Street 5,"$1,380/mo"
63,Common Room in Eastpoint Green,"$2,000/mo"
64,Common Room in Eastpoint Green,"$1,488/mo"
65,Room in Eastpoint Green,"$1,400/mo"
66,Master Room in Eastpoint Green,"$1,680/mo"
67,Common Room in Eastpoint Green,"$2,000/mo"
68,Common Room in 160 Simei Road,"$1,150/mo"
69,Common Room in Eastpoint Green,"$1,680/mo"
70,Common Room in Eastpoint Green,"$1,280/mo"
71,Common Room in 280 Tampines Street 22,"$1,400/mo"
72,Common Room in Eastpoint Green,"$2,200/mo"
73,Common Room in 244 Simei Street 5,"$1,300/mo"
74,Common Room in 165 Simei Road,"$1,400/mo"
75,Room in 244 Simei Street 5,"$1,200/mo"
76,Master Room in 226 Simei Street 4,"$1,600/mo"
77,Common Room in Simei Green Condominium,"$1,600/mo"
78,Master Room in Simei Green Condominium,"$1,550/mo"
79,Master Room in Melville Park,"$2,300/mo"
80,Room in Melville Park,"$1,180/mo"
81,Common Room in 285 Tampines Street 22,$900/mo
82,Room in Eastpoint Green,"$1,280/mo"
83,Master Room in Simei Green Condominium,"$1,650/mo"
84,Room in Melville Park,"$1,280/mo"
85,Room in Eastpoint Green,"$2,488/mo"
86,Room in 122 Simei Street 1,"$1,600/mo"
87,Room in 122 Simei Street 1,"$1,200/mo"
88,Room in Melville Park,"$1,550/mo"
89,Room in Eastpoint Green,"$1,488/mo"
90,Common Room in Apollo Gardens,"$1,900/mo"
91,Room in 158 Simei Road,$900/mo
92,Common Room in Simei Green Condominium,"$1,550/mo"
93,Common Room in Eastpoint Green,"$1,450/mo"
94,Common Room in Eastpoint Green,"$1,499/mo"
95,Common Room in Simei Green Condominium,"$2,180/mo"
96,Common Room in Simei Green Condominium,"$1,290/mo"
97,Common Room in Eastpoint Green,"$2,400/mo"
98,Master Room in 130 Simei Street 1,$900/mo
99,Room in Eastpoint Green,"$2,400/mo"
100,Room in Eastpoint Green,"$1,680/mo"
101,Room in Eastpoint Green,"$2,688/mo"
102,Common Room in Simei Green Condominium,"$1,450/mo"
103,Common Room in Melville Park,"$1,499/mo"
104,Common Room in Simei Green Condominium,"$1,350/mo"
105,Room in Simei Green Condominium,"$1,400/mo"
106,Room in 168A Simei Lane,"$1,250/mo"
107,Common Room in Upper Changi Road East,"$1,200/mo"
108,Room in Eastpoint Green,"$1,280/mo"
109,Common Room in Eastpoint Green,"$1,680/mo"
110,Master Room in Eastpoint Green,"$1,480/mo"
111,Master Room in 230 Simei Street 4,"$1,500/mo"
112,Master Room in Simei Green Condominium,"$1,600/mo"
113,Master Room in Simei Green Condominium,"$1,600/mo"
114,Common Room in Eastpoint Green,"$1,288/mo"
115,Common Room in Eastpoint Green,"$1,688/mo"
116,Master Room in Eastpoint Green,"$2,488/mo"
117,Room in Eastpoint Green,"$1,580/mo"
118,Common Room in Melville Park,"$1,300/mo"
119,Common Room in Simei Green Condominium,"$1,813/mo"
120,Room in Eastpoint Green,"$1,588/mo"
121,Common Room in 125 Tampines Street 11,"$1,200/mo"
122,Common Room in Savannah Condopark,"$1,190/mo"
123,Common Room in Changi Court,"$1,290/mo"
124,Master Room in 255 Tampines Street 21,"$1,800/mo"
125,Master Room in 243 Tampines Street 21,"$1,400/mo"
126,Common Room in 93 Bedok North Avenue 4,$988/mo
127,Common Room in 160 Tampines Street 12,"$1,500/mo"
128,Master Room in 253 Tampines Street 21,"$1,400/mo"
129,Common Room in 503 Tampines Central 1,$800/mo
130,Common Room in Changi Court,"$1,280/mo"
131,Master Room in Ferraria Park Condominium,"$1,700/mo"
132,Common Room in Sunhaven,"$1,350/mo"
133,Common Room in Changi Court,"$1,350/mo"
134,Common Room in Changi Court,"$1,200/mo"
135,Common Room in 214 Tampines Street 23,"$1,200/mo"
136,Common Room in The Eden At Tampines,"$1,250/mo"
137,Master Room in 363 Tampines Street 34,"$1,500/mo"
138,Common Room in East Meadows,"$1,350/mo"
139,Common Room in Changi Court,"$1,050/mo"
140,Common Room in Changi Court,"$1,450/mo"
141,Common Room in Sunhaven,"$1,250/mo"
142,Common Room in East Meadows,"$1,300/mo"
143,Common Room in 408 Tampines Street 41,$450/mo
144,Common Room in The Springfield,"$1,500/mo"
145,Master Room in Changi Court,"$1,900/mo"
146,Common Room in 94D Bedok North Avenue 4,"$1,200/mo"
147,Master Room in East Meadows,"$1,700/mo"
148,Common Room in 227 Tampines Street 23,$850/mo
149,Master Room in 392 Tampines Avenue 7,"$1,700/mo"
150,Common Room in Cascadale,$980/mo
151,Common Room in Tanamera Crest,"$1,250/mo"
152,Common Room in 381 Tampines Street 32,"$1,300/mo"
153,Common Room in Stratford Court,"$1,280/mo"
154,Room in Siew Lim Park,"$2,200/mo"
155,Common Room in Savannah Condopark,"$1,200/mo"
156,Common Room in Savannah Condopark,"$1,300/mo"
157,Common Room in Summer Gardens,"$1,100/mo"
158,Common Room in 212 Tampines Street 23,"$1,000/mo"
159,Common Room in The Eden At Tampines,"$1,450/mo"
160,Common Room in East Meadows,"$1,400/mo"
161,Common Room in Ferraria Park Condominium,"$1,200/mo"
162,Common Room in Savannah Condopark,"$1,190/mo"
163,Common Room in 305 Tampines Street 32,"$1,000/mo"
164,Master Room in Parc Olympia,"$2,490/mo"
165,Common Room in Parc Olympia,"$1,650/mo"
166,Master Room in Tanamera Crest,"$1,200/mo"
167,Common Room in Ferraria Park Condominium,"$1,350/mo"
168,Common Room in Ferraria Park Condominium,"$1,200/mo"
169,Common Room in Savannah Condopark,"$1,190/mo"
170,Common Room in Changi Court,"$1,350/mo"
171,Common Room in 212 Tampines Street 23,"$1,000/mo"
172,Room in Changi Court,"$1,500/mo"
173,Common Room in Changi Court,"$1,600/mo"
174,Master Room in 938 Tampines Avenue 5,"$1,500/mo"
175,Common Room in 147 Tampines Avenue 5,$900/mo
176,Master Room in The Glades,"$2,100/mo"
177,Room in 475 Tampines Street 44,"$1,300/mo"
178,Room in Palm Isles,"$1,800/mo"
179,Common Room in Changi Court,"$1,600/mo"
180,Master Room in 938 Tampines Avenue 5,"$1,500/mo"
181,Room in Bedok Road,"$1,900/mo"
182,Common Room in East Meadows,"$1,400/mo"
183,Master Room in Seagull Walk,"$2,000/mo"
184,Master Room in 439 Tampines Street 43,"$1,500/mo"
185,Master Room in Parc Olympia,"$2,680/mo"
186,Common Room in Siew Lim Park,"$2,200/mo"
187,Room in Changi South Avenue 1,"$1,200/mo"
188,Common Room in East Meadows,"$1,300/mo"
189,Room in 932 Tampines Street 91,$850/mo
190,Common Room in The Glades,"$1,600/mo"
191,Common Room in 406 Tampines Street 41,"$1,150/mo"
192,Common Room in 773 Bedok Reservoir View,"$1,000/mo"
193,Room in 406 Tampines Street 41,"$1,200/mo"
194,Room in 93 Bedok North Avenue 4,$900/mo
195,Master Room in East Meadows,"$1,650/mo"
196,Common Room in Savannah Condopark,"$1,190/mo"
197,Common Room in Changi Court,"$1,500/mo"
198,Common Room in Ferraria Park Condominium,"$1,600/mo"
199,Room in Changi Court,"$1,350/mo"
200,Master Room in 924 Tampines Street 91,"$1,200/mo"
201,Room in East Village,"$1,800/mo"
202,Master Room in Ferraria Park Condominium,"$1,200/mo"
203,Master Room in 406 Tampines Street 41,"$1,700/mo"
204,Master Room in 251 Tampines Street 21,"$1,600/mo"
205,Common Room in Palm Isles,"$1,200/mo"
206,Common Room in 233 Tampines Street 21,$900/mo
207,Room in 240 Tampines Street 21,"$1,350/mo"
208,Room in 240 Tampines Street 21,"$1,350/mo"
209,Room in 406 Tampines Street 41,$900/mo
210,Master Room in The Eden At Tampines,"$1,500/mo"
211,Common Room in East Meadows,"$1,350/mo"
212,Master Room in 213 Tampines Street 23,"$1,600/mo"
213,Common Room in 340 Tampines Street 33,"$1,100/mo"
214,Common Room in 364 Tampines Street 34,"$1,150/mo"
215,Master Room in 364 Tampines Street 34,"$1,400/mo"
216,Master Room in Tanamera Crest,"$1,900/mo"
217,Common Room in 259 Tampines Street 21,$900/mo
218,Common Room in 801 Tampines Avenue 4,$900/mo
219,Common Room in 269 Tampines Street 21,"$1,050/mo"
220,Common Room in 404 Tampines Street 41,"$1,100/mo"
221,Room in East Meadows,"$1,350/mo"
222,Master Room in 144 Tampines Street 12,"$1,500/mo"
223,Common Room in 911 Tampines Street 91,$950/mo
224,Common Room in 464 Tampines Street 44,"$1,400/mo"
225,Common Room in 453 Tampines Street 42,$700/mo
226,Room in 410 Tampines Street 41,$900/mo
227,Common Room in Summer Gardens,$900/mo
228,Master Room in 358 Tampines Street 33,"$1,500/mo"
229,Master Room in The Glades,"$6,200/mo"
