,Property,Price
0,Master Room in Sixth Avenue Centre,"$1,600/mo"
1,Common Room in Turf Club Road,"$6,500/mo"
2,Master Room in Orchid Apartments,"$1,200/mo"
3,Common Room in Victoria Park Road,"$2,800/mo"
4,Common Room in Victoria Park Road,"$2,800/mo"
5,Master Room in Victoria Park Close,"$2,900/mo"
6,Master Room in Dynasty Garden,"$2,000/mo"
7,Room in Lutheran Road,"$1,600/mo"
8,Master Room in Victoria Park Close,"$2,600/mo"
9,Common Room in Ming Teck Park,"$2,200/mo"
10,Master Room in Watten Estate,"$3,800/mo"
11,Room in Lutheran Road,"$1,600/mo"
12,Common Room in Shelford Suites,"$1,900/mo"
13,Common Room in Victoria Park Close,"$2,800/mo"
14,Common Room in One Duchess,"$2,500/mo"
15,Master Room in Mayfair Modern,"$2,500/mo"
16,Master Room in Dynasty Garden,"$2,000/mo"
17,Common Room in 8A Empress Road,"$1,300/mo"
18,Room in 2 Queen's Road,"$1,500/mo"
19,Common Room in Dynasty Garden,"$2,500/mo"
20,Master Room in Dynasty Garden,"$2,000/mo"
21,Master Room in The Tresor,"$2,900/mo"
