,Property,Price
0,Room in 22 Cavenagh Road,"$3,334/mo"
1,Room in OG Orchard Point,"$8,833/mo"
2,Room in Far East Plaza,"$1,667/mo"
3,Common Room in Top Ten,"$2,300/mo"
4,Master Room in Orchard Court,"$2,000/mo"
5,Common Room in Kimsia Park,"$1,500/mo"
6,Common Room in UE Square,"$1,950/mo"
7,Master Room in Tiara,"$2,600/mo"
8,Master Room in Kimsia Court,"$2,100/mo"
9,Common Room in Kimsia Court,"$1,700/mo"
10,Master Room in Emerald Hill Conservation Area,"$2,000/mo"
11,Master Room in One Oxley Rise,"$2,300/mo"
12,Common Room in UE Square,"$1,950/mo"
13,Master Room in Orchard Court,"$2,000/mo"
14,Common Room in Cavenagh Gardens,"$1,100/mo"
15,Common Room in Euro-Asia Court,"$1,450/mo"
16,Master Room in Euro-Asia Court,"$2,600/mo"
17,Common Room in Elizabeth Towers,"$1,800/mo"
18,Master Room in Langston Ville,"$2,700/mo"
19,Common Room in Oleanas Residence,"$1,900/mo"
20,Common Room in Euro-Asia Court,"$1,250/mo"
21,Common Room in Kimsia Court,"$1,700/mo"
22,Common Room in Kimsia Court,"$1,300/mo"
23,Common Room in UE Square,"$1,950/mo"
24,Common Room in UE Square,"$1,950/mo"
25,Common Room in River Valley Court,"$1,280/mo"
26,Common Room in Cavenagh Gardens,"$1,480/mo"
27,Common Room in Kimsia Court,"$1,508/mo"
28,Room in Langston Ville,"$2,700/mo"
29,Master Room in Elizabeth Heights,"$2,000/mo"
30,Room in Fraser Residence Singapore,"$2,900/mo"
31,Room in UE Square,"$2,300/mo"
32,Common Room in Riverdale Residence,"$1,800/mo"
33,Room in Illuminaire On Devonshire,"$4,000/mo"
34,Master Room in Cavenagh Gardens,"$1,300/mo"
35,Common Room in UE Square,"$2,200/mo"
36,Room in Sophia Hills,"$2,400/mo"
37,Common Room in Kimsia Court,"$1,400/mo"
38,Common Room in Aspen Heights,"$1,500/mo"
39,Common Room in Lloyd Mansion,"$2,000/mo"
40,Common Room in Aspen Heights,"$1,200/mo"
41,Common Room in Yong An Park,"$1,650/mo"
42,Common Room in Lucky Plaza,"$1,988/mo"
43,Common Room in UE Square,"$2,400/mo"
44,Common Room in UE Square,"$2,100/mo"
45,Common Room in Tiara,"$1,000/mo"
46,Common Room in Wilkie Court,"$1,250/mo"
47,Master Room in UE Square,"$2,200/mo"
48,Master Room in One Oxley Rise,"$2,300/mo"
49,Master Room in Fraser Residence Singapore,"$2,900/mo"
50,Room in UE Square,"$2,000/mo"
51,Room in Sophia Hills,"$2,500/mo"
52,Common Room in Fraser Residence Singapore,"$2,800/mo"
53,Common Room in Hollywood Apartments,"$1,550/mo"
54,Room in Fraser Residence Singapore,"$2,900/mo"
55,Master Room in Fraser Residence Singapore,"$2,900/mo"
56,Common Room in UE Square,"$2,300/mo"
57,Common Room in UE Square,"$2,100/mo"
58,Room in Fraser Residence Singapore,"$2,900/mo"
59,Room in The Metz,"$5,500/mo"
60,Master Room in Fraser Residence Singapore,"$2,900/mo"
61,Common Room in Horizon Towers,"$1,700/mo"
62,Master Room in Kimsia Court,"$2,500/mo"
63,Room in 8 St Thomas,"$8,000/mo"
64,Room in Cairnhill Nine,"$8,000/mo"
65,Room in OUE Twin Peaks,"$5,300/mo"
66,Common Room in Lucky Plaza,"$2,200/mo"
67,Master Room in Fraser Residence Singapore,"$2,900/mo"
68,Room in Sophia Hills,"$2,700/mo"
69,Room in Fraser Residence Singapore,"$3,800/mo"
70,Room in Fraser Residence Singapore,"$3,200/mo"
71,Room in Fraser Residence Singapore,"$2,900/mo"
72,Common Room in Cavenagh Gardens,"$1,680/mo"
73,Room in 48 Bencoolen Street,"$4,333/mo"
74,Room in Kreta Ayer Conservation Area,"$2,333/mo"
75,Room in Furama City Centre Singapore,"$4,600/mo"
76,Room in 12 Queen Street,"$5,000/mo"
77,Room in Green World,"$3,167/mo"
78,Common Room in Orchard Towers,"$1,438/mo"
79,Common Room in People's Park Complex,"$1,200/mo"
80,Master Room in The Riverside Piazza,"$1,600/mo"
81,Common Room in 77 Indus Road,"$1,200/mo"
82,Master Room in Fook Hai Building,"$1,400/mo"
83,Common Room in 2 Delta Avenue,"$1,500/mo"
84,Master Room in 12 Farrer Park Road,"$2,000/mo"
85,Master Room in Peace Centre/Peace Mansion / Peace Centre,"$1,500/mo"
86,Common Room in Peace Centre/Peace Mansion / Peace Centre,"$1,100/mo"
87,Common Room in People's Park Complex,"$1,100/mo"
88,Master Room in Former Peace Centre/Peace Mansion,"$2,500/mo"
89,Common Room in 56 Havelock Road,"$1,200/mo"
90,Common Room in 55 Tiong Bahru Road,"$2,000/mo"
91,Common Room in Bencoolen House,"$1,600/mo"
92,Room in Furama City Centre Singapore,"$3,300/mo"
93,Common Room in 668 Chander Road,"$2,800/mo"
94,Common Room in The Riverside Piazza,"$1,600/mo"
95,Master Room in Gloucester Mansions,"$2,700/mo"
96,Common Room in People's Park Complex,"$1,200/mo"
97,Common Room in People's Park Complex,"$1,699/mo"
98,Common Room in People's Park Complex,"$2,000/mo"
99,Master Room in Balmoral Luck,"$1,900/mo"
100,Common Room in 538 Upper Cross Street,"$1,300/mo"
101,Common Room in Parc Centennial,"$2,250/mo"
102,Room in Studio 3,"$4,000/mo"
103,Room in Studio 3,"$4,000/mo"
104,Room in The Scotts Tower,"$5,150/mo"
105,Master Room in Kreta Ayer Conservation Area,"$4,620/mo"
106,Master Room in Burlington Square,"$2,500/mo"
107,Common Room in Burlington Square,"$1,900/mo"
108,Common Room in People's Park Complex,"$1,699/mo"
109,Common Room in People's Park Complex,"$1,200/mo"
110,Common Room in People's Park Complex,"$1,699/mo"
111,Room in 54 Havelock Road,"$1,100/mo"
112,Room in 668 Chander Road,"$1,488/mo"
113,Common Room in The Lincoln Residences,"$1,450/mo"
114,Room in 4B Boon Tiong Road,"$1,300/mo"
115,Master Room in The Riverside Piazza,"$1,600/mo"
116,Common Room in Orchard Towers,"$2,800/mo"
117,Common Room in Great World City,"$1,950/mo"
118,Master Room in Mirage Tower,"$2,700/mo"
119,Common Room in People's Park Complex,"$1,050/mo"
120,Room in Lion Towers,"$1,500/mo"
121,Common Room in The Lincoln Residences,"$1,600/mo"
122,Common Room in Race Course Mansion,"$1,600/mo"
123,Common Room in 232 Bain Street,"$1,418/mo"
124,Common Room in The Bencoolen,"$1,950/mo"
125,Common Room in Little India Conservation Area,"$6,500/mo"
126,Room in 2 Delta Avenue,"$1,400/mo"
127,Master Room in 25 Truro Road,"$2,288/mo"
128,Master Room in Rising Suites,"$1,400/mo"
129,Master Room in Burlington Square,"$2,500/mo"
130,Common Room in The Riverside Piazza,"$1,800/mo"
131,Common Room in 12 Farrer Park Road,"$1,500/mo"
132,Master Room in Kai Fook Mansion,"$2,000/mo"
133,Common Room in Kai Fook Mansion,"$1,500/mo"
134,Master Room in Kai Fook Mansion,"$2,500/mo"
135,Common Room in Mirage Tower,"$1,850/mo"
136,Common Room in Orchard Towers,"$2,000/mo"
137,Master Room in 22 Havelock Road,"$1,800/mo"
138,Common Room in Niven Road,"$1,200/mo"
139,Common Room in Sunshine Plaza,"$1,000/mo"
140,Common Room in Burlington Square,"$1,400/mo"
141,Common Room in 22 Havelock Road,"$1,300/mo"
142,Room in 269B Queen Street,"$1,400/mo"
143,Master Room in Buckley Road,"$16,000/mo"
144,Common Room in 22 Havelock Road,"$1,350/mo"
145,Master Room in Sophia Crest,"$2,400/mo"
146,Common Room in Burlington Square,"$1,900/mo"
147,Master Room in Burlington Square,"$2,600/mo"
148,Master Room in Little India Conservation Area,"$2,000/mo"
149,Room in The Scotts Tower,"$5,150/mo"
150,Room in Burlington Square,"$1,800/mo"
151,Common Room in Burlington Square,"$1,800/mo"
152,Master Room in Burlington Square,"$2,600/mo"
153,Master Room in River Valley Apartments,"$2,200/mo"
154,Common Room in Kellock Lodge,"$1,500/mo"
155,Room in Mackenzie 88,"$3,500/mo"
156,Common Room in Emerald Park,"$1,090/mo"
157,Master Room in 9A Boon Tiong Road,"$1,600/mo"
158,Common Room in River Valley Road,"$2,100/mo"
159,Common Room in River Valley Road,"$1,600/mo"
160,Common Room in Jalan Arnap,"$2,000/mo"
161,Common Room in The Mkz,"$1,680/mo"
162,Master Room in People's Park Complex,"$1,800/mo"
163,Room in Wilkie Apartments,"$2,350/mo"
164,Room in Mirage Tower,"$2,700/mo"
165,Master Room in 66 Eng Watt Street,"$2,600/mo"
166,Room in 232 Bain Street,"$1,500/mo"
167,Master Room in People's Park Complex,"$1,500/mo"
168,Common Room in Kai Fook Mansion,"$1,590/mo"
169,Common Room in People's Park Complex,"$1,300/mo"
170,Master Room in Liv On Wilkie,"$2,500/mo"
171,Master Room in 38 Beo Crescent,"$2,200/mo"
172,Room in Spring Grove,"$2,488/mo"
173,Common Room in Hoot Kiam Mansion,"$1,700/mo"
174,Master Room in Delfi Orchard,"$2,588/mo"
175,Master Room in Orchard Hotel Singapore,"$2,588/mo"
176,Master Room in People's Park Complex,"$1,450/mo"
177,Room in 8 Selegie Road,"$1,200/mo"
178,Common Room in Race Course Mansion,"$1,800/mo"
179,Room in Emerald Park,"$1,688/mo"
180,Room in 38 Beo Crescent,"$1,300/mo"
181,Common Room in Rainbow Mansions,"$2,800/mo"
182,Common Room in 263 Waterloo Street,"$1,400/mo"
183,Master Room in Bencoolen House,"$2,200/mo"
184,Master Room in Beach Road Conservation Area,"$3,800/mo"
185,Common Room in 22 Havelock Road,$500/mo
186,Common Room in Former Peace Centre/Peace Mansion,"$2,300/mo"
187,Common Room in 5 Delta Avenue,"$1,100/mo"
188,Common Room in 5 Delta Avenue,$800/mo
189,Room in The Bencoolen,"$2,600/mo"
