,Property,Price
0,Master Room in Bellewaters,"$1,500/mo"
1,Common Room in 256D Sumang Walk,$900/mo
2,Common Room in 310B Punggol Walk,"$1,200/mo"
3,Common Room in 295C Compassvale Crescent,"$1,000/mo"
4,Common Room in 266C Punggol Way,"$1,200/mo"
5,Common Room in 308C Punggol Walk,$850/mo
6,Common Room in 313C Sumang Link,$900/mo
7,Common Room in 313C Sumang Link,$900/mo
8,Common Room in 293C Compassvale Crescent,"$1,100/mo"
9,Master Room in Twin Waterfalls,"$1,500/mo"
10,Common Room in 296B Compassvale Crescent,$800/mo
11,Master Room in 294 Punggol Central,"$2,000/mo"
12,Master Room in A Treasure Trove,"$1,500/mo"
13,Common Room in 213A Punggol Walk,"$1,000/mo"
14,Master Room in Prive,"$2,200/mo"
15,Common Room in 261B Punggol Way,$800/mo
16,Common Room in The Vales,"$1,600/mo"
17,Room in 314B Punggol Way,"$1,600/mo"
18,Common Room in 286C Compassvale Crescent,"$1,500/mo"
19,Common Room in 314A Punggol Way,$800/mo
20,Common Room in 217B Sumang Walk,$850/mo
21,Room in 296A Compassvale Crescent,"$1,100/mo"
22,Master Room in 308C Punggol Walk,"$1,800/mo"
23,Common Room in 302B Punggol Place,$850/mo
24,Room in 299 Punggol Central,"$1,200/mo"
25,Common Room in 271C Punggol Walk,"$1,100/mo"
26,Common Room in 269C Punggol Field,"$1,400/mo"
27,Master Room in 256D Sumang Walk,$900/mo
28,Common Room in Treasure Crest,$600/mo
29,Master Room in 211D Punggol Walk,"$1,200/mo"
30,Common Room in A Treasure Trove,"$1,500/mo"
31,Common Room in Bellewaters,"$1,200/mo"
32,Master Room in 211D Punggol Walk,"$1,350/mo"
33,Common Room in 207B Punggol Place,"$1,000/mo"
34,Room in 208B Punggol Place,"$1,400/mo"
35,Common Room in 228B Punggol Field,$800/mo
36,Master Room in 314B Punggol Way,"$1,400/mo"
37,Common Room in 220C Sumang Lane,$900/mo
38,Common Room in Ecopolitan,"$1,800/mo"
39,Room in 299 Punggol Central,"$1,000/mo"
40,Common Room in A Treasure Trove,"$1,500/mo"
41,Common Room in 256B Sumang Walk,$900/mo
42,Common Room in A Treasure Trove,"$1,750/mo"
43,Common Room in Parc Centros,"$2,000/mo"
44,Common Room in 209C Punggol Place,$850/mo
45,Common Room in 269B Punggol Field,"$1,000/mo"
46,Common Room in The Vales,"$1,600/mo"
47,Room in Twin Waterfalls,"$1,300/mo"
48,Master Room in Twin Waterfalls,"$1,250/mo"
49,Common Room in Treasure Crest,"$1,200/mo"
50,Master Room in 228B Punggol Field,"$1,500/mo"
51,Common Room in 273D Punggol Place,"$1,000/mo"
52,Common Room in The Vales,"$1,000/mo"
53,Common Room in 224A Compassvale Walk,"$1,000/mo"
54,Common Room in 202A Punggol Field,"$1,000/mo"
55,Common Room in 195C Punggol Road,"$1,200/mo"
56,Common Room in The Amore,"$1,200/mo"
57,Common Room in 107D Edgefield Plains,"$1,000/mo"
58,Common Room in 124B Rivervale Drive,$700/mo
59,Master Room in 313D Anchorvale Road,"$1,200/mo"
60,Common Room in 216A Compassvale Drive,"$1,100/mo"
61,Common Room in 250D Compassvale Street,"$1,100/mo"
62,Common Room in 622C Punggol Central,$900/mo
63,Master Room in Compass Heights,"$1,850/mo"
64,Common Room in 225B Compassvale Walk,$850/mo
65,Master Room in Beauty Garden,"$3,000/mo"
66,Master Room in Beauty Garden,"$2,800/mo"
67,Common Room in 331C Anchorvale Street,$900/mo
68,Common Room in 612C Punggol Drive,$850/mo
69,Common Room in 632B Punggol Drive,$900/mo
70,Common Room in Compass Heights,"$1,200/mo"
71,Common Room in 187 Punggol Central,$800/mo
72,Master Room in 228C Compassvale Walk,"$1,600/mo"
73,Master Room in Beauty Garden,"$3,000/mo"
74,Master Room in Beauty Garden,"$2,800/mo"
75,Common Room in Rivervale Crest,"$1,300/mo"
76,Master Room in 233 Compassvale Walk,$950/mo
77,Master Room in 406C Northshore Drive,"$1,900/mo"
78,Room in Compass Heights,"$1,300/mo"
79,Master Room in 188C Rivervale Drive,$900/mo
80,Common Room in 624A Punggol Central,$850/mo
81,Common Room in The Amore,"$1,100/mo"
82,Common Room in 635C Punggol Drive,$950/mo
83,Room in 305D Punggol Drive,$950/mo
84,Room in 406C Northshore Drive,"$1,900/mo"
85,Common Room in 142 Rivervale Crescent,"$1,200/mo"
86,Common Room in 239 Compassvale Walk,"$1,000/mo"
87,Common Room in 668B Edgefield Plains,"$1,300/mo"
88,Master Room in Compass Heights,"$1,200/mo"
89,Room in 224A Compassvale Walk,"$1,000/mo"
90,Room in 678C Punggol Drive,$900/mo
91,Room in 334B Anchorvale Crescent,"$1,800/mo"
92,Common Room in 111 Edgefield Plains,"$1,000/mo"
93,Common Room in 216B Compassvale Drive,"$1,200/mo"
94,Common Room in 216B Compassvale Drive,"$1,200/mo"
95,Master Room in 102B Punggol Field,"$1,000/mo"
96,Room in 306C Anchorvale Link,"$1,000/mo"
97,Common Room in 104B Edgefield Plains,$900/mo
98,Room in 258D Compassvale Road,"$1,500/mo"
99,Room in 104B Edgefield Plains,$900/mo
100,Master Room in 325B Sengkang East Way,"$1,500/mo"
101,Common Room in 230 Compassvale Walk,$950/mo
102,Common Room in 322A Anchorvale Drive,$900/mo
103,Room in 244 Compassvale Road,"$1,400/mo"
104,Common Room in 201A Compassvale Drive,$850/mo
105,Common Room in 320B Anchorvale Drive,$900/mo
106,Master Room in 402A Northshore Drive,"$1,600/mo"
107,Common Room in 185A Rivervale Crescent,$900/mo
108,Common Room in 622C Punggol Central,"$1,200/mo"
109,Master Room in 351A Anchorvale Road,"$1,600/mo"
110,Common Room in 104B Edgefield Plains,$900/mo
111,Common Room in 612C Punggol Drive,$950/mo
112,Room in 613D Punggol Drive,$950/mo
113,Common Room in 216A Compassvale Drive,"$1,100/mo"
114,Common Room in 292A Compassvale Street,"$1,200/mo"
115,Room in 425 Northshore Crescent,"$1,200/mo"
116,Common Room in Waterbay,"$1,360/mo"
117,Common Room in 105B Edgefield Plains,$950/mo
118,Common Room in 319A Anchorvale Drive,$900/mo
119,Common Room in La Fiesta,"$1,888/mo"
120,Master Room in 332B Anchorvale Link,"$2,200/mo"
121,Common Room in 612C Punggol Drive,$850/mo
122,Master Room in 196D Punggol Field,"$1,200/mo"
123,Common Room in Waterbay,"$1,500/mo"
124,Common Room in 322B Anchorvale Drive,"$1,100/mo"
125,Room in 261A Sengkang East Way,"$1,100/mo"
126,Common Room in 672A Edgefield Plains,$850/mo
127,Common Room in Compass Heights,"$1,400/mo"
128,Common Room in 619C Punggol Drive,$850/mo
129,Room in La Fiesta,"$3,688/mo"
130,Common Room in 261D Sengkang East Way,"$1,000/mo"
131,Common Room in 322A Anchorvale Drive,"$1,200/mo"
132,Room in 406 Northshore Drive,"$1,500/mo"
133,Common Room in 322A Anchorvale Drive,$850/mo
134,Common Room in 319B Anchorvale Drive,$600/mo
135,Room in 351A Anchorvale Road,"$1,800/mo"
136,Common Room in 334B Anchorvale Crescent,"$1,500/mo"
137,Room in 196C Punggol Field,"$1,300/mo"
138,Room in 175C Punggol Field,"$1,000/mo"
139,Common Room in Compass Heights,"$1,300/mo"
140,Common Room in 670C Edgefield Plains,$900/mo
141,Master Room in 155 Rivervale Crescent,"$1,600/mo"
142,Common Room in 195D Punggol Road,"$1,100/mo"
143,Common Room in 186D Rivervale Drive,"$1,000/mo"
144,Common Room in 297B Compassvale Street,$800/mo
145,Common Room in 305D Punggol Drive,$950/mo
146,Master Room in 105A Edgefield Plains,"$1,100/mo"
147,Room in 185D Rivervale Crescent,"$1,000/mo"
148,Room in 216A Compassvale Drive,"$1,100/mo"
149,Common Room in 313B Anchorvale Road,$990/mo
150,Room in 101A Punggol Field,"$1,500/mo"
