,Property,Price
0,Common Room in 296 Choa Chu Kang Avenue 2,$600/mo
1,Common Room in 132 Choa Chu Kang Avenue 1,$900/mo
2,Common Room in 205 Choa Chu Kang Central,$850/mo
3,Common Room in 230 Choa Chu Kang Central,$700/mo
4,Common Room in Northvale,"$1,190/mo"
5,Common Room in Sol Acres,"$1,300/mo"
6,Common Room in 476C Choa Chu Kang Avenue 5,"$1,100/mo"
7,Master Room in 432 Choa Chu Kang Avenue 4,"$1,500/mo"
8,Common Room in 488B Choa Chu Kang Avenue 5,$750/mo
9,Common Room in Northvale,"$1,200/mo"
10,Common Room in Northvale,"$1,300/mo"
11,Common Room in 354 Choa Chu Kang Central,"$1,000/mo"
12,Common Room in 230 Choa Chu Kang Central,$800/mo
13,Common Room in 802B Keat Hong Close,$900/mo
14,Master Room in 476B Choa Chu Kang Avenue 5,"$1,600/mo"
15,Common Room in 132 Choa Chu Kang Avenue 1,$900/mo
16,Common Room in iNZ Residence,"$1,250/mo"
17,Common Room in 489D Choa Chu Kang Avenue 5,$950/mo
18,Master Room in 231 Choa Chu Kang Central,"$1,400/mo"
19,Master Room in Sol Acres,"$1,180/mo"
20,Common Room in 801C Keat Hong Close,$850/mo
21,Common Room in 307 Choa Chu Kang Avenue 4,"$1,300/mo"
22,Common Room in 809B Choa Chu Kang Avenue 1,"$1,000/mo"
23,Common Room in 805B Keat Hong Close,$800/mo
24,Room in Sol Acres,"$1,400/mo"
25,Room in 815B Choa Chu Kang Avenue 7,$850/mo
26,Common Room in Sol Acres,"$1,180/mo"
27,Common Room in 808C Choa Chu Kang Avenue 1,$890/mo
28,Master Room in 118 Teck Whye Lane,"$1,700/mo"
29,Master Room in The Warren,"$1,800/mo"
30,Common Room in 110 Teck Whye Lane,$750/mo
31,Master Room in 120 Teck Whye Lane,"$1,800/mo"
32,Room in 284 Choa Chu Kang Avenue 3,$950/mo
33,Common Room in 119 Teck Whye Lane,$700/mo
34,Common Room in Wandervale,$900/mo
35,Common Room in 816B Keat Hong Link,$800/mo
36,Common Room in 345 Choa Chu Kang Loop,"$1,800/mo"
37,Common Room in 805D Keat Hong Close,"$1,200/mo"
38,Common Room in Mi Casa,"$1,400/mo"
39,Common Room in 817B Keat Hong Link,$700/mo
40,Common Room in 120 Teck Whye Lane,"$1,800/mo"
41,Common Room in Northvale,"$1,290/mo"
42,Master Room in 3 Teck Whye Avenue,$850/mo
43,Common Room in 354 Choa Chu Kang Central,$700/mo
44,Master Room in iNZ Residence,"$1,500/mo"
45,Room in The Warren,"$1,600/mo"
46,Common Room in 212 Choa Chu Kang Central,"$1,200/mo"
47,Master Room in 307 Choa Chu Kang Avenue 4,"$1,450/mo"
48,Master Room in Northvale,"$1,690/mo"
49,Common Room in 211 Choa Chu Kang Central,$850/mo
50,Common Room in 211 Choa Chu Kang Central,$850/mo
51,Common Room in The Rainforest,"$1,250/mo"
52,Room in 503 Choa Chu Kang Street 51,"$1,100/mo"
53,Room in 446 Choa Chu Kang Avenue 4,$800/mo
54,Room in 487A Choa Chu Kang Avenue 5,$800/mo
55,Room in 804A Keat Hong Close,"$1,200/mo"
56,Common Room in 288 Choa Chu Kang Avenue 3,$800/mo
57,Room in 233 Choa Chu Kang Central,$900/mo
58,Common Room in Northvale,"$1,160/mo"
59,Master Room in 113 Teck Whye Lane,"$1,500/mo"
60,Common Room in Northvale,"$1,390/mo"
61,Common Room in Northvale,$950/mo
62,Master Room in 227 Choa Chu Kang Central,"$1,500/mo"
63,Common Room in Wandervale,"$1,050/mo"
64,Common Room in iNZ Residence,"$1,000/mo"
65,Common Room in Northvale,"$1,200/mo"
66,Common Room in 110 Teck Whye Lane,$700/mo
67,Common Room in 803A Keat Hong Close,$850/mo
68,Common Room in 445 Choa Chu Kang Avenue 4,$900/mo
69,Master Room in 810A Choa Chu Kang Avenue 7,"$1,100/mo"
70,Room in 123 Teck Whye Lane,$750/mo
71,Room in 818B Choa Chu Kang Avenue 1,"$1,000/mo"
72,Room in 214 Choa Chu Kang Central,"$1,000/mo"
73,Common Room in 209 Choa Chu Kang Central,"$1,050/mo"
74,Common Room in 411 Choa Chu Kang Avenue 3,"$1,200/mo"
75,Room in The Rainforest,"$2,800/mo"
76,Common Room in 284 Choa Chu Kang Avenue 3,$850/mo
77,Master Room in 345 Choa Chu Kang Loop,"$1,500/mo"
78,Common Room in 105 Teck Whye Lane,$850/mo
79,Master Room in 704 Choa Chu Kang Street 53,"$1,000/mo"
80,Common Room in 484C Choa Chu Kang Avenue 5,$800/mo
81,Common Room in 758 Choa Chu Kang North 5,$850/mo
82,Common Room in 386 Bukit Batok West Avenue 5,"$1,100/mo"
83,Master Room in 11 Teck Whye Lane,"$1,200/mo"
84,Common Room in 606 Senja Road,$800/mo
85,Common Room in 631 Senja Road,"$1,100/mo"
86,Master Room in Phoenix Heights,"$2,200/mo"
87,Master Room in 154 Jalan Teck Whye,"$1,000/mo"
88,Common Room in 767 Choa Chu Kang Street 54,"$1,000/mo"
89,Master Room in 605 Choa Chu Kang Street 62,"$1,200/mo"
90,Common Room in Yew Mei Green,"$1,400/mo"
91,Common Room in 629 Senja Road,$900/mo
92,Master Room in 338 Bukit Batok Street 34,"$1,100/mo"
93,Room in 506 Choa Chu Kang Street 51,$900/mo
94,Master Room in 338 Bukit Batok Street 34,"$1,100/mo"
95,Common Room in 154 Jalan Teck Whye,$850/mo
96,Common Room in 633A Senja Road,$900/mo
97,Common Room in 417 Bukit Batok West Avenue 4,$950/mo
98,Room in 611 Bukit Panjang Ring Road,"$1,700/mo"
99,Common Room in Hillsta,"$1,400/mo"
100,Common Room in 631 Senja Road,"$1,000/mo"
101,Common Room in 460 Choa Chu Kang Avenue 4,"$1,200/mo"
102,Common Room in 14 Teck Whye Lane,$900/mo
103,Common Room in Nicon Gardens,"$1,900/mo"
104,Common Room in 620 Bukit Panjang Ring Road,"$1,000/mo"
105,Master Room in Pavilion Park,"$2,200/mo"
106,Master Room in 13 Teck Whye Lane,$850/mo
107,Common Room in 620 Bukit Panjang Ring Road,"$1,000/mo"
108,Common Room in 11 Teck Whye Lane,$900/mo
109,Common Room in 762 Choa Chu Kang North 5,$850/mo
110,Master Room in 767 Choa Chu Kang Street 54,"$1,000/mo"
111,Common Room in 333 Bukit Batok Street 32,$800/mo
112,Common Room in Yew Mei Green,"$1,500/mo"
113,Room in 611 Bukit Panjang Ring Road,"$1,300/mo"
114,Common Room in 338 Bukit Batok Street 34,$900/mo
115,Master Room in 484B Choa Chu Kang Avenue 5,"$1,000/mo"
116,Common Room in 629 Senja Road,$900/mo
117,Common Room in 449 Choa Chu Kang Avenue 4,"$1,000/mo"
118,Master Room in 390 Bukit Batok West Avenue 5,"$1,300/mo"
119,Common Room in 420 Bukit Batok West Avenue 2,$900/mo
120,Room in 789 Choa Chu Kang North 6,$800/mo
121,Room in Yew Mei Green,"$1,800/mo"
122,Room in 636B Senja Road,$990/mo
123,Room in 386 Bukit Batok West Avenue 5,$800/mo
124,Room in 622 Senja Road,$900/mo
125,Master Room in Phoenix Heights,"$2,200/mo"
126,Common Room in 386 Bukit Batok West Avenue 5,$850/mo
127,Common Room in 484B Choa Chu Kang Avenue 5,$800/mo
128,Common Room in 408 Bukit Batok West Avenue 4,"$1,200/mo"
129,Room in 632 Choa Chu Kang North 6,"$1,000/mo"
130,Common Room in 333 Bukit Batok Street 32,$900/mo
131,Room in 631 Senja Road,"$1,000/mo"
132,Master Room in 571 Choa Chu Kang Street 52,"$1,200/mo"
133,Master Room in 11 Teck Whye Lane,$900/mo
134,Master Room in Yew Mei Green,"$1,600/mo"
135,Room in 611 Bukit Panjang Ring Road,$900/mo
136,Room in 630 Senja Road,"$1,000/mo"
137,Common Room in 11 Teck Whye Lane,$900/mo
138,Room in 550 Choa Chu Kang Street 52,"$1,100/mo"
139,Master Room in 154 Jalan Teck Whye,"$1,000/mo"
140,Common Room in Pavilion Park,"$1,500/mo"
141,Common Room in 601 Choa Chu Kang Street 62,$900/mo
