,Property,Price
0,Master Room in 12 Pine Close,"$1,900/mo"
1,Master Room in Wing Fong Mansions,"$1,850/mo"
2,Common Room in Wing Fong Mansions,"$1,000/mo"
3,Common Room in Wing Fong Mansions,"$2,000/mo"
4,Common Room in Wing Fong Mansions,"$1,000/mo"
5,Common Room in Canberlin Lodge,"$1,350/mo"
6,Master Room in Water Place,"$7,000/mo"
7,Room in Goodview Apartments,"$1,800/mo"
8,Common Room in Goodview Apartments,"$1,900/mo"
9,Common Room in Canberlin Lodge,"$1,300/mo"
10,Room in 5 Pine Close,"$1,500/mo"
11,Common Room in Wing Fong Mansions,"$1,580/mo"
12,Common Room in Familie Mansions,"$1,000/mo"
13,Common Room in Parkshore,"$2,200/mo"
14,Common Room in The Centren,"$1,950/mo"
15,Master Room in The Plaza,"$3,500/mo"
16,Common Room in The Plaza,"$2,800/mo"
17,Master Room in Canne Lodge,"$2,350/mo"
18,Common Room in 3A Upper Boon Keng Road,"$1,000/mo"
19,Master Room in 813 Jellicoe Road,"$1,500/mo"
20,Common Room in 2 Beach Road,"$1,500/mo"
21,Common Room in Wing Fong Court,"$1,250/mo"
22,Common Room in 16 Upper Boon Keng Road,"$2,800/mo"
23,Master Room in 32 Cassia Crescent,"$1,600/mo"
24,Common Room in TRE Residences,"$1,500/mo"
25,Master Room in Accord Apartments,"$1,400/mo"
26,Master Room in # 1 Loft,"$1,850/mo"
27,Common Room in 8A Upper Boon Keng Road,"$1,198/mo"
28,Master Room in Central Grove,"$2,000/mo"
29,Common Room in Delight Court,"$1,350/mo"
30,Master Room in Cassia View,"$2,199/mo"
31,Common Room in Lorong 9 Geylang,"$1,200/mo"
32,Common Room in Central Grove,$880/mo
33,Master Room in Cassia View,"$2,300/mo"
34,Common Room in Cassia View,"$1,050/mo"
35,Common Room in 28 Cassia Crescent,$900/mo
36,Common Room in Sims Green,"$1,200/mo"
37,Master Room in Sims 450 Centre,"$2,600/mo"
38,Room in Loft 33,"$1,600/mo"
39,Common Room in TRE Residences,"$1,700/mo"
40,Common Room in Sultan Gate Place,"$1,150/mo"
41,Master Room in Canne Lodge,"$2,008/mo"
42,Room in Duo Residences / Duo Tower,"$4,499/mo"
43,Common Room in Delight Court,"$1,358/mo"
44,Room in 3C Upper Boon Keng Road,"$1,100/mo"
45,Room in 32 Penhas Road,"$1,449/mo"
46,Master Room in Loft 33,"$1,900/mo"
47,Master Room in 813 Jellicoe Road,"$1,300/mo"
48,Room in Dakota Residences,"$1,800/mo"
49,Common Room in Citylights,"$2,000/mo"
50,Room in Atrium Residences,"$1,600/mo"
51,Common Room in The Sunny Spring,$900/mo
52,Master Room in TRE Residences,"$2,400/mo"
53,Common Room in Atrium Residences,"$1,450/mo"
54,Common Room in 28 Cassia Crescent,"$1,250/mo"
55,Room in 32 Penhas Road,"$2,849/mo"
56,Common Room in 2D Upper Boon Keng Road,"$1,000/mo"
57,Room in TRE Residences,"$2,400/mo"
58,Master Room in 16 Upper Boon Keng Road,"$2,800/mo"
59,Room in Sims Green,$880/mo
60,Room in Central Grove,"$2,200/mo"
61,Room in Atrium Residences,"$1,400/mo"
62,Room in The Sunny Spring,$900/mo
63,Common Room in 2D Upper Boon Keng Road,"$1,100/mo"
64,Common Room in Equatorial Apartments,"$1,150/mo"
65,Room in 81 Lorong 25 Geylang,"$2,300/mo"
66,Room in 466 Crawford Lane,"$1,100/mo"
67,Common Room in Waterbank At Dakota,"$1,800/mo"
68,Master Room in Canne Lodge,"$2,200/mo"
69,Master Room in Canne Lodge,"$2,200/mo"
70,Room in Penang Service Apartments,"$1,500/mo"
71,Common Room in Cassia View,$999/mo
72,Common Room in The Sunny Spring,"$1,250/mo"
73,Common Room in Canne Lodge,"$1,900/mo"
74,Room in TRE Residences,"$1,700/mo"
75,Common Room in 2A Upper Boon Keng Road,"$1,400/mo"
76,Master Room in Canne Lodge,"$1,800/mo"
77,Master Room in Wing Fong Court,"$1,850/mo"
78,Master Room in 95 Lavender Street,"$1,650/mo"
79,Room in The Alcove,"$1,650/mo"
80,Common Room in The Midas,"$1,500/mo"
81,Common Room in TRE Residences,"$1,550/mo"
82,Common Room in Sims Urban Oasis,"$1,500/mo"
83,Common Room in Canne Lodge,"$1,800/mo"
84,Common Room in The Sunny Spring,"$1,250/mo"
85,Common Room in 813 Jellicoe Road,"$1,500/mo"
86,Common Room in The Sunny Spring,"$1,600/mo"
87,Room in Penang Service Apartments,"$2,200/mo"
88,Master Room in Summer View,"$1,800/mo"
89,Common Room in Canne Ville,"$2,000/mo"
90,Room in 8B Upper Boon Keng Road,"$1,350/mo"
91,Room in 26 Jalan Berseh,"$1,278/mo"
92,Room in 11 Upper Boon Keng Road,$550/mo
93,Common Room in 26 Jalan Berseh,"$1,200/mo"
94,Common Room in TRE Residences,"$2,700/mo"
95,Master Room in Casa Emerald,"$2,000/mo"
96,Common Room in Casa Emerald,"$1,300/mo"
97,Room in 2D Upper Boon Keng Road,"$1,100/mo"
98,Room in 45 Sims Drive,"$1,100/mo"
99,Common Room in 8B Upper Boon Keng Road,"$1,400/mo"
100,Common Room in Lorong 13 Geylang,"$2,900/mo"
101,Room in 112 Lorong 3 Geylang,"$1,000/mo"
102,Master Room in Lavender Street,"$2,300/mo"
103,Common Room in 2D Upper Boon Keng Road,$900/mo
104,Master Room in 16 Upper Boon Keng Road,"$3,200/mo"
105,Master Room in Boon Keng Ville,"$3,500/mo"
106,Common Room in Canne Lodge,"$2,200/mo"
107,Common Room in Canne Lodge,"$1,800/mo"
108,Room in 122 Geylang East Central,$900/mo
109,Room in 60 Dakota Crescent,"$1,400/mo"
110,Common Room in 8A Upper Boon Keng Road,"$1,300/mo"
111,Room in 16 Upper Boon Keng Road,"$2,700/mo"
112,Room in 12 North Bridge Road,"$1,200/mo"
113,Master Room in Geylang Conservation Area,"$3,000/mo"
114,Room in Cassia View,"$2,198/mo"
115,Room in Guillemard Suites,"$2,600/mo"
116,Room in TRE Residences,"$1,888/mo"
117,Common Room in Canne Lodge,"$1,900/mo"
118,Common Room in Canne Lodge,"$1,800/mo"
119,Master Room in Canne Lodge,"$2,300/mo"
120,Master Room in The Sunny Spring,"$1,800/mo"
121,Master Room in Sims Urban Oasis,"$2,699/mo"
122,Common Room in Citylights,"$1,950/mo"
123,Room in 16 Upper Boon Keng Road,"$1,500/mo"
124,Room in Fortville,"$3,840/mo"
125,Room in 813 Jellicoe Road,"$1,500/mo"
