,Property,Price
0,Master Room in Dunearn Estate,"$3,300/mo"
1,Common Room in Chateau Le Fame,"$1,600/mo"
2,Master Room in Balmoral Luck,"$1,900/mo"
3,Common Room in Signature @ Lewis,"$2,500/mo"
4,Master Room in Goldhill Avenue,"$2,000/mo"
5,Room in Far East Plaza,"$1,667/mo"
6,Common Room in Lucky Plaza,$700/mo
7,Common Room in Gilstead Mansion,"$2,000/mo"
8,Common Room in Kimsia Park,"$1,500/mo"
9,Common Room in Orchard Towers,"$1,438/mo"
10,Master Room in Kimsia Court,"$2,100/mo"
11,Common Room in Kimsia Court,"$1,700/mo"
12,Master Room in Gloucester Mansions,"$2,700/mo"
13,Common Room in Elizabeth Towers,"$1,800/mo"
14,Master Room in Novena Court,"$1,900/mo"
15,Room in The Scotts Tower,"$5,150/mo"
16,Common Room in Kimsia Court,"$1,700/mo"
17,Common Room in Kimsia Court,"$1,300/mo"
18,Common Room in Kimsia Court,"$1,508/mo"
19,Common Room in The Lincoln Residences,"$1,450/mo"
20,Master Room in Elizabeth Heights,"$2,000/mo"
21,Master Room in Kheam Hock Road,"$3,200/mo"
22,Common Room in Orchard Towers,"$2,800/mo"
23,Room in Lutheran Road,"$1,600/mo"
24,Common Room in The Lincoln Residences,"$1,600/mo"
25,Master Room in Rising Suites,"$1,400/mo"
26,Room in Kheam Hock Road,"$3,200/mo"
27,Common Room in Orchard Towers,"$2,000/mo"
28,Common Room in Kimsia Court,"$1,400/mo"
29,Master Room in Buckley Road,"$16,000/mo"
30,Common Room in Lucky Plaza,"$1,988/mo"
31,Common Room in Novena Court,"$1,800/mo"
32,Room in The Scotts Tower,"$5,150/mo"
33,Room in Lutheran Road,"$1,600/mo"
34,Common Room in Botanic Gardens Mansion,"$1,600/mo"
35,Common Room in Shelford Suites,"$1,900/mo"
36,Master Room in The Whitley Residences,"$2,200/mo"
37,Common Room in One Duchess,"$2,500/mo"
38,Master Room in Jalan Merlimau,"$1,900/mo"
39,Master Room in Barker Ville,"$3,800/mo"
40,Master Room in Delfi Orchard,"$2,588/mo"
41,Master Room in Orchard Hotel Singapore,"$2,588/mo"
42,Master Room in Kimsia Court,"$2,500/mo"
43,Common Room in Lucky Plaza,"$2,200/mo"
