,Property,Price
0,Common Room in 256D Sumang Walk,$900/mo
1,Common Room in 310B Punggol Walk,"$1,200/mo"
2,Common Room in 266C Punggol Way,"$1,200/mo"
3,Common Room in 308C Punggol Walk,$850/mo
4,Common Room in 313C Sumang Link,$900/mo
5,Common Room in 313C Sumang Link,$900/mo
6,Master Room in Twin Waterfalls,"$1,500/mo"
7,Master Room in 294 Punggol Central,"$2,000/mo"
8,Master Room in A Treasure Trove,"$1,500/mo"
9,Common Room in 213A Punggol Walk,"$1,000/mo"
10,Master Room in 406C Northshore Drive,"$1,900/mo"
11,Common Room in 261B Punggol Way,$800/mo
12,Room in 314B Punggol Way,"$1,600/mo"
13,Room in 305D Punggol Drive,$950/mo
14,Room in 406C Northshore Drive,"$1,900/mo"
15,Common Room in 314A Punggol Way,$800/mo
16,Common Room in 217B Sumang Walk,$850/mo
17,Master Room in 308C Punggol Walk,"$1,800/mo"
18,Common Room in 302B Punggol Place,$850/mo
19,Room in 299 Punggol Central,"$1,200/mo"
20,Common Room in 271C Punggol Walk,"$1,100/mo"
21,Master Room in 402A Northshore Drive,"$1,600/mo"
22,Common Room in 269C Punggol Field,"$1,400/mo"
23,Master Room in 256D Sumang Walk,$900/mo
24,Master Room in 211D Punggol Walk,"$1,200/mo"
25,Common Room in A Treasure Trove,"$1,500/mo"
26,Master Room in 211D Punggol Walk,"$1,350/mo"
27,Common Room in 207B Punggol Place,"$1,000/mo"
28,Room in 406 Northshore Drive,"$1,500/mo"
29,Room in 208B Punggol Place,"$1,400/mo"
30,Common Room in 228B Punggol Field,$800/mo
31,Master Room in 314B Punggol Way,"$1,400/mo"
32,Common Room in 220C Sumang Lane,$900/mo
33,Common Room in Ecopolitan,"$1,800/mo"
34,Room in 299 Punggol Central,"$1,000/mo"
35,Common Room in A Treasure Trove,"$1,500/mo"
36,Common Room in 256B Sumang Walk,$900/mo
37,Common Room in A Treasure Trove,"$1,750/mo"
38,Common Room in Parc Centros,"$2,000/mo"
39,Common Room in 269B Punggol Field,"$1,000/mo"
40,Room in Twin Waterfalls,"$1,300/mo"
41,Common Room in 305D Punggol Drive,$950/mo
42,Master Room in Twin Waterfalls,"$1,250/mo"
43,Master Room in 228B Punggol Field,"$1,500/mo"
44,Common Room in 273D Punggol Place,"$1,000/mo"
45,Common Room in 202A Punggol Field,"$1,000/mo"
46,Common Room in 195C Punggol Road,"$1,200/mo"
47,Common Room in The Amore,"$1,200/mo"
48,Common Room in 107D Edgefield Plains,"$1,000/mo"
49,Master Room in Bellewaters,"$1,500/mo"
50,Common Room in 250D Compassvale Street,"$1,100/mo"
51,Common Room in 295C Compassvale Crescent,"$1,000/mo"
52,Common Room in 622C Punggol Central,$900/mo
53,Master Room in Compass Heights,"$1,850/mo"
54,Master Room in Beauty Garden,"$3,000/mo"
55,Master Room in Beauty Garden,"$2,800/mo"
56,Common Room in 331C Anchorvale Street,$900/mo
57,Common Room in 612C Punggol Drive,$850/mo
58,Common Room in 632B Punggol Drive,$900/mo
59,Common Room in Compass Heights,"$1,200/mo"
60,Common Room in 293C Compassvale Crescent,"$1,100/mo"
61,Common Room in 187 Punggol Central,$800/mo
62,Common Room in 296B Compassvale Crescent,$800/mo
63,Master Room in Beauty Garden,"$3,000/mo"
64,Master Room in Beauty Garden,"$2,800/mo"
65,Master Room in Prive,"$2,200/mo"
66,Room in Compass Heights,"$1,300/mo"
67,Master Room in 188C Rivervale Drive,$900/mo
68,Common Room in 624A Punggol Central,$850/mo
69,Common Room in The Amore,"$1,100/mo"
70,Common Room in The Vales,"$1,600/mo"
71,Common Room in 635C Punggol Drive,$950/mo
72,Common Room in 239 Compassvale Walk,"$1,000/mo"
73,Common Room in 668B Edgefield Plains,"$1,300/mo"
74,Common Room in 286C Compassvale Crescent,"$1,500/mo"
75,Master Room in Compass Heights,"$1,200/mo"
76,Room in 678C Punggol Drive,$900/mo
77,Room in 334B Anchorvale Crescent,"$1,800/mo"
78,Common Room in 111 Edgefield Plains,"$1,000/mo"
79,Master Room in 102B Punggol Field,"$1,000/mo"
80,Common Room in 104B Edgefield Plains,$900/mo
81,Room in 258D Compassvale Road,"$1,500/mo"
82,Room in 104B Edgefield Plains,$900/mo
83,Master Room in 325B Sengkang East Way,"$1,500/mo"
84,Room in 296A Compassvale Crescent,"$1,100/mo"
85,Room in 244 Compassvale Road,"$1,400/mo"
86,Common Room in 185A Rivervale Crescent,$900/mo
87,Common Room in 622C Punggol Central,"$1,200/mo"
88,Common Room in 104B Edgefield Plains,$900/mo
89,Common Room in 666A Punggol Drive,$850/mo
90,Common Room in 612C Punggol Drive,$950/mo
91,Room in 613D Punggol Drive,$950/mo
92,Common Room in 292A Compassvale Street,"$1,200/mo"
93,Room in 425 Northshore Crescent,"$1,200/mo"
94,Common Room in Waterbay,"$1,360/mo"
95,Common Room in Treasure Crest,$600/mo
96,Common Room in 105B Edgefield Plains,$950/mo
97,Master Room in 332B Anchorvale Link,"$2,200/mo"
98,Common Room in 612C Punggol Drive,$850/mo
99,Master Room in 196D Punggol Field,"$1,200/mo"
100,Common Room in Waterbay,"$1,500/mo"
101,Common Room in Bellewaters,"$1,200/mo"
102,Room in 261A Sengkang East Way,"$1,100/mo"
103,Common Room in 672A Edgefield Plains,$850/mo
104,Common Room in Compass Heights,"$1,400/mo"
105,Common Room in 619C Punggol Drive,$850/mo
106,Common Room in 261D Sengkang East Way,"$1,000/mo"
107,Common Room in 334B Anchorvale Crescent,"$1,500/mo"
108,Room in 196C Punggol Field,"$1,300/mo"
109,Room in 175C Punggol Field,"$1,000/mo"
110,Common Room in Compass Heights,"$1,300/mo"
111,Common Room in 670C Edgefield Plains,$900/mo
112,Common Room in 209C Punggol Place,$850/mo
113,Common Room in 195D Punggol Road,"$1,100/mo"
114,Common Room in 186D Rivervale Drive,"$1,000/mo"
115,Common Room in 297B Compassvale Street,$800/mo
116,Common Room in The Vales,"$1,600/mo"
117,Master Room in 105A Edgefield Plains,"$1,100/mo"
118,Room in 185D Rivervale Crescent,"$1,000/mo"
119,Common Room in Treasure Crest,"$1,200/mo"
120,Room in 101A Punggol Field,"$1,500/mo"
121,Common Room in The Vales,"$1,000/mo"
