,Property,Price
0,Common Room in 14 Joo Seng Road,$850/mo
1,Common Room in 29 Balam Road,"$1,000/mo"
2,Common Room in 18A Circuit Road,"$1,480/mo"
3,Common Room in Bartley Ridge,"$1,700/mo"
4,Common Room in 15 Joo Seng Road,"$1,400/mo"
5,Common Room in Jalan Chengkek,"$1,700/mo"
6,Common Room in Bartley Ridge,"$1,350/mo"
7,Room in Macpherson Garden Estate,"$1,500/mo"
8,Common Room in Macpherson Garden Estate,"$1,300/mo"
9,Common Room in Jalan Chengkek,"$2,200/mo"
10,Common Room in Raya Garden,"$1,500/mo"
11,Common Room in 48 Circuit Road,$450/mo
12,Master Room in 83B Circuit Road,"$3,000/mo"
13,Room in 119 Aljunied Avenue 2,"$2,900/mo"
14,Common Room in 12 Joo Seng Road,"$1,000/mo"
15,Room in 119 Aljunied Avenue 2,"$2,500/mo"
16,Room in 119 Aljunied Avenue 2,"$2,100/mo"
17,Common Room in 108B Bidadari Park Drive,"$1,200/mo"
18,Common Room in 82B Circuit Road,"$1,500/mo"
19,Master Room in 83B Circuit Road,"$3,000/mo"
20,Master Room in 174B Hougang Avenue 1,"$1,500/mo"
21,Master Room in Classical Terrace,"$1,900/mo"
22,Master Room in Bartley Rise Estate,"$1,850/mo"
23,Room in 126 Hougang Avenue 1,$800/mo
24,Master Room in Sallim Lodge,"$2,000/mo"
25,Common Room in Sallim Lodge,"$1,400/mo"
26,Common Room in Sallim Lodge,"$1,500/mo"
27,Master Room in 108 Aljunied Crescent,"$1,800/mo"
28,Common Room in 123 Geylang East Central,$900/mo
29,Common Room in 334 Ubi Avenue 1,"$1,150/mo"
30,Master Room in 108 Hougang Avenue 1,"$1,200/mo"
31,Master Room in 302 Ubi Avenue 1,"$2,000/mo"
32,Master Room in 302 Ubi Avenue 1,"$2,000/mo"
33,Common Room in 425 Serangoon Avenue 1,"$1,000/mo"
34,Master Room in 108 Hougang Avenue 1,"$1,200/mo"
35,Common Room in Sennett Estate,"$1,700/mo"
36,Common Room in 92 Pipit Road,$900/mo
37,Master Room in Classical Terrace,"$2,000/mo"
38,Common Room in 123 Geylang East Central,"$1,500/mo"
39,Master Room in Bartley Rise Estate,"$1,960/mo"
40,Common Room in Sims Urban Oasis,"$1,500/mo"
41,Common Room in 53 Pipit Road,"$1,200/mo"
42,Master Room in Fengli Gardens,"$1,600/mo"
43,Common Room in 66 Circuit Road,"$1,000/mo"
44,Common Room in Sennett Estate,"$1,600/mo"
45,Common Room in Sallim Lodge,"$1,500/mo"
46,Common Room in Sallim Lodge,"$1,300/mo"
47,Room in The Antares,"$2,500/mo"
48,Common Room in 83A Circuit Road,"$1,500/mo"
49,Master Room in 55 Pipit Road,"$1,100/mo"
50,Common Room in Rosalia Park,"$1,500/mo"
51,Common Room in Cherryhill,"$1,500/mo"
52,Common Room in Bartley Villas,"$1,200/mo"
53,Room in 119 Aljunied Avenue 2,"$2,800/mo"
54,Room in 119 Aljunied Avenue 2,"$2,300/mo"
55,Common Room in 135 Lorong Ah Soo,$900/mo
56,Master Room in 119 Aljunied Avenue 2,"$2,700/mo"
57,Common Room in 119 Aljunied Avenue 2,"$2,800/mo"
58,Common Room in Bartley Residences,"$1,550/mo"
59,Master Room in 108 Aljunied Crescent,"$1,400/mo"
60,Common Room in Sunshine Grove,"$1,050/mo"
61,Room in 108 Hougang Avenue 1,"$1,300/mo"
62,Master Room in Sennett Estate,"$1,200/mo"
63,Master Room in Sims Urban Oasis,"$2,699/mo"
64,Common Room in 341 Ubi Avenue 1,$750/mo
65,Master Room in 302 Ubi Avenue 1,"$2,000/mo"
66,Common Room in 102B Bidadari Park Drive,"$1,300/mo"
