,Property,Price
0,Master Room in 255 Tampines Street 21,"$1,800/mo"
1,Master Room in 243 Tampines Street 21,"$1,400/mo"
2,Common Room in 705 Tampines Street 71,"$1,000/mo"
3,Common Room in 160 Tampines Street 12,"$1,500/mo"
4,Master Room in 253 Tampines Street 21,"$1,400/mo"
5,Common Room in 503 Tampines Central 1,$800/mo
6,Master Room in 113 Tampines Street 11,"$1,299/mo"
7,Common Room in The Tampines Trilliant,"$1,500/mo"
8,Master Room in The Tampines Trilliant,"$1,600/mo"
9,Common Room in 214 Tampines Street 23,"$1,200/mo"
10,Common Room in 519C Tampines Central 8,"$1,100/mo"
11,Common Room in 163 Tampines Street 12,"$1,000/mo"
12,Common Room in 408 Tampines Street 41,$450/mo
13,Master Room in The Tampines Trilliant,"$1,850/mo"
14,Common Room in The Tampines Trilliant,"$1,500/mo"
15,Master Room in The Tampines Trilliant,"$1,950/mo"
16,Common Room in The Tampines Trilliant,"$1,500/mo"
17,Common Room in 275 Tampines Street 22,$900/mo
18,Common Room in The Tampines Trilliant,"$1,600/mo"
19,Common Room in 273 Tampines Street 22,$900/mo
20,Common Room in 522C Tampines Central 7,"$1,100/mo"
21,Master Room in 938 Tampines Avenue 5,"$1,500/mo"
22,Common Room in 147 Tampines Avenue 5,$900/mo
23,Master Room in 938 Tampines Avenue 5,"$1,500/mo"
24,Common Room in 280 Tampines Street 22,"$1,400/mo"
25,Common Room in 285 Tampines Street 22,$900/mo
26,Master Room in 858 Tampines Avenue 5,"$2,300/mo"
27,Common Room in 406 Tampines Street 41,"$1,150/mo"
28,Common Room in Citylife @ Tampines,"$1,500/mo"
29,Room in 406 Tampines Street 41,"$1,200/mo"
30,Master Room in 924 Tampines Street 91,"$1,200/mo"
31,Master Room in 522C Tampines Central 7,"$1,380/mo"
32,Master Room in 406 Tampines Street 41,"$1,700/mo"
33,Master Room in 251 Tampines Street 21,"$1,600/mo"
34,Common Room in 233 Tampines Street 21,$900/mo
35,Room in 240 Tampines Street 21,"$1,350/mo"
36,Room in 240 Tampines Street 21,"$1,350/mo"
37,Room in 406 Tampines Street 41,$900/mo
38,Master Room in 213 Tampines Street 23,"$1,600/mo"
39,Common Room in 259 Tampines Street 21,$900/mo
40,Common Room in 269 Tampines Street 21,"$1,050/mo"
41,Common Room in 404 Tampines Street 41,"$1,100/mo"
42,Master Room in 144 Tampines Street 12,"$1,500/mo"
43,Common Room in 911 Tampines Street 91,$950/mo
44,Room in The Tampines Trilliant,"$1,600/mo"
45,Room in 410 Tampines Street 41,$900/mo
46,Common Room in 125 Tampines Street 11,"$1,200/mo"
47,Common Room in 873 Tampines Street 84,"$1,100/mo"
48,Common Room in Simei Green Condominium,"$1,300/mo"
49,Common Room in 242 Simei Street 5,"$1,200/mo"
50,Common Room in Eastpoint Green,"$1,400/mo"
51,Master Room in Simei Green Condominium,"$1,900/mo"
52,Common Room in Eastpoint Green,"$1,450/mo"
53,Common Room in Eastpoint Green,"$1,850/mo"
54,Master Room in Eastpoint Green,"$2,650/mo"
55,Common Room in 525B Pasir Ris Street 51,"$1,000/mo"
56,Master Room in Eastpoint Green,"$2,600/mo"
57,Common Room in The Palette,"$1,300/mo"
58,Common Room in 149 Simei Street 1,"$1,600/mo"
59,Common Room in 627B Tampines Street 61,"$1,000/mo"
60,Common Room in 244 Simei Street 5,"$1,380/mo"
61,Common Room in 722 Tampines Street 72,"$1,100/mo"
62,Common Room in Sunhaven,"$1,350/mo"
63,Common Room in The Eden At Tampines,"$1,250/mo"
64,Master Room in 842 Tampines Street 82,"$1,500/mo"
65,Master Room in 363 Tampines Street 34,"$1,500/mo"
66,Common Room in Arc At Tampines,"$1,500/mo"
67,Room in Melville Park,"$1,349/mo"
68,Common Room in Sunhaven,"$1,250/mo"
69,Common Room in 715 Tampines Street 71,$550/mo
70,Common Room in 872 Tampines Street 84,"$1,200/mo"
71,Common Room in Harvey Crescent,$800/mo
72,Common Room in 497H Tampines Street 45,"$1,000/mo"
73,Master Room in Simei Green Condominium,"$2,800/mo"
74,Master Room in Simei Green Condominium,"$2,800/mo"
75,Master Room in Simei Green Condominium,"$2,800/mo"
76,Master Room in Simei Green Condominium,"$2,800/mo"
77,Master Room in Simei Green Condominium,"$2,800/mo"
78,Master Room in Simei Green Condominium,"$2,800/mo"
79,Master Room in Simei Green Condominium,"$2,800/mo"
80,Common Room in Savannah Condopark,"$1,190/mo"
81,Master Room in Simei Green Condominium,"$2,800/mo"
82,Common Room in Eastpoint Green,"$1,580/mo"
83,Master Room in Simei Green Condominium,"$2,800/mo"
84,Master Room in Simei Green Condominium,"$1,800/mo"
85,Common Room in Eastpoint Green,"$2,749/mo"
86,Common Room in Simei Green Condominium,"$1,680/mo"
87,Master Room in Simei Green Condominium,"$2,680/mo"
88,Common Room in 227 Tampines Street 23,$850/mo
89,Master Room in 392 Tampines Avenue 7,"$1,700/mo"
90,Common Room in 246 Simei Street 5,$750/mo
91,Common Room in Simei Green Condominium,"$1,449/mo"
92,Common Room in 497H Tampines Street 45,"$1,000/mo"
93,Common Room in 381 Tampines Street 32,"$1,300/mo"
94,Common Room in 836 Tampines Street 82,"$1,000/mo"
95,Common Room in 230 Simei Street 4,"$1,150/mo"
96,Common Room in Savannah Condopark,"$1,200/mo"
97,Common Room in Savannah Condopark,"$1,300/mo"
98,Common Room in Simei Green Condominium,"$1,450/mo"
99,Master Room in Simei Green Condominium,"$2,800/mo"
100,Master Room in Eastpoint Green,"$2,800/mo"
101,Master Room in Modena,"$1,350/mo"
102,Common Room in Eastpoint Green,"$1,600/mo"
103,Master Room in Eastpoint Green,"$2,650/mo"
104,Master Room in Simei Green Condominium,"$2,800/mo"
105,Common Room in Simei Green Condominium,"$1,800/mo"
106,Common Room in Eastpoint Green,"$1,580/mo"
107,Common Room in 212 Tampines Street 23,"$1,000/mo"
108,Common Room in The Eden At Tampines,"$1,450/mo"
109,Common Room in Savannah Condopark,"$1,190/mo"
110,Common Room in Melville Park,"$1,350/mo"
111,Common Room in 305 Tampines Street 32,"$1,000/mo"
112,Common Room in D'nest,"$1,600/mo"
113,Room in Melville Park,"$1,550/mo"
114,Room in Simei Green Condominium,"$1,700/mo"
115,Room in 113 Simei Street 1,"$1,600/mo"
116,Common Room in Savannah Condopark,"$1,190/mo"
117,Master Room in 559 Pasir Ris Street 51,"$1,200/mo"
118,Common Room in 253 Simei Street 1,"$1,000/mo"
119,Common Room in 212 Tampines Street 23,"$1,000/mo"
120,Common Room in Melville Park,$800/mo
121,Common Room in 481 Tampines Street 44,"$1,700/mo"
122,Common Room in 230 Simei Street 4,"$1,400/mo"
123,Common Room in 527D Pasir Ris Street 51,"$1,200/mo"
124,Room in 233 Simei Street 4,"$1,500/mo"
125,Room in Simei Green Condominium,"$1,550/mo"
126,Master Room in 847 Tampines Street 83,"$1,300/mo"
127,Master Room in 117 Pasir Ris Street 11,"$1,100/mo"
128,Room in 610C Tampines North Drive 1,"$1,400/mo"
129,Room in 606D Tampines Street 61,$900/mo
130,Master Room in 847 Tampines Street 83,"$1,300/mo"
131,Common Room in 896 Tampines Street 81,$900/mo
132,Room in Eastpoint Green,"$1,731/mo"
133,Common Room in 244 Simei Street 5,"$1,300/mo"
134,Room in 554 Pasir Ris Street 51,"$1,050/mo"
135,Room in 475 Tampines Street 44,"$1,300/mo"
136,Master Room in 833 Tampines Street 83,"$1,500/mo"
137,Common Room in The Palette,"$1,400/mo"
138,Common Room in 230 Simei Street 4,"$1,200/mo"
139,Master Room in Eastpoint Green,"$2,500/mo"
140,Common Room in Simei Green Condominium,"$2,000/mo"
141,Master Room in 124 Pasir Ris Street 11,"$1,300/mo"
142,Common Room in 230 Simei Street 4,"$1,150/mo"
143,Room in 244 Simei Street 5,"$1,380/mo"
144,Common Room in 741 Tampines Street 72,$800/mo
145,Common Room in Eastpoint Green,"$2,000/mo"
146,Common Room in 720 Tampines Street 72,$850/mo
147,Common Room in Eastpoint Green,"$1,488/mo"
148,Common Room in 868B Tampines Avenue 8,$600/mo
149,Master Room in Arc At Tampines,"$1,700/mo"
150,Master Room in 439 Tampines Street 43,"$1,500/mo"
151,Room in Eastpoint Green,"$1,400/mo"
152,Master Room in Eastpoint Green,"$1,680/mo"
153,Common Room in Eastpoint Green,"$2,000/mo"
154,Common Room in 160 Simei Road,"$1,150/mo"
155,Common Room in Eastpoint Green,"$1,680/mo"
156,Common Room in Eastpoint Green,"$1,280/mo"
157,Common Room in The Palette,"$1,300/mo"
158,Common Room in Eastpoint Green,"$2,200/mo"
159,Common Room in 735 Tampines Street 72,$900/mo
160,Common Room in 244 Simei Street 5,"$1,300/mo"
161,Common Room in The Palette,"$1,500/mo"
162,Common Room in 839 Tampines Street 83,$900/mo
163,Common Room in 165 Simei Road,"$1,400/mo"
164,Room in 932 Tampines Street 91,$850/mo
165,Room in 244 Simei Street 5,"$1,200/mo"
166,Master Room in 226 Simei Street 4,"$1,600/mo"
167,Common Room in Simei Green Condominium,"$1,600/mo"
168,Master Room in Simei Green Condominium,"$1,550/mo"
169,Master Room in Melville Park,"$2,300/mo"
170,Room in Melville Park,"$1,180/mo"
171,Common Room in 890B Tampines Avenue 1,"$1,400/mo"
172,Room in 887A Tampines Street 81,$900/mo
173,Room in Eastpoint Green,"$1,280/mo"
174,Master Room in Simei Green Condominium,"$1,650/mo"
175,Room in Melville Park,"$1,280/mo"
176,Room in Eastpoint Green,"$2,488/mo"
177,Room in 122 Simei Street 1,"$1,600/mo"
178,Room in 122 Simei Street 1,"$1,200/mo"
179,Room in Melville Park,"$1,550/mo"
180,Room in Eastpoint Green,"$1,488/mo"
181,Room in 158 Simei Road,$900/mo
182,Common Room in Simei Green Condominium,"$1,550/mo"
183,Common Room in Eastpoint Green,"$1,450/mo"
184,Common Room in Eastpoint Green,"$1,499/mo"
185,Common Room in 139 Pasir Ris Street 11,$900/mo
186,Common Room in Simei Green Condominium,"$2,180/mo"
187,Common Room in Simei Green Condominium,"$1,290/mo"
188,Common Room in Savannah Condopark,"$1,190/mo"
189,Common Room in Eastpoint Green,"$2,400/mo"
190,Master Room in 130 Simei Street 1,$900/mo
191,Room in 118 Pasir Ris Street 11,"$3,500/mo"
192,Room in Eastpoint Green,"$2,400/mo"
193,Room in 523A Tampines Central 7,"$1,300/mo"
194,Room in Eastpoint Green,"$1,680/mo"
195,Common Room in 609A Tampines North Drive 1,"$1,150/mo"
196,Room in 481 Tampines Street 44,"$2,000/mo"
197,Room in Eastpoint Green,"$2,688/mo"
198,Master Room in The Eden At Tampines,"$1,500/mo"
199,Common Room in 885 Tampines Street 83,"$1,200/mo"
200,Common Room in 728 Tampines Street 71,"$1,000/mo"
201,Room in The Palette,"$1,250/mo"
202,Common Room in Simei Green Condominium,"$1,450/mo"
203,Common Room in Melville Park,"$1,499/mo"
204,Common Room in 340 Tampines Street 33,"$1,100/mo"
205,Common Room in Simei Green Condominium,"$1,350/mo"
206,Room in 605A Tampines Street 61,$950/mo
207,Room in Simei Green Condominium,"$1,400/mo"
208,Common Room in 364 Tampines Street 34,"$1,150/mo"
209,Master Room in 364 Tampines Street 34,"$1,400/mo"
210,Room in 168A Simei Lane,"$1,250/mo"
211,Common Room in 850 Tampines Street 82,$650/mo
212,Common Room in D'nest,"$1,400/mo"
213,Room in 732 Tampines Street 71,"$1,300/mo"
214,Room in 546 Pasir Ris Street 51,$950/mo
215,Common Room in 801 Tampines Avenue 4,$900/mo
216,Room in Eastpoint Green,"$1,280/mo"
217,Master Room in The Palette,"$1,300/mo"
218,Common Room in 876 Tampines Street 84,"$1,500/mo"
219,Common Room in Eastpoint Green,"$1,680/mo"
220,Master Room in 876 Tampines Street 84,"$1,500/mo"
221,Master Room in 142 Pasir Ris Street 11,"$1,200/mo"
222,Master Room in Eastpoint Green,"$1,480/mo"
223,Master Room in 230 Simei Street 4,"$1,500/mo"
224,Master Room in Simei Green Condominium,"$1,600/mo"
225,Master Room in Simei Green Condominium,"$1,600/mo"
226,Common Room in Eastpoint Green,"$1,288/mo"
227,Common Room in Eastpoint Green,"$1,688/mo"
228,Master Room in Eastpoint Green,"$2,488/mo"
229,Common Room in 497H Tampines Street 45,$900/mo
230,Common Room in 464 Tampines Street 44,"$1,400/mo"
231,Room in Eastpoint Green,"$1,580/mo"
232,Common Room in Melville Park,"$1,300/mo"
233,Common Room in 453 Tampines Street 42,$700/mo
234,Common Room in 526A Pasir Ris Street 51,$550/mo
235,Master Room in 358 Tampines Street 33,"$1,500/mo"
236,Common Room in 494J Tampines Street 45,$850/mo
237,Common Room in Simei Green Condominium,"$1,813/mo"
238,Room in Eastpoint Green,"$1,588/mo"
