,Property,Price
0,Master Room in 113 Tampines Street 11,"$1,299/mo"
1,Common Room in 160 Tampines Street 12,"$1,500/mo"
2,Master Room in 842 Tampines Street 82,"$1,500/mo"
3,Common Room in The Clearwater,"$1,599/mo"
4,Room in Aquarius By The Park,"$1,500/mo"
5,Common Room in Aquarius By The Park,"$2,000/mo"
6,Common Room in 836 Tampines Street 82,"$1,000/mo"
7,Master Room in 847 Tampines Street 83,"$1,300/mo"
8,Master Room in 938 Tampines Avenue 5,"$1,500/mo"
9,Common Room in 147 Tampines Avenue 5,$900/mo
10,Master Room in 847 Tampines Street 83,"$1,300/mo"
11,Common Room in 896 Tampines Street 81,$900/mo
12,Master Room in 833 Tampines Street 83,"$1,500/mo"
13,Master Room in 938 Tampines Avenue 5,"$1,500/mo"
14,Common Room in Aquarius By The Park,"$1,850/mo"
15,Common Room in Aquarius By The Park,"$1,749/mo"
16,Common Room in Aquarius By The Park,"$1,500/mo"
17,Common Room in 839 Tampines Street 83,$900/mo
18,Room in 932 Tampines Street 91,$850/mo
19,Common Room in 890B Tampines Avenue 1,"$1,400/mo"
20,Room in 887A Tampines Street 81,$900/mo
21,Common Room in 773 Bedok Reservoir View,"$1,000/mo"
22,Common Room in Aquarius By The Park,"$1,649/mo"
23,Master Room in Aquarius By The Park,"$2,849/mo"
24,Common Room in Aquarius By The Park,"$1,949/mo"
25,Master Room in Aquarius By The Park,"$1,380/mo"
26,Common Room in The Clearwater,"$1,280/mo"
27,Master Room in 924 Tampines Street 91,"$1,200/mo"
28,Master Room in Aquarius By The Park,"$1,800/mo"
29,Common Room in 885 Tampines Street 83,"$1,200/mo"
30,Common Room in The Clearwater,"$1,600/mo"
31,Common Room in 850 Tampines Street 82,$650/mo
32,Common Room in 801 Tampines Avenue 4,$900/mo
33,Master Room in 144 Tampines Street 12,"$1,500/mo"
34,Common Room in 911 Tampines Street 91,$950/mo
35,Common Room in 872 Tampines Street 84,"$1,200/mo"
36,Common Room in Eastpoint Green,"$1,400/mo"
37,Master Room in Eastpoint Green,"$2,600/mo"
38,Common Room in 242 Simei Street 5,"$1,200/mo"
39,Common Room in 149 Simei Street 1,"$1,600/mo"
40,Master Room in 255 Tampines Street 21,"$1,800/mo"
41,Common Room in 266 Tampines Street 21,$750/mo
42,Common Room in 94D Bedok North Avenue 4,"$1,200/mo"
43,Common Room in 408 Tampines Street 41,$450/mo
44,Master Room in Eastpoint Green,"$2,650/mo"
45,Master Room in Eastpoint Green,"$2,650/mo"
46,Master Room in 529 Bedok North Street 3,"$1,700/mo"
47,Master Room in Eastpoint Green,"$2,650/mo"
48,Common Room in 244 Simei Street 5,"$1,380/mo"
49,Master Room in The Tampines Trilliant,"$1,600/mo"
50,Common Room in The Tampines Trilliant,"$1,500/mo"
51,Common Room in Waterfront Gold,"$1,250/mo"
52,Master Room in Eastpoint Green,"$2,800/mo"
53,Common Room in 722 Tampines Street 72,"$1,100/mo"
54,Common Room in The Tampines Trilliant,"$1,600/mo"
55,Common Room in Harvey Crescent,$800/mo
56,Common Room in 873 Tampines Street 84,"$1,100/mo"
57,Master Room in 243 Tampines Street 21,"$1,400/mo"
58,Common Room in 705 Tampines Street 71,"$1,000/mo"
59,Master Room in 126 Bedok North Street 2,"$1,250/mo"
60,Common Room in 93 Bedok North Avenue 4,$988/mo
61,Common Room in Eastpoint Green,"$1,450/mo"
62,Common Room in Eastpoint Green,"$1,850/mo"
63,Master Room in Eastpoint Green,"$2,650/mo"
64,Common Room in 402 Bedok North Avenue 3,"$1,200/mo"
65,Master Room in 253 Tampines Street 21,"$1,400/mo"
66,Common Room in 163 Tampines Street 12,"$1,000/mo"
67,Common Room in 126 Bedok North Street 2,"$1,100/mo"
68,Common Room in Arc At Tampines,"$1,500/mo"
69,Common Room in 214 Tampines Street 23,"$1,200/mo"
70,Common Room in 519C Tampines Central 8,"$1,100/mo"
71,Common Room in 715 Tampines Street 71,$550/mo
72,Common Room in East Meadows,"$1,350/mo"
73,Common Room in East Meadows,"$1,300/mo"
74,Common Room in The Springfield,"$1,500/mo"
75,Common Room in 761 Bedok Reservoir View,$970/mo
76,Common Room in Eastpoint Green,"$2,200/mo"
77,Master Room in The Tampines Trilliant,"$1,850/mo"
78,Common Room in Eastpoint Green,"$1,580/mo"
79,Common Room in Eastpoint Green,"$2,749/mo"
80,Master Room in East Meadows,"$1,700/mo"
81,Common Room in 246 Simei Street 5,$750/mo
82,Common Room in Tanamera Crest,"$1,250/mo"
83,Common Room in The Tampines Trilliant,"$1,500/mo"
84,Master Room in The Tampines Trilliant,"$1,950/mo"
85,Common Room in 128 Bedok North Street 2,"$1,000/mo"
86,Common Room in Waterfront Gold,"$2,200/mo"
87,Common Room in 230 Simei Street 4,"$1,150/mo"
88,Common Room in The Tampines Trilliant,"$1,500/mo"
89,Master Room in Modena,"$1,350/mo"
90,Common Room in Eastpoint Green,"$1,600/mo"
91,Common Room in 275 Tampines Street 22,$900/mo
92,Master Room in Eastpoint Green,"$2,650/mo"
93,Common Room in Eastpoint Green,"$1,580/mo"
94,Room in 525 Bedok North Street 3,"$1,500/mo"
95,Common Room in East Meadows,"$1,400/mo"
96,Master Room in Waterview,"$2,308/mo"
97,Master Room in Waterview,"$2,000/mo"
98,Room in 82 Bedok North Road,$600/mo
99,Room in 113 Simei Street 1,"$1,600/mo"
100,Master Room in Tanamera Crest,"$1,200/mo"
101,Common Room in 273 Tampines Street 22,$900/mo
102,Common Room in 253 Simei Street 1,"$1,000/mo"
103,Common Room in 528 Bedok North Street 3,"$1,400/mo"
104,Common Room in 522C Tampines Central 7,"$1,100/mo"
105,Common Room in 528 Bedok North Street 3,"$1,388/mo"
106,Common Room in 230 Simei Street 4,"$1,400/mo"
107,Common Room in 125 Bedok North Road,"$1,200/mo"
108,Room in 233 Simei Street 4,"$1,500/mo"
109,Room in 606D Tampines Street 61,$900/mo
110,Common Room in 82 Bedok North Road,$600/mo
111,Room in Eastpoint Green,"$1,731/mo"
112,Common Room in 244 Simei Street 5,"$1,300/mo"
113,Common Room in 230 Simei Street 4,"$1,200/mo"
114,Master Room in Eastpoint Green,"$2,500/mo"
115,Room in Bedok Road,"$1,900/mo"
116,Common Room in East Meadows,"$1,400/mo"
117,Common Room in 230 Simei Street 4,"$1,150/mo"
118,Room in 244 Simei Street 5,"$1,380/mo"
119,Common Room in 741 Tampines Street 72,$800/mo
120,Common Room in Eastpoint Green,"$2,000/mo"
121,Common Room in 720 Tampines Street 72,$850/mo
122,Common Room in Eastpoint Green,"$1,488/mo"
123,Common Room in 868B Tampines Avenue 8,$600/mo
124,Master Room in Arc At Tampines,"$1,700/mo"
125,Common Room in 526 Bedok North Street 3,$800/mo
126,Room in Eastpoint Green,"$1,400/mo"
127,Master Room in Eastpoint Green,"$1,680/mo"
128,Common Room in Eastpoint Green,"$2,000/mo"
129,Common Room in Eastpoint Green,"$1,680/mo"
130,Common Room in Eastpoint Green,"$1,280/mo"
131,Common Room in 528 Bedok North Street 3,"$1,400/mo"
132,Common Room in 280 Tampines Street 22,"$1,400/mo"
133,Common Room in 735 Tampines Street 72,$900/mo
134,Common Room in 244 Simei Street 5,"$1,300/mo"
135,Common Room in East Meadows,"$1,300/mo"
136,Room in 111 Bedok North Road,"$1,000/mo"
137,Room in 244 Simei Street 5,"$1,200/mo"
138,Room in Eastpoint Green,"$1,280/mo"
139,Common Room in 230 Simei Street 4,$800/mo
140,Common Room in 404 Tampines Street 41,"$1,100/mo"
141,Common Room in 285 Tampines Street 22,$900/mo
142,Master Room in 858 Tampines Avenue 5,"$2,300/mo"
143,Room in Eastpoint Green,"$1,280/mo"
144,Common Room in 406 Tampines Street 41,"$1,150/mo"
145,Room in Eastpoint Green,"$2,488/mo"
146,Room in 122 Simei Street 1,"$1,600/mo"
147,Room in 122 Simei Street 1,"$1,200/mo"
148,Room in Waterview,$880/mo
149,Room in Eastpoint Green,"$1,488/mo"
150,Common Room in Citylife @ Tampines,"$1,500/mo"
151,Room in 406 Tampines Street 41,"$1,200/mo"
152,Room in 93 Bedok North Avenue 4,$900/mo
153,Common Room in Eastpoint Green,"$1,450/mo"
154,Common Room in Eastpoint Green,"$1,499/mo"
155,Master Room in East Meadows,"$1,650/mo"
156,Master Room in 522C Tampines Central 7,"$1,380/mo"
157,Common Room in Eastpoint Green,"$2,400/mo"
158,Master Room in 130 Simei Street 1,$900/mo
159,Room in East Village,"$1,800/mo"
160,Room in Eastpoint Green,"$2,400/mo"
161,Room in 523A Tampines Central 7,"$1,300/mo"
162,Room in Eastpoint Green,"$1,680/mo"
163,Master Room in 406 Tampines Street 41,"$1,700/mo"
164,Master Room in 251 Tampines Street 21,"$1,600/mo"
165,Common Room in 233 Tampines Street 21,$900/mo
166,Room in 240 Tampines Street 21,"$1,350/mo"
167,Room in 240 Tampines Street 21,"$1,350/mo"
168,Room in 406 Tampines Street 41,$900/mo
169,Room in Eastpoint Green,"$2,688/mo"
170,Common Room in East Meadows,"$1,350/mo"
171,Common Room in 728 Tampines Street 71,"$1,000/mo"
172,Room in 605A Tampines Street 61,$950/mo
173,Master Room in Tanamera Crest,"$1,900/mo"
174,Room in Q Bay Residences,"$2,500/mo"
175,Common Room in 259 Tampines Street 21,$900/mo
176,Room in 732 Tampines Street 71,"$1,300/mo"
177,Common Room in 269 Tampines Street 21,"$1,050/mo"
178,Common Room in 876 Tampines Street 84,"$1,500/mo"
179,Common Room in Eastpoint Green,"$1,680/mo"
180,Master Room in 876 Tampines Street 84,"$1,500/mo"
181,Master Room in Eastpoint Green,"$1,480/mo"
182,Master Room in Waterview,"$3,500/mo"
183,Master Room in Waterfront Waves,"$1,788/mo"
184,Master Room in 230 Simei Street 4,"$1,500/mo"
185,Room in East Meadows,"$1,350/mo"
186,Common Room in 528 Bedok North Street 3,"$1,200/mo"
187,Master Room in 129 Bedok North Street 2,"$1,200/mo"
188,Common Room in Eastpoint Green,"$1,288/mo"
189,Common Room in Eastpoint Green,"$1,688/mo"
190,Master Room in Eastpoint Green,"$2,488/mo"
191,Room in Eastpoint Green,"$1,580/mo"
192,Room in The Tampines Trilliant,"$1,600/mo"
193,Room in 410 Tampines Street 41,$900/mo
194,Room in Eastpoint Green,"$1,588/mo"
195,Common Room in 125 Tampines Street 11,"$1,200/mo"
