,Property,Price
0,Master Room in 255 Tampines Street 21,"$1,800/mo"
1,Common Room in 266 Tampines Street 21,$750/mo
2,Master Room in 243 Tampines Street 21,"$1,400/mo"
3,Master Room in 253 Tampines Street 21,"$1,400/mo"
4,Common Room in The Eden At Tampines,"$1,250/mo"
5,Master Room in 363 Tampines Street 34,"$1,500/mo"
6,Common Room in 214 Tampines Street 23,"$1,200/mo"
7,Common Room in 497H Tampines Street 45,"$1,000/mo"
8,Common Room in 227 Tampines Street 23,$850/mo
9,Master Room in 392 Tampines Avenue 7,"$1,700/mo"
10,Common Room in 497H Tampines Street 45,"$1,000/mo"
11,Common Room in 381 Tampines Street 32,"$1,300/mo"
12,Common Room in 212 Tampines Street 23,"$1,000/mo"
13,Common Room in The Eden At Tampines,"$1,450/mo"
14,Common Room in 305 Tampines Street 32,"$1,000/mo"
15,Common Room in 273 Tampines Street 22,$900/mo
16,Common Room in 212 Tampines Street 23,"$1,000/mo"
17,Common Room in 481 Tampines Street 44,"$1,700/mo"
18,Room in 475 Tampines Street 44,"$1,300/mo"
19,Master Room in 439 Tampines Street 43,"$1,500/mo"
20,Common Room in 285 Tampines Street 22,$900/mo
21,Common Room in 406 Tampines Street 41,"$1,150/mo"
22,Room in 406 Tampines Street 41,"$1,200/mo"
23,Common Room in 139 Pasir Ris Street 11,$900/mo
24,Master Room in 406 Tampines Street 41,"$1,700/mo"
25,Master Room in 251 Tampines Street 21,"$1,600/mo"
26,Common Room in 233 Tampines Street 21,$900/mo
27,Room in 240 Tampines Street 21,"$1,350/mo"
28,Room in 240 Tampines Street 21,"$1,350/mo"
29,Room in 406 Tampines Street 41,$900/mo
30,Room in 481 Tampines Street 44,"$2,000/mo"
31,Master Room in The Eden At Tampines,"$1,500/mo"
32,Master Room in 213 Tampines Street 23,"$1,600/mo"
33,Common Room in 340 Tampines Street 33,"$1,100/mo"
34,Common Room in 364 Tampines Street 34,"$1,150/mo"
35,Master Room in 364 Tampines Street 34,"$1,400/mo"
36,Common Room in 259 Tampines Street 21,$900/mo
37,Common Room in 269 Tampines Street 21,"$1,050/mo"
38,Master Room in 142 Pasir Ris Street 11,"$1,200/mo"
39,Common Room in 497H Tampines Street 45,$900/mo
40,Common Room in 464 Tampines Street 44,"$1,400/mo"
41,Room in 410 Tampines Street 41,$900/mo
42,Common Room in 453 Tampines Street 42,$700/mo
43,Master Room in 358 Tampines Street 33,"$1,500/mo"
44,Common Room in 494J Tampines Street 45,$850/mo
45,Common Room in 182 Pasir Ris Street 11,"$1,000/mo"
46,Common Room in Eastpoint Green,"$1,400/mo"
47,Master Room in Eastpoint Green,"$2,600/mo"
48,Common Room in The Palette,"$1,300/mo"
49,Common Room in 531 Pasir Ris Drive 1,"$1,600/mo"
50,Common Room in Azalea Park Condominium,"$1,300/mo"
51,Common Room in 242 Simei Street 5,"$1,200/mo"
52,Common Room in 149 Simei Street 1,"$1,600/mo"
53,Master Room in 113 Tampines Street 11,"$1,299/mo"
54,Common Room in 408 Tampines Street 41,$450/mo
55,Master Room in Eastpoint Green,"$2,650/mo"
56,Master Room in Eastpoint Green,"$2,650/mo"
57,Master Room in Eastpoint Green,"$2,650/mo"
58,Common Room in 244 Simei Street 5,"$1,380/mo"
59,Master Room in The Tampines Trilliant,"$1,600/mo"
60,Common Room in The Tampines Trilliant,"$1,500/mo"
61,Master Room in Eastpoint Green,"$2,800/mo"
62,Master Room in Simei Green Condominium,"$1,800/mo"
63,Master Room in Simei Green Condominium,"$2,800/mo"
64,Common Room in Ferraria Park Condominium,"$1,350/mo"
65,Common Room in Ferraria Park Condominium,"$1,200/mo"
66,Common Room in The Tampines Trilliant,"$1,600/mo"
67,Common Room in Savannah Condopark,"$1,190/mo"
68,Common Room in Azalea Park Condominium,"$1,320/mo"
69,Common Room in Azalea Park Condominium,"$1,350/mo"
70,Common Room in Changi Court,"$1,350/mo"
71,Common Room in Harvey Crescent,$800/mo
72,Common Room in Savannah Condopark,"$1,190/mo"
73,Common Room in Changi Court,"$1,290/mo"
74,Common Room in Simei Green Condominium,"$1,300/mo"
75,Common Room in 705 Tampines Street 71,"$1,000/mo"
76,Common Room in Loyang Villas,"$1,150/mo"
77,Master Room in Simei Green Condominium,"$1,900/mo"
78,Common Room in Eastpoint Green,"$1,450/mo"
79,Common Room in Eastpoint Green,"$1,850/mo"
80,Master Room in Eastpoint Green,"$2,650/mo"
81,Common Room in 525B Pasir Ris Street 51,"$1,000/mo"
82,Common Room in 160 Tampines Street 12,"$1,500/mo"
83,Common Room in 469 Pasir Ris Drive 6,"$1,000/mo"
84,Common Room in 627B Tampines Street 61,"$1,000/mo"
85,Common Room in Changi Court,"$1,280/mo"
86,Common Room in Azalea Park Condominium,"$1,150/mo"
87,Master Room in Ferraria Park Condominium,"$1,700/mo"
88,Common Room in Sunhaven,"$1,350/mo"
89,Common Room in Azalea Park Condominium,"$1,350/mo"
90,Common Room in Changi Court,"$1,350/mo"
91,Common Room in Changi Court,"$1,200/mo"
92,Common Room in 163 Tampines Street 12,"$1,000/mo"
93,Common Room in Tropicana Condominium,"$1,500/mo"
94,Common Room in 519C Tampines Central 8,"$1,100/mo"
95,Common Room in 715 Tampines Street 71,$550/mo
96,Common Room in 110 Pasir Ris Street 11,"$1,200/mo"
97,Room in Melville Park,"$1,349/mo"
98,Common Room in Changi Court,"$1,050/mo"
99,Common Room in Changi Court,"$1,450/mo"
100,Master Room in Azalea Park Condominium,"$1,700/mo"
101,Common Room in Sunhaven,"$1,250/mo"
102,Common Room in Eastpoint Green,"$2,200/mo"
103,Master Room in Azalea Park Condominium,"$1,550/mo"
104,Master Room in Simei Green Condominium,"$2,800/mo"
105,Master Room in Simei Green Condominium,"$2,800/mo"
106,Master Room in Simei Green Condominium,"$2,800/mo"
107,Master Room in Simei Green Condominium,"$2,800/mo"
108,Master Room in Simei Green Condominium,"$2,800/mo"
109,Master Room in Simei Green Condominium,"$2,800/mo"
110,Master Room in Simei Green Condominium,"$2,800/mo"
111,Master Room in Simei Green Condominium,"$2,800/mo"
112,Master Room in Changi Court,"$1,900/mo"
113,Master Room in The Tampines Trilliant,"$1,850/mo"
114,Common Room in Eastpoint Green,"$1,580/mo"
115,Room in 531 Pasir Ris Drive 1,"$1,000/mo"
116,Common Room in Golden Shower Park,"$1,800/mo"
117,Common Room in Eastpoint Green,"$2,749/mo"
118,Common Room in Tropicana Condominium,"$1,500/mo"
119,Common Room in Simei Green Condominium,"$1,680/mo"
120,Master Room in Simei Green Condominium,"$2,680/mo"
121,Room in Bena Park,"$3,000/mo"
122,Common Room in 246 Simei Street 5,$750/mo
123,Common Room in Simei Green Condominium,"$1,449/mo"
124,Common Room in Cascadale,$980/mo
125,Common Room in The Tampines Trilliant,"$1,500/mo"
126,Common Room in Azalea Park Condominium,"$1,320/mo"
127,Master Room in The Tampines Trilliant,"$1,950/mo"
128,Common Room in Estella Gardens,"$1,500/mo"
129,Common Room in 230 Simei Street 4,"$1,150/mo"
130,Common Room in Azalea Park Condominium,"$1,550/mo"
131,Master Room in Azalea Park Condominium,"$1,720/mo"
132,Common Room in Savannah Condopark,"$1,200/mo"
133,Common Room in Savannah Condopark,"$1,300/mo"
134,Common Room in Azalea Park Condominium,"$1,400/mo"
135,Common Room in Simei Green Condominium,"$1,450/mo"
136,Common Room in The Tampines Trilliant,"$1,500/mo"
137,Master Room in Simei Green Condominium,"$2,800/mo"
138,Master Room in Modena,"$1,350/mo"
139,Common Room in Eastpoint Green,"$1,600/mo"
140,Common Room in 275 Tampines Street 22,$900/mo
141,Master Room in Eastpoint Green,"$2,650/mo"
142,Master Room in Simei Green Condominium,"$2,800/mo"
143,Common Room in Simei Green Condominium,"$1,800/mo"
144,Common Room in Eastpoint Green,"$1,580/mo"
145,Common Room in 182 Pasir Ris Street 11,"$1,000/mo"
146,Common Room in Ferraria Park Condominium,"$1,200/mo"
147,Common Room in Savannah Condopark,"$1,190/mo"
148,Master Room in Azalea Park Condominium,"$1,620/mo"
149,Master Room in Azalea Park Condominium,"$1,650/mo"
150,Common Room in Azalea Park Condominium,"$1,250/mo"
151,Common Room in Melville Park,"$1,350/mo"
152,Master Room in Parc Olympia,"$2,490/mo"
153,Common Room in Parc Olympia,"$1,650/mo"
154,Common Room in D'nest,"$1,600/mo"
155,Room in Melville Park,"$1,550/mo"
156,Room in Simei Green Condominium,"$1,700/mo"
157,Room in 113 Simei Street 1,"$1,600/mo"
158,Master Room in 559 Pasir Ris Street 51,"$1,200/mo"
159,Common Room in 253 Simei Street 1,"$1,000/mo"
160,Common Room in 423 Pasir Ris Drive 6,$999/mo
161,Common Room in Melville Park,$800/mo
162,Common Room in 522C Tampines Central 7,"$1,100/mo"
163,Room in Changi Court,"$1,500/mo"
164,Common Room in 230 Simei Street 4,"$1,400/mo"
165,Common Room in 527D Pasir Ris Street 51,"$1,200/mo"
166,Room in 233 Simei Street 4,"$1,500/mo"
167,Room in Simei Green Condominium,"$1,550/mo"
168,Common Room in Changi Court,"$1,600/mo"
169,Master Room in The Esparis,"$1,800/mo"
170,Master Room in 938 Tampines Avenue 5,"$1,500/mo"
171,Master Room in 117 Pasir Ris Street 11,"$1,100/mo"
172,Common Room in 147 Tampines Avenue 5,$900/mo
173,Room in Eastpoint Green,"$1,731/mo"
174,Common Room in 244 Simei Street 5,"$1,300/mo"
175,Room in 554 Pasir Ris Street 51,"$1,050/mo"
176,Room in Palm Isles,"$1,800/mo"
177,Common Room in The Palette,"$1,400/mo"
178,Common Room in 230 Simei Street 4,"$1,200/mo"
179,Master Room in Bena Park,"$2,500/mo"
180,Master Room in Bena Park,"$3,000/mo"
181,Room in Azalea Park Condominium,"$1,300/mo"
182,Master Room in Eastpoint Green,"$2,500/mo"
183,Common Room in Changi Court,"$1,600/mo"
184,Master Room in 938 Tampines Avenue 5,"$1,500/mo"
185,Common Room in D'nest,"$1,600/mo"
186,Common Room in The Esparis,"$1,200/mo"
187,Common Room in Eastvale,"$1,500/mo"
188,Common Room in Simei Green Condominium,"$2,000/mo"
189,Common Room in 182 Pasir Ris Street 11,"$1,000/mo"
190,Master Room in 124 Pasir Ris Street 11,"$1,300/mo"
191,Common Room in 230 Simei Street 4,"$1,150/mo"
192,Room in 244 Simei Street 5,"$1,380/mo"
193,Common Room in Coco Palms,"$1,600/mo"
194,Room in The Inflora,"$1,600/mo"
195,Common Room in Eastpoint Green,"$2,000/mo"
196,Common Room in Eastpoint Green,"$1,488/mo"
197,Master Room in Seagull Walk,"$2,000/mo"
198,Room in The Jovell,"$2,200/mo"
199,Common Room in Bena Park,"$2,500/mo"
200,Master Room in Parc Olympia,"$2,680/mo"
201,Room in Eastpoint Green,"$1,400/mo"
202,Master Room in Eastpoint Green,"$1,680/mo"
203,Common Room in Eastpoint Green,"$2,000/mo"
204,Common Room in 160 Simei Road,"$1,150/mo"
205,Common Room in Eastpoint Green,"$1,680/mo"
206,Common Room in 426 Pasir Ris Drive 6,$800/mo
207,Common Room in 147 Pasir Ris Street 13,"$1,000/mo"
208,Common Room in Eastpoint Green,"$1,280/mo"
209,Common Room in Avila Gardens,"$1,480/mo"
210,Common Room in The Palette,"$1,300/mo"
211,Common Room in 280 Tampines Street 22,"$1,400/mo"
212,Master Room in 107 Pasir Ris Street 12,"$1,600/mo"
213,Common Room in 429 Pasir Ris Drive 6,$980/mo
214,Master Room in Carissa Park Condominium,"$2,400/mo"
215,Common Room in 244 Simei Street 5,"$1,300/mo"
216,Common Room in The Palette,"$1,500/mo"
217,Common Room in 165 Simei Road,"$1,400/mo"
218,Room in 244 Simei Street 5,"$1,200/mo"
219,Master Room in 226 Simei Street 4,"$1,600/mo"
220,Room in 106 Pasir Ris Street 12,"$1,000/mo"
221,Common Room in Simei Green Condominium,"$1,600/mo"
222,Master Room in Simei Green Condominium,"$1,550/mo"
223,Master Room in Coco Palms,"$1,400/mo"
224,Master Room in Melville Park,"$2,300/mo"
225,Common Room in Double Bay Residences,"$1,420/mo"
226,Room in Eastpoint Green,"$1,280/mo"
227,Common Room in Coco Palms,"$1,500/mo"
228,Master Room in The Palette,"$1,300/mo"
229,Common Room in 230 Simei Street 4,$800/mo
230,Common Room in 404 Tampines Street 41,"$1,100/mo"
231,Room in Melville Park,"$1,180/mo"
232,Common Room in Eastvale,"$1,500/mo"
233,Master Room in 858 Tampines Avenue 5,"$2,300/mo"
234,Common Room in The Inflora,"$1,300/mo"
235,Room in Azalea Park Condominium,"$1,320/mo"
236,Room in Eastpoint Green,"$1,280/mo"
237,Master Room in Simei Green Condominium,"$1,650/mo"
238,Room in Melville Park,"$1,280/mo"
239,Room in Eastpoint Green,"$2,488/mo"
240,Room in The Inflora,"$1,800/mo"
241,Room in 122 Simei Street 1,"$1,600/mo"
242,Room in 122 Simei Street 1,"$1,200/mo"
243,Common Room in The Jovell,"$1,600/mo"
244,Room in Melville Park,"$1,550/mo"
245,Room in Eastpoint Green,"$1,488/mo"
246,Room in 158 Simei Road,$900/mo
247,Common Room in Edelweiss Park Condominium,"$1,200/mo"
248,Common Room in Citylife @ Tampines,"$1,500/mo"
249,Master Room in Ballota Park Condominium,"$2,000/mo"
250,Common Room in Simei Green Condominium,"$1,550/mo"
251,Common Room in Eastpoint Green,"$1,450/mo"
252,Common Room in Eastpoint Green,"$1,499/mo"
253,Common Room in Simei Green Condominium,"$2,180/mo"
254,Room in Azalea Park Condominium,"$1,650/mo"
255,Common Room in Simei Green Condominium,"$1,290/mo"
256,Common Room in Savannah Condopark,"$1,190/mo"
257,Common Room in Changi Court,"$1,500/mo"
258,Common Room in Ferraria Park Condominium,"$1,600/mo"
259,Room in Changi Court,"$1,350/mo"
260,Master Room in 924 Tampines Street 91,"$1,200/mo"
261,Master Room in 522C Tampines Central 7,"$1,380/mo"
262,Common Room in Eastpoint Green,"$2,400/mo"
263,Master Room in 130 Simei Street 1,$900/mo
264,Room in 118 Pasir Ris Street 11,"$3,500/mo"
265,Room in Eastpoint Green,"$2,400/mo"
266,Room in 523A Tampines Central 7,"$1,300/mo"
267,Room in Eastpoint Green,"$1,680/mo"
268,Master Room in Ferraria Park Condominium,"$1,200/mo"
269,Common Room in Palm Isles,"$1,200/mo"
270,Room in Eastpoint Green,"$2,688/mo"
271,Master Room in Bena Park,"$3,000/mo"
272,Common Room in Avila Terrace,"$2,900/mo"
273,Common Room in Carissa Park Condominium,"$1,100/mo"
274,Room in The Palette,"$1,250/mo"
275,Room in 182 Pasir Ris Street 11,"$1,000/mo"
276,Common Room in Simei Green Condominium,"$1,450/mo"
277,Room in Carissa Park Condominium,$850/mo
278,Common Room in Melville Park,"$1,499/mo"
279,Common Room in Simei Green Condominium,"$1,350/mo"
280,Room in Simei Green Condominium,"$1,400/mo"
281,Room in 168A Simei Lane,"$1,250/mo"
282,Common Room in Upper Changi Road East,"$1,200/mo"
283,Common Room in D'nest,"$1,400/mo"
284,Room in 110 Pasir Ris Street 11,"$1,000/mo"
285,Room in 546 Pasir Ris Street 51,$950/mo
286,Common Room in Hedges Park Condominium,"$1,500/mo"
287,Common Room in Azalea Park Condominium,"$1,600/mo"
288,Common Room in Eastpoint Green,"$1,680/mo"
289,Master Room in Eastpoint Green,"$1,480/mo"
290,Master Room in 230 Simei Street 4,"$1,500/mo"
291,Master Room in Simei Green Condominium,"$1,600/mo"
292,Master Room in Simei Green Condominium,"$1,600/mo"
293,Master Room in 144 Tampines Street 12,"$1,500/mo"
294,Common Room in Eastpoint Green,"$1,288/mo"
295,Common Room in Eastpoint Green,"$1,688/mo"
296,Master Room in Eastpoint Green,"$2,488/mo"
297,Common Room in 911 Tampines Street 91,$950/mo
298,Room in Eastpoint Green,"$1,580/mo"
299,Common Room in Melville Park,"$1,300/mo"
300,Room in The Tampines Trilliant,"$1,600/mo"
301,Common Room in 526A Pasir Ris Street 51,$550/mo
302,Common Room in Simei Green Condominium,"$1,813/mo"
303,Room in 228 Pasir Ris Street 21,"$1,300/mo"
304,Room in Eastpoint Green,"$1,588/mo"
305,Common Room in 125 Tampines Street 11,"$1,200/mo"
