,Property,Price
0,Common Room in Victoria Park Road,"$2,800/mo"
1,Common Room in Victoria Park Road,"$2,800/mo"
2,Master Room in Victoria Park Close,"$2,900/mo"
3,Room in Lutheran Road,"$1,600/mo"
4,Master Room in Victoria Park Close,"$2,600/mo"
5,Master Room in Watten Estate,"$3,800/mo"
6,Room in Lutheran Road,"$1,600/mo"
7,Common Room in Shelford Suites,"$1,900/mo"
8,Common Room in Victoria Park Close,"$2,800/mo"
9,Common Room in One Duchess,"$2,500/mo"
10,Room in 2 Queen's Road,"$1,500/mo"
11,Master Room in The Tresor,"$2,900/mo"
12,Master Room in Dunearn Estate,"$3,300/mo"
13,Master Room in Willyn Ville,"$3,000/mo"
14,Master Room in Willyn Ville,"$2,700/mo"
15,Master Room in Willyn Ville,"$2,800/mo"
16,Master Room in Sixth Avenue Centre,"$1,600/mo"
17,Master Room in Spanish Village,"$2,500/mo"
18,Master Room in Dynasty Garden,"$2,000/mo"
19,Master Room in Kheam Hock Road,"$3,200/mo"
20,Common Room in Turf Club Road,"$6,500/mo"
21,Common Room in Spanish Village,"$1,600/mo"
22,Common Room in Signature @ Lewis,"$2,500/mo"
23,Room in Kheam Hock Road,"$3,200/mo"
24,Master Room in Jalan Kelabu Asap,"$3,000/mo"
25,Master Room in Orchid Apartments,"$1,200/mo"
26,Master Room in Dynasty Garden,"$2,000/mo"
27,Common Room in 8A Empress Road,"$1,300/mo"
28,Common Room in Dynasty Garden,"$2,500/mo"
29,Common Room in Spanish Village,"$2,400/mo"
30,Master Room in Dynasty Garden,"$2,000/mo"
