,Property,Price
0,Master Room in 126 Bedok North Street 2,"$1,250/mo"
1,Common Room in 182 Bedok North Road,"$1,200/mo"
2,Common Room in 93 Bedok North Avenue 4,$988/mo
3,Common Room in Fortuna Seaview Villas,"$1,500/mo"
4,Room in 182 Bedok North Road,"$1,000/mo"
5,Common Room in Kew Crescent,"$1,350/mo"
6,Common Room in 126 Bedok North Street 2,"$1,100/mo"
7,Common Room in East Meadows,"$1,350/mo"
8,Common Room in East Meadows,"$1,300/mo"
9,Common Room in 42 Bedok South Road,"$1,150/mo"
10,Common Room in The Springfield,"$1,500/mo"
11,Room in Urban Vista,"$1,800/mo"
12,Common Room in 60 New Upper Changi Road,"$1,000/mo"
13,Common Room in 94D Bedok North Avenue 4,"$1,200/mo"
14,Master Room in East Meadows,"$1,700/mo"
15,Common Room in The Tanamera,"$1,290/mo"
16,Common Room in Tanamera Crest,"$1,250/mo"
17,Common Room in 128 Bedok North Street 2,"$1,000/mo"
18,Common Room in Stratford Court,"$1,280/mo"
19,Room in Siew Lim Park,"$2,200/mo"
20,Master Room in Limau Park,"$1,850/mo"
21,Common Room in Summer Gardens,"$1,100/mo"
22,Common Room in East Meadows,"$1,400/mo"
23,Room in 82 Bedok North Road,$600/mo
24,Master Room in Tanamera Crest,"$1,200/mo"
25,Master Room in Tanah Merah Kechil Road South,"$1,700/mo"
26,Common Room in 65 New Upper Changi Road,"$1,200/mo"
27,Common Room in 125 Bedok North Road,"$1,200/mo"
28,Master Room in 157 Bedok South Avenue 3,"$1,500/mo"
29,Common Room in 82 Bedok North Road,$600/mo
30,Master Room in The Glades,"$2,100/mo"
31,Room in 180 Bedok North Road,"$1,200/mo"
32,Room in Bedok Road,"$1,900/mo"
33,Common Room in East Meadows,"$1,400/mo"
34,Master Room in 182 Bedok North Road,"$1,300/mo"
35,Common Room in Siew Lim Park,"$2,200/mo"
36,Common Room in East Meadows,"$1,300/mo"
37,Common Room in The Glades,"$1,600/mo"
38,Room in 93 Bedok North Avenue 4,$900/mo
39,Common Room in 169 Bedok South Avenue 3,$900/mo
40,Master Room in East Meadows,"$1,650/mo"
41,Master Room in Bedokville,"$2,000/mo"
42,Master Room in Bedokville,"$1,800/mo"
43,Master Room in Limau Villas,"$1,800/mo"
44,Master Room in Limau Villas,"$1,800/mo"
45,Room in East Village,"$1,800/mo"
46,Common Room in East Meadows,"$1,350/mo"
47,Master Room in Tanamera Crest,"$1,900/mo"
48,Common Room in 42 Bedok South Road,"$1,000/mo"
49,Room in East Meadows,"$1,350/mo"
50,Master Room in 44 Bedok South Road,"$1,600/mo"
51,Master Room in 129 Bedok North Street 2,"$1,200/mo"
52,Common Room in Summer Gardens,$900/mo
53,Master Room in The Glades,"$6,200/mo"
54,Common Room in Harvey Crescent,$800/mo
55,Common Room in Apollo Gardens,"$1,500/mo"
56,Common Room in Simei Green Condominium,"$1,300/mo"
57,Common Room in 242 Simei Street 5,"$1,200/mo"
58,Common Room in Eastpoint Green,"$1,400/mo"
59,Master Room in Simei Green Condominium,"$1,900/mo"
60,Common Room in Eastpoint Green,"$1,450/mo"
61,Common Room in Eastpoint Green,"$1,850/mo"
62,Master Room in Eastpoint Green,"$2,650/mo"
63,Common Room in 402 Bedok North Avenue 3,"$1,200/mo"
64,Master Room in Eastpoint Green,"$2,600/mo"
65,Room in 214 Bedok North Street 1,"$2,300/mo"
66,Common Room in 131 Bedok North Avenue 3,$950/mo
67,Common Room in The Clearwater,"$1,599/mo"
68,Common Room in 213 Bedok North Street 1,$950/mo
69,Common Room in 10E Bedok South Avenue 2,$988/mo
70,Common Room in 761 Bedok Reservoir View,$970/mo
71,Room in Aquarius By The Park,"$1,500/mo"
72,Master Room in Simei Green Condominium,"$2,800/mo"
73,Master Room in Simei Green Condominium,"$2,800/mo"
74,Master Room in Simei Green Condominium,"$2,800/mo"
75,Master Room in Simei Green Condominium,"$2,800/mo"
76,Master Room in Simei Green Condominium,"$2,800/mo"
77,Master Room in Simei Green Condominium,"$2,800/mo"
78,Master Room in Simei Green Condominium,"$2,800/mo"
79,Master Room in Simei Green Condominium,"$2,800/mo"
80,Common Room in The Calypso,"$1,800/mo"
81,Common Room in Eastpoint Green,"$1,580/mo"
82,Master Room in 10E Bedok South Avenue 2,"$1,600/mo"
83,Master Room in Simei Green Condominium,"$2,800/mo"
84,Master Room in Simei Green Condominium,"$1,800/mo"
85,Common Room in Eastpoint Green,"$2,749/mo"
86,Common Room in Simei Green Condominium,"$1,680/mo"
87,Master Room in Simei Green Condominium,"$2,680/mo"
88,Room in 214 Bedok North Street 1,"$2,600/mo"
89,Common Room in Simei Green Condominium,"$1,449/mo"
90,Common Room in Aquarius By The Park,"$2,000/mo"
91,Common Room in Simei Green Condominium,"$1,450/mo"
92,Master Room in Simei Green Condominium,"$2,800/mo"
93,Master Room in Eastpoint Green,"$2,800/mo"
94,Master Room in Modena,"$1,350/mo"
95,Common Room in Eastpoint Green,"$1,600/mo"
96,Master Room in Eastpoint Green,"$2,650/mo"
97,Master Room in The Calypso,"$1,800/mo"
98,Master Room in Simei Green Condominium,"$2,800/mo"
99,Common Room in Simei Green Condominium,"$1,800/mo"
100,Common Room in Eastpoint Green,"$1,580/mo"
101,Master Room in The Bayshore,"$1,800/mo"
102,Room in Simei Green Condominium,"$1,700/mo"
103,Room in 113 Simei Street 1,"$1,600/mo"
104,Common Room in 253 Simei Street 1,"$1,000/mo"
105,Common Room in Sunbird Park,"$1,600/mo"
106,Room in The Bayshore,$850/mo
107,Room in Simei Green Condominium,"$1,550/mo"
108,Room in The Bayshore,"$1,450/mo"
109,Room in The Bayshore,$850/mo
110,Room in Eastpoint Green,"$1,731/mo"
111,Master Room in Bedok Residences,"$1,700/mo"
112,Master Room in Eastpoint Green,"$2,500/mo"
113,Common Room in Simei Green Condominium,"$2,000/mo"
114,Common Room in Aquarius By The Park,"$1,850/mo"
115,Common Room in Casafina,"$1,100/mo"
116,Common Room in Eastpoint Green,"$2,000/mo"
117,Common Room in Aquarius By The Park,"$1,749/mo"
118,Common Room in Eastpoint Green,"$1,488/mo"
119,Master Room in 39 Bedok South Road,$880/mo
120,Room in Eastpoint Green,"$1,400/mo"
121,Master Room in Eastpoint Green,"$1,680/mo"
122,Common Room in Eastpoint Green,"$2,000/mo"
123,Master Room in 420 Bedok North Street 1,"$1,200/mo"
124,Common Room in Eastpoint Green,"$1,680/mo"
125,Common Room in Eastpoint Green,"$1,280/mo"
126,Common Room in Aquarius By The Park,"$1,500/mo"
127,Common Room in Eastpoint Green,"$2,200/mo"
128,Master Room in Casafina,"$1,400/mo"
129,Room in 111 Bedok North Road,"$1,000/mo"
130,Common Room in Simei Green Condominium,"$1,600/mo"
131,Master Room in Simei Green Condominium,"$1,550/mo"
132,Common Room in 422 Bedok North Road,$700/mo
133,Room in Eastpoint Green,"$1,280/mo"
134,Master Room in Simei Green Condominium,"$1,650/mo"
135,Room in Eastpoint Green,"$2,488/mo"
136,Room in Eastpoint Green,"$1,488/mo"
137,Common Room in Apollo Gardens,"$1,900/mo"
138,Room in 22 Bedok South Avenue 1,"$1,100/mo"
139,Common Room in 773 Bedok Reservoir View,"$1,000/mo"
140,Common Room in Aquarius By The Park,"$1,649/mo"
141,Master Room in Aquarius By The Park,"$2,849/mo"
142,Common Room in Aquarius By The Park,"$1,949/mo"
143,Master Room in Aquarius By The Park,"$1,380/mo"
144,Common Room in Simei Green Condominium,"$1,550/mo"
145,Common Room in Eastpoint Green,"$1,450/mo"
146,Common Room in Eastpoint Green,"$1,499/mo"
147,Common Room in The Clearwater,"$1,280/mo"
148,Master Room in 214 Bedok North Street 1,"$3,600/mo"
149,Common Room in Simei Green Condominium,"$2,180/mo"
150,Common Room in Simei Green Condominium,"$1,290/mo"
151,Common Room in Eastpoint Green,"$2,400/mo"
152,Master Room in Aquarius By The Park,"$1,800/mo"
153,Common Room in 418 Bedok North Avenue 2,"$1,300/mo"
154,Room in Eastpoint Green,"$2,400/mo"
155,Room in Eastpoint Green,"$1,680/mo"
156,Room in 214 Bedok North Street 1,"$2,200/mo"
157,Room in Eastpoint Green,"$2,688/mo"
158,Room in 214 Bedok North Street 1,"$2,600/mo"
159,Common Room in Simei Green Condominium,"$1,450/mo"
160,Room in Laguna 88,"$1,800/mo"
161,Common Room in Simei Green Condominium,"$1,350/mo"
162,Common Room in The Clearwater,"$1,600/mo"
163,Room in Simei Green Condominium,"$1,400/mo"
164,Room in Costa Del Sol,"$3,200/mo"
165,Common Room in 34 Bedok South Avenue 2,"$1,000/mo"
166,Master Room in 40 Bedok South Road,"$1,000/mo"
167,Room in Eastpoint Green,"$1,280/mo"
168,Common Room in Eastpoint Green,"$1,680/mo"
169,Master Room in Eastpoint Green,"$1,480/mo"
170,Master Room in Simei Green Condominium,"$1,600/mo"
171,Master Room in Simei Green Condominium,"$1,600/mo"
172,Common Room in Eastpoint Green,"$1,288/mo"
173,Common Room in Eastpoint Green,"$1,688/mo"
174,Master Room in Eastpoint Green,"$2,488/mo"
175,Room in Eastpoint Green,"$1,580/mo"
176,Common Room in Simei Green Condominium,"$1,813/mo"
177,Room in Eastpoint Green,"$1,588/mo"
