,Property,Price
0,Room in Kreta Ayer Conservation Area,"$2,333/mo"
1,Room in 32 Tras Street,"$3,981/mo"
2,Common Room in People's Park Complex,"$1,200/mo"
3,Common Room in 2 Tanjong Pagar Plaza,"$1,500/mo"
4,Master Room in Fook Hai Building,"$1,400/mo"
5,Common Room in People's Park Complex,"$1,100/mo"
6,Common Room in The Sail @ Marina Bay,"$2,700/mo"
7,Common Room in People's Park Complex,"$1,200/mo"
8,Common Room in People's Park Complex,"$1,699/mo"
9,Common Room in People's Park Complex,"$2,000/mo"
10,Common Room in 538 Upper Cross Street,"$1,300/mo"
11,Common Room in The Sail @ Marina Bay,"$2,500/mo"
12,Common Room in Emerald Garden,"$2,100/mo"
13,Common Room in Emerald Garden,"$2,300/mo"
14,Common Room in The Sail @ Marina Bay,"$2,700/mo"
15,Master Room in The Sail @ Marina Bay,"$3,500/mo"
16,Master Room in Kreta Ayer Conservation Area,"$4,620/mo"
17,Master Room in The Sail @ Marina Bay,"$3,500/mo"
18,Common Room in Emerald Garden,"$2,100/mo"
19,Common Room in Emerald Garden,"$2,200/mo"
20,Room in Skysuites @ Anson,"$3,000/mo"
21,Common Room in The Sail @ Marina Bay,"$2,500/mo"
22,Common Room in The Sail @ Marina Bay,"$2,500/mo"
23,Common Room in The Sail @ Marina Bay,"$2,500/mo"
24,Common Room in The Sail @ Marina Bay,"$2,500/mo"
25,Common Room in People's Park Complex,"$1,699/mo"
26,Common Room in People's Park Complex,"$1,200/mo"
27,Common Room in People's Park Complex,"$1,699/mo"
28,Common Room in International Plaza,"$1,700/mo"
29,Room in Emerald Garden,"$2,100/mo"
30,Master Room in Emerald Garden,"$2,850/mo"
31,Common Room in People's Park Complex,"$1,050/mo"
32,Common Room in 4 Tanjong Pagar Plaza,"$1,500/mo"
33,Master Room in Emerald Garden,"$2,950/mo"
34,Common Room in Emerald Garden,"$2,100/mo"
35,Common Room in Emerald Garden,"$2,250/mo"
36,Common Room in Emerald Garden,"$2,200/mo"
37,Common Room in 333 Kreta Ayer Road,"$3,300/mo"
38,Common Room in 2 Tanjong Pagar Plaza,"$1,500/mo"
39,Master Room in The Sail @ Marina Bay,"$7,000/mo"
40,Common Room in The Sail @ Marina Bay,"$2,800/mo"
41,Common Room in Emerald Garden,"$2,600/mo"
42,Common Room in Emerald Garden,"$2,100/mo"
43,Master Room in Skysuites @ Anson,"$4,388/mo"
44,Room in V On Shenton,"$4,300/mo"
45,Common Room in 1557 Keppel Road,"$3,500/mo"
46,Master Room in The Sail @ Marina Bay,"$3,950/mo"
47,Common Room in The Sail @ Marina Bay,"$2,750/mo"
48,Master Room in International Plaza,"$2,900/mo"
49,Master Room in The Sail @ Marina Bay,"$1,900/mo"
50,Room in One Shenton,"$5,000/mo"
51,Common Room in 18 Cantonment Close,"$1,600/mo"
52,Master Room in Skysuites @ Anson,"$4,200/mo"
53,Common Room in The Sail @ Marina Bay,"$2,500/mo"
54,Room in Skysuites @ Anson,"$4,200/mo"
55,Room in 1F Cantonment Road,"$1,800/mo"
56,Room in Skysuites @ Anson,"$4,500/mo"
57,Master Room in People's Park Complex,"$1,800/mo"
58,Common Room in 4 Tanjong Pagar Plaza,"$1,580/mo"
59,Common Room in 1A Cantonment Road,"$1,900/mo"
60,Common Room in 4 Tanjong Pagar Plaza,"$1,500/mo"
61,Master Room in People's Park Complex,"$1,500/mo"
62,Common Room in People's Park Complex,"$1,300/mo"
63,Room in 1 Cantonment Road,"$1,949/mo"
64,Master Room in People's Park Complex,"$1,450/mo"
65,Common Room in 1 Cantonment Road,"$1,650/mo"
66,Room in V On Shenton,"$4,200/mo"
67,Room in 1F Cantonment Road,"$1,850/mo"
68,Common Room in 8 Cantonment Close,"$1,600/mo"
69,Common Room in 334 Kreta Ayer Road,"$1,200/mo"
70,Common Room in Emerald Garden,"$2,250/mo"
71,Common Room in Emerald Garden,"$2,200/mo"
72,Common Room in 333 Kreta Ayer Road,"$3,300/mo"
73,Common Room in 2 Tanjong Pagar Plaza,"$1,500/mo"
74,Master Room in The Sail @ Marina Bay,"$7,000/mo"
75,Common Room in The Sail @ Marina Bay,"$2,800/mo"
76,Common Room in Emerald Garden,"$2,600/mo"
77,Common Room in Emerald Garden,"$2,100/mo"
78,Master Room in Skysuites @ Anson,"$4,388/mo"
79,Room in V On Shenton,"$4,300/mo"
80,Common Room in 1557 Keppel Road,"$3,500/mo"
81,Master Room in The Sail @ Marina Bay,"$3,950/mo"
82,Common Room in The Sail @ Marina Bay,"$2,750/mo"
83,Master Room in International Plaza,"$2,900/mo"
84,Master Room in The Sail @ Marina Bay,"$1,900/mo"
85,Room in One Shenton,"$5,000/mo"
86,Common Room in 18 Cantonment Close,"$1,600/mo"
87,Master Room in Skysuites @ Anson,"$4,200/mo"
88,Common Room in The Sail @ Marina Bay,"$2,500/mo"
89,Room in Skysuites @ Anson,"$4,200/mo"
90,Room in 1F Cantonment Road,"$1,800/mo"
91,Room in Skysuites @ Anson,"$4,500/mo"
92,Master Room in People's Park Complex,"$1,800/mo"
93,Common Room in 4 Tanjong Pagar Plaza,"$1,580/mo"
94,Common Room in 1A Cantonment Road,"$1,900/mo"
95,Common Room in 4 Tanjong Pagar Plaza,"$1,500/mo"
96,Master Room in People's Park Complex,"$1,500/mo"
97,Common Room in People's Park Complex,"$1,300/mo"
98,Room in 1 Cantonment Road,"$1,949/mo"
99,Master Room in People's Park Complex,"$1,450/mo"
100,Common Room in 1 Cantonment Road,"$1,650/mo"
101,Room in V On Shenton,"$4,200/mo"
102,Room in 1F Cantonment Road,"$1,850/mo"
103,Common Room in 8 Cantonment Close,"$1,600/mo"
104,Common Room in 334 Kreta Ayer Road,"$1,200/mo"
105,Common Room in 2 Tanjong Pagar Plaza,"$1,900/mo"
106,Room in Skysuites @ Anson,"$4,500/mo"
107,Room in Furama City Centre Singapore,"$4,600/mo"
108,Room in Green World,"$3,167/mo"
109,Common Room in UE Square,"$1,950/mo"
110,Master Room in The Riverside Piazza,"$1,600/mo"
111,Master Room in 142 Jalan Bukit Merah,"$1,200/mo"
112,Common Room in UE Square,"$1,950/mo"
113,Common Room in 55 Tiong Bahru Road,"$2,000/mo"
114,Room in Furama City Centre Singapore,"$3,300/mo"
115,Common Room in The Riverside Piazza,"$1,600/mo"
116,Common Room in Spottiswoode Park,"$1,600/mo"
117,Common Room in 144 Jalan Bukit Merah,"$1,000/mo"
118,Common Room in UE Square,"$1,950/mo"
119,Common Room in UE Square,"$1,950/mo"
120,Room in 4B Boon Tiong Road,"$1,300/mo"
121,Master Room in The Riverside Piazza,"$1,600/mo"
122,Room in UE Square,"$2,300/mo"
123,Master Room in 107 Spottiswoode Park Road,"$1,600/mo"
124,Common Room in Spottiswoode Park,"$1,350/mo"
125,Common Room in The Riverside Piazza,"$1,800/mo"
126,Common Room in UE Square,"$2,200/mo"
127,Common Room in UE Square,"$2,400/mo"
128,Common Room in UE Square,"$2,100/mo"
129,Master Room in UE Square,"$2,200/mo"
130,Room in Raeburn Park,"$3,500/mo"
131,Master Room in Spottiswoode Park,"$1,200/mo"
132,Room in UE Square,"$2,000/mo"
133,Master Room in 141 Jalan Bukit Merah,$800/mo
134,Master Room in 66 Eng Watt Street,"$2,600/mo"
135,Common Room in UE Square,"$2,300/mo"
136,Common Room in UE Square,"$2,100/mo"
