,Property,Price
0,Common Room in 132 Choa Chu Kang Avenue 1,$900/mo
1,Common Room in 205 Choa Chu Kang Central,$850/mo
2,Common Room in 230 Choa Chu Kang Central,$700/mo
3,Common Room in Sol Acres,"$1,300/mo"
4,Master Room in 11 Teck Whye Lane,"$1,200/mo"
5,Common Room in 230 Choa Chu Kang Central,$800/mo
6,Master Room in Phoenix Heights,"$2,200/mo"
7,Common Room in 132 Choa Chu Kang Avenue 1,$900/mo
8,Master Room in 154 Jalan Teck Whye,"$1,000/mo"
9,Master Room in 231 Choa Chu Kang Central,"$1,400/mo"
10,Master Room in Sol Acres,"$1,180/mo"
11,Common Room in 809B Choa Chu Kang Avenue 1,"$1,000/mo"
12,Room in Sol Acres,"$1,400/mo"
13,Room in 815B Choa Chu Kang Avenue 7,$850/mo
14,Common Room in 154 Jalan Teck Whye,$850/mo
15,Common Room in Sol Acres,"$1,180/mo"
16,Common Room in 808C Choa Chu Kang Avenue 1,$890/mo
17,Master Room in 118 Teck Whye Lane,"$1,700/mo"
18,Common Room in Hillsta,"$1,400/mo"
19,Common Room in 110 Teck Whye Lane,$750/mo
20,Common Room in 14 Teck Whye Lane,$900/mo
21,Common Room in Nicon Gardens,"$1,900/mo"
22,Master Room in 120 Teck Whye Lane,"$1,800/mo"
23,Common Room in 119 Teck Whye Lane,$700/mo
24,Common Room in Wandervale,$900/mo
25,Master Room in Pavilion Park,"$2,200/mo"
26,Common Room in 816B Keat Hong Link,$800/mo
27,Master Room in 13 Teck Whye Lane,$850/mo
28,Common Room in 11 Teck Whye Lane,$900/mo
29,Common Room in Mi Casa,"$1,400/mo"
30,Common Room in 817B Keat Hong Link,$700/mo
31,Common Room in 120 Teck Whye Lane,"$1,800/mo"
32,Master Room in 3 Teck Whye Avenue,$850/mo
33,Common Room in 212 Choa Chu Kang Central,"$1,200/mo"
34,Common Room in 211 Choa Chu Kang Central,$850/mo
35,Common Room in 211 Choa Chu Kang Central,$850/mo
36,Common Room in The Rainforest,"$1,250/mo"
37,Room in 233 Choa Chu Kang Central,$900/mo
38,Master Room in Phoenix Heights,"$2,200/mo"
39,Master Room in 113 Teck Whye Lane,"$1,500/mo"
40,Master Room in 11 Teck Whye Lane,$900/mo
41,Master Room in 227 Choa Chu Kang Central,"$1,500/mo"
42,Common Room in Wandervale,"$1,050/mo"
43,Common Room in 110 Teck Whye Lane,$700/mo
44,Master Room in 810A Choa Chu Kang Avenue 7,"$1,100/mo"
45,Room in 123 Teck Whye Lane,$750/mo
46,Room in 818B Choa Chu Kang Avenue 1,"$1,000/mo"
47,Common Room in 11 Teck Whye Lane,$900/mo
48,Room in 214 Choa Chu Kang Central,"$1,000/mo"
49,Common Room in 209 Choa Chu Kang Central,"$1,050/mo"
50,Master Room in 154 Jalan Teck Whye,"$1,000/mo"
51,Common Room in Pavilion Park,"$1,500/mo"
52,Room in The Rainforest,"$2,800/mo"
53,Common Room in 105 Teck Whye Lane,$850/mo
54,Master Room in 383 Bukit Batok West Avenue 5,"$1,500/mo"
55,Master Room in 704 Choa Chu Kang Street 53,"$1,000/mo"
56,Common Room in 544 Jelapang Road,"$1,050/mo"
57,Common Room in 366 Bukit Batok Street 31,"$1,000/mo"
58,Common Room in 540 Jelapang Road,$888/mo
59,Common Room in 507 Jelapang Road,$900/mo
60,Common Room in 519 Jelapang Road,"$1,000/mo"
61,Master Room in 323 Bukit Batok Street 33,$400/mo
62,Common Room in 296 Choa Chu Kang Avenue 2,$600/mo
63,Common Room in 150 Petir Road,$750/mo
64,Common Room in 322 Bukit Batok Street 33,$800/mo
65,Common Room in 484C Choa Chu Kang Avenue 5,$800/mo
66,Common Room in 148 Gangsa Road,$850/mo
67,Common Room in Northvale,"$1,190/mo"
68,Common Room in 177 Lompang Road,$900/mo
69,Common Room in 476C Choa Chu Kang Avenue 5,"$1,100/mo"
70,Master Room in 432 Choa Chu Kang Avenue 4,"$1,500/mo"
71,Common Room in 488B Choa Chu Kang Avenue 5,$750/mo
72,Common Room in 758 Choa Chu Kang North 5,$850/mo
73,Common Room in Northvale,"$1,200/mo"
74,Common Room in Hazel Park Condominium,"$1,500/mo"
75,Common Room in 170 Gangsa Road,$900/mo
76,Common Room in 173 Gangsa Road,$950/mo
77,Master Room in 148 Gangsa Road,"$1,050/mo"
78,Common Room in 370 Bukit Batok Street 31,$850/mo
79,Common Room in Northvale,"$1,300/mo"
80,Common Room in 386 Bukit Batok West Avenue 5,"$1,100/mo"
81,Common Room in Bukit 828,"$1,600/mo"
82,Common Room in 606 Senja Road,$800/mo
83,Master Room in 422 Bukit Batok West Avenue 2,"$1,500/mo"
84,Common Room in 354 Choa Chu Kang Central,"$1,000/mo"
85,Common Room in 384 Bukit Batok West Avenue 5,$900/mo
86,Common Room in 631 Senja Road,"$1,100/mo"
87,Room in 385 Bukit Batok West Avenue 5,$900/mo
88,Common Room in 385 Bukit Batok West Avenue 5,$900/mo
89,Common Room in 802B Keat Hong Close,$900/mo
90,Common Room in 101 Gangsa Road,$900/mo
91,Common Room in 437 Fajar Road,"$1,200/mo"
92,Common Room in 641A Senja Close,$900/mo
93,Common Room in 133 Cashew Road,$900/mo
94,Common Room in 621 Senja Road,$850/mo
95,Common Room in 102 Gangsa Road,$950/mo
96,Master Room in 476B Choa Chu Kang Avenue 5,"$1,600/mo"
97,Common Room in 358 Bukit Batok Street 31,$800/mo
98,Common Room in 150 Petir Road,$800/mo
99,Common Room in iNZ Residence,"$1,250/mo"
100,Common Room in 489D Choa Chu Kang Avenue 5,$950/mo
101,Common Room in Cashew Heights Condominium,"$1,500/mo"
102,Common Room in 767 Choa Chu Kang Street 54,"$1,000/mo"
103,Master Room in 175 Lompang Road,$908/mo
104,Common Room in 801C Keat Hong Close,$850/mo
105,Common Room in 307 Choa Chu Kang Avenue 4,"$1,300/mo"
106,Common Room in 384 Bukit Batok West Avenue 5,$900/mo
107,Master Room in The Linear,"$1,800/mo"
108,Common Room in Cashew Heights Condominium,"$1,260/mo"
109,Common Room in 805B Keat Hong Close,$800/mo
110,Common Room in 629 Senja Road,$900/mo
111,Master Room in 338 Bukit Batok Street 34,"$1,100/mo"
112,Common Room in 322 Bukit Batok Street 33,$950/mo
113,Master Room in 370 Bukit Batok Street 31,"$1,200/mo"
114,Room in 506 Choa Chu Kang Street 51,$900/mo
115,Common Room in 164 Gangsa Road,$700/mo
116,Master Room in 426 Bukit Batok West Avenue 2,"$1,000/mo"
117,Master Room in 338 Bukit Batok Street 34,"$1,100/mo"
118,Common Room in Maysprings,"$1,299/mo"
119,Common Room in 633A Senja Road,$900/mo
120,Common Room in 417 Bukit Batok West Avenue 4,$950/mo
121,Common Room in Hillview Park,"$2,000/mo"
122,Common Room in 110 Gangsa Road,"$1,300/mo"
123,Master Room in Maysprings,"$1,299/mo"
124,Room in 611 Bukit Panjang Ring Road,"$1,700/mo"
125,Master Room in The Warren,"$1,800/mo"
126,Common Room in Hazel Park Condominium,"$1,100/mo"
127,Room in Maysprings,"$1,100/mo"
128,Common Room in 412 Saujana Road,$950/mo
129,Room in 619 Bukit Panjang Ring Road,$800/mo
130,Common Room in 647B Senja Close,"$1,400/mo"
131,Common Room in 631 Senja Road,"$1,000/mo"
132,Common Room in 460 Choa Chu Kang Avenue 4,"$1,200/mo"
133,Room in 619 Bukit Panjang Ring Road,$900/mo
134,Common Room in 237 Bukit Panjang Ring Road,$900/mo
135,Master Room in 150 Petir Road,"$1,000/mo"
136,Room in 544 Jelapang Road,"$1,050/mo"
137,Master Room in 502 Jelapang Road,$830/mo
138,Common Room in 123 Pending Road,"$1,100/mo"
139,Common Room in 323 Bukit Batok Street 33,$900/mo
140,Common Room in Maysprings,"$1,099/mo"
141,Common Room in 168 Petir Road,"$1,100/mo"
142,Common Room in 324 Bukit Batok Street 33,$800/mo
143,Common Room in 620 Bukit Panjang Ring Road,"$1,000/mo"
144,Room in Maysprings,"$1,500/mo"
145,Room in 284 Choa Chu Kang Avenue 3,$950/mo
146,Room in Hazel Park Condominium,"$1,800/mo"
147,Common Room in Maysprings,"$1,400/mo"
148,Common Room in 647B Senja Close,"$1,400/mo"
149,Common Room in 620 Bukit Panjang Ring Road,"$1,000/mo"
150,Common Room in 345 Choa Chu Kang Loop,"$1,800/mo"
151,Common Room in 533 Bukit Panjang Ring Road,$950/mo
152,Common Room in 805D Keat Hong Close,"$1,200/mo"
153,Common Room in 175 Lompang Road,$800/mo
154,Room in The Linear,"$2,500/mo"
155,Common Room in Northvale,"$1,290/mo"
156,Common Room in 762 Choa Chu Kang North 5,$850/mo
157,Master Room in 767 Choa Chu Kang Street 54,"$1,000/mo"
158,Common Room in 333 Bukit Batok Street 32,$800/mo
159,Room in 611 Bukit Panjang Ring Road,"$1,300/mo"
160,Common Room in 354 Choa Chu Kang Central,$700/mo
161,Master Room in iNZ Residence,"$1,500/mo"
162,Common Room in 338 Bukit Batok Street 34,$900/mo
163,Master Room in 484B Choa Chu Kang Avenue 5,"$1,000/mo"
164,Room in The Warren,"$1,600/mo"
165,Common Room in Cashew Park Condominium,"$1,450/mo"
166,Common Room in 629 Senja Road,$900/mo
167,Common Room in 412 Saujana Road,$950/mo
168,Room in 323 Bukit Batok Street 33,"$1,200/mo"
169,Master Room in 307 Choa Chu Kang Avenue 4,"$1,450/mo"
170,Common Room in 449 Choa Chu Kang Avenue 4,"$1,000/mo"
171,Master Room in 390 Bukit Batok West Avenue 5,"$1,300/mo"
172,Master Room in Northvale,"$1,690/mo"
173,Common Room in 437 Fajar Road,"$1,000/mo"
174,Common Room in 237 Bukit Panjang Ring Road,$980/mo
175,Common Room in 420 Bukit Batok West Avenue 2,$900/mo
176,Common Room in 545 Bukit Panjang Ring Road,"$1,200/mo"
177,Master Room in Cashew Villas,"$2,500/mo"
178,Room in 636B Senja Road,$990/mo
179,Room in 503 Choa Chu Kang Street 51,"$1,100/mo"
180,Room in 237 Bukit Panjang Ring Road,$950/mo
181,Room in 386 Bukit Batok West Avenue 5,$800/mo
182,Room in 446 Choa Chu Kang Avenue 4,$800/mo
183,Room in 406 Fajar Road,$800/mo
184,Common Room in Maysprings,"$1,100/mo"
185,Room in 487A Choa Chu Kang Avenue 5,$800/mo
186,Master Room in ESPA,"$1,350/mo"
187,Room in 804A Keat Hong Close,"$1,200/mo"
188,Common Room in 288 Choa Chu Kang Avenue 3,$800/mo
189,Room in 622 Senja Road,$900/mo
190,Master Room in 143 Petir Road,"$1,000/mo"
191,Common Room in Northvale,"$1,160/mo"
192,Room in 383 Bukit Batok West Avenue 5,$950/mo
193,Common Room in 323 Bukit Batok Street 33,$988/mo
194,Common Room in 544 Jelapang Road,"$1,000/mo"
195,Common Room in 384 Bukit Batok West Avenue 5,"$1,000/mo"
196,Common Room in 386 Bukit Batok West Avenue 5,$850/mo
197,Common Room in 484B Choa Chu Kang Avenue 5,$800/mo
198,Common Room in 408 Bukit Batok West Avenue 4,"$1,200/mo"
199,Common Room in 333 Bukit Batok Street 32,$900/mo
200,Master Room in 313 Bukit Batok Street 32,"$1,400/mo"
201,Common Room in Northvale,"$1,390/mo"
202,Common Room in Northvale,$950/mo
203,Room in 631 Senja Road,"$1,000/mo"
204,Common Room in 139 Petir Road,"$1,000/mo"
205,Common Room in iNZ Residence,"$1,000/mo"
206,Master Room in 619 Bukit Panjang Ring Road,"$1,600/mo"
207,Common Room in 621 Senja Road,"$1,000/mo"
208,Common Room in Northvale,"$1,200/mo"
209,Room in Cashew Garden,"$1,339/mo"
210,Common Room in 803A Keat Hong Close,$850/mo
211,Room in 611 Bukit Panjang Ring Road,$900/mo
212,Common Room in 315 Bukit Batok Street 32,$500/mo
213,Common Room in 445 Choa Chu Kang Avenue 4,$900/mo
214,Room in 507 Jelapang Road,$750/mo
215,Room in 630 Senja Road,"$1,000/mo"
216,Common Room in 416 Saujana Road,"$1,100/mo"
217,Room in 383 Bukit Batok West Avenue 5,$950/mo
218,Common Room in 655 Senja Road,$850/mo
219,Common Room in 315 Bukit Batok Street 32,$500/mo
220,Common Room in 411 Choa Chu Kang Avenue 3,"$1,200/mo"
221,Master Room in 148 Gangsa Road,"$1,050/mo"
222,Common Room in 284 Choa Chu Kang Avenue 3,$850/mo
223,Master Room in 345 Choa Chu Kang Loop,"$1,500/mo"
224,Master Room in 424 Bukit Batok West Avenue 2,"$1,200/mo"
