,Property,Price
0,Master Room in 62 Telok Blangah Heights,"$1,800/mo"
1,Common Room in 51 Telok Blangah Drive,$700/mo
2,Master Room in Reflections At Keppel Bay,"$3,600/mo"
3,Room in 84 Telok Blangah Heights,"$1,500/mo"
4,Common Room in 80A Telok Blangah Street 31,"$1,250/mo"
5,Room in 80A Telok Blangah Street 31,"$1,200/mo"
6,Common Room in 93B Telok Blangah Street 31,"$1,200/mo"
7,Room in Wishart Road,"$1,600/mo"
8,Room in 80A Telok Blangah Street 31,"$1,200/mo"
9,Room in 80A Telok Blangah Street 31,"$1,200/mo"
10,Room in 93B Telok Blangah Street 31,"$1,500/mo"
11,Master Room in 31 Telok Blangah Rise,"$2,200/mo"
12,Master Room in The Interlace,"$4,000/mo"
13,Common Room in 25 Telok Blangah Crescent,"$1,500/mo"
14,Common Room in Teresa Ville,"$1,800/mo"
15,Master Room in 119 Bukit Merah View,"$1,200/mo"
16,Master Room in 161 Bukit Merah Central,"$2,100/mo"
17,Master Room in Teresa Ville,"$1,100/mo"
18,Common Room in Teresa Ville,"$2,000/mo"
19,Master Room in Teresa Ville,"$2,700/mo"
20,Common Room in 125 Bukit Merah Lane 1,"$1,500/mo"
21,Common Room in 32 Telok Blangah Rise,"$1,300/mo"
22,Common Room in 35 Telok Blangah Rise,$800/mo
23,Room in 125 Bukit Merah Lane 1,"$1,500/mo"
24,Master Room in Teresa Ville,"$2,700/mo"
25,Master Room in 25 Telok Blangah Crescent,"$2,000/mo"
26,Common Room in 47 Lengkok Bahru,$800/mo
27,Common Room in Fragrance Court,"$1,580/mo"
28,Common Room in 14A Telok Blangah Crescent,"$1,300/mo"
29,Master Room in Harbourlights,"$2,900/mo"
30,Common Room in 2 Jalan Bukit Merah,"$1,000/mo"
31,Room in 2 Jalan Bukit Merah,$700/mo
32,Master Room in Pasir Panjang Road,"$2,400/mo"
33,Common Room in 20 Telok Blangah Crescent,"$1,300/mo"
34,Room in 161 Bukit Merah Central,"$1,900/mo"
35,Common Room in 110 Bukit Purmei Road,"$1,288/mo"
36,Common Room in 115 Bukit Merah Central,"$1,200/mo"
37,Room in 116 Bukit Merah Central,"$1,150/mo"
38,Common Room in 27 Telok Blangah Way,"$1,400/mo"
