,Property,Price
0,Room in Kreta Ayer Conservation Area,"$2,333/mo"
1,Room in 32 Tras Street,"$3,981/mo"
2,Room in Furama City Centre Singapore,"$4,600/mo"
3,Common Room in People's Park Complex,"$1,100/mo"
4,Master Room in The Riverside Piazza,"$1,600/mo"
5,Master Room in Fook Hai Building,"$1,400/mo"
6,Master Room in Icon,"$2,700/mo"
7,Common Room in People's Park Complex,"$1,200/mo"
8,Common Room in The Sail @ Marina Bay,"$2,700/mo"
9,Room in Furama City Centre Singapore,"$3,300/mo"
10,Common Room in The Riverside Piazza,"$1,600/mo"
11,Common Room in People's Park Complex,"$1,200/mo"
12,Common Room in People's Park Complex,"$1,699/mo"
13,Common Room in People's Park Complex,"$2,000/mo"
14,Common Room in 538 Upper Cross Street,"$1,300/mo"
15,Common Room in The Sail @ Marina Bay,"$2,500/mo"
16,Common Room in Emerald Garden,"$2,100/mo"
17,Common Room in Emerald Garden,"$2,300/mo"
18,Common Room in The Sail @ Marina Bay,"$2,700/mo"
19,Master Room in The Sail @ Marina Bay,"$3,000/mo"
20,Master Room in Kreta Ayer Conservation Area,"$4,620/mo"
21,Common Room in Emerald Garden,"$2,100/mo"
22,Common Room in Emerald Garden,"$2,200/mo"
23,Room in Skysuites @ Anson,"$3,000/mo"
24,Common Room in The Sail @ Marina Bay,"$2,500/mo"
25,Common Room in The Sail @ Marina Bay,"$2,500/mo"
26,Common Room in The Sail @ Marina Bay,"$2,500/mo"
27,Common Room in People's Park Complex,"$1,699/mo"
28,Common Room in People's Park Complex,"$1,200/mo"
29,Common Room in People's Park Complex,"$1,699/mo"
30,Common Room in International Plaza,"$1,700/mo"
31,Room in Emerald Garden,"$2,100/mo"
32,Master Room in Emerald Garden,"$2,850/mo"
33,Master Room in The Riverside Piazza,"$1,600/mo"
34,Common Room in People's Park Complex,"$1,050/mo"
35,Common Room in 4 Tanjong Pagar Plaza,"$1,500/mo"
36,Master Room in Emerald Garden,"$2,950/mo"
37,Common Room in Emerald Garden,"$2,100/mo"
38,Common Room in Emerald Garden,"$2,250/mo"
39,Common Room in Emerald Garden,"$2,200/mo"
40,Common Room in 333 Kreta Ayer Road,"$3,300/mo"
41,Common Room in The Riverside Piazza,"$1,800/mo"
42,Master Room in The Sail @ Marina Bay,"$7,000/mo"
43,Common Room in The Sail @ Marina Bay,"$2,800/mo"
44,Common Room in Emerald Garden,"$2,600/mo"
45,Common Room in Emerald Garden,"$2,100/mo"
46,Master Room in Skysuites @ Anson,"$4,388/mo"
47,Room in V On Shenton,"$4,300/mo"
48,Master Room in The Sail @ Marina Bay,"$3,950/mo"
49,Common Room in The Sail @ Marina Bay,"$2,750/mo"
50,Master Room in International Plaza,"$2,900/mo"
51,Master Room in The Sail @ Marina Bay,"$1,900/mo"
52,Room in One Shenton,"$5,000/mo"
53,Master Room in Skysuites @ Anson,"$4,200/mo"
54,Common Room in The Sail @ Marina Bay,"$2,500/mo"
55,Room in Skysuites @ Anson,"$4,200/mo"
56,Room in Skysuites @ Anson,"$4,500/mo"
57,Master Room in People's Park Complex,"$1,800/mo"
58,Common Room in 4 Tanjong Pagar Plaza,"$1,580/mo"
59,Common Room in 1A Cantonment Road,"$1,900/mo"
60,Common Room in 4 Tanjong Pagar Plaza,"$1,500/mo"
61,Master Room in People's Park Complex,"$1,500/mo"
62,Common Room in People's Park Complex,"$1,300/mo"
63,Room in 1 Cantonment Road,"$1,949/mo"
64,Master Room in People's Park Complex,"$1,450/mo"
65,Common Room in 1 Cantonment Road,"$1,650/mo"
66,Room in V On Shenton,"$4,200/mo"
67,Common Room in 334 Kreta Ayer Road,"$1,200/mo"
68,Room in Skysuites @ Anson,"$4,500/mo"
69,Room in 48 Bencoolen Street,"$4,333/mo"
70,Room in 12 Queen Street,"$5,000/mo"
71,Room in Green World,"$3,167/mo"
72,Common Room in UE Square,"$1,950/mo"
73,Common Room in Mirage Tower,"$1,300/mo"
74,Common Room in UE Square,"$1,950/mo"
75,Common Room in 55 Tiong Bahru Road,"$2,000/mo"
76,Master Room in Orchard Court,"$2,000/mo"
77,Common Room in 2 Tanjong Pagar Plaza,"$1,500/mo"
78,Common Room in Bencoolen House,"$1,600/mo"
79,Master Room in Orchard Court,"$2,000/mo"
80,Common Room in Euro-Asia Court,"$1,450/mo"
81,Master Room in Euro-Asia Court,"$2,600/mo"
82,Common Room in Spottiswoode Park,"$1,600/mo"
83,Master Room in Langston Ville,"$2,700/mo"
84,Common Room in Oleanas Residence,"$1,900/mo"
85,Common Room in Euro-Asia Court,"$1,250/mo"
86,Common Room in UE Square,"$1,950/mo"
87,Common Room in UE Square,"$1,950/mo"
88,Common Room in River Valley Court,"$1,280/mo"
89,Room in Langston Ville,"$2,700/mo"
90,Room in 4B Boon Tiong Road,"$1,300/mo"
91,Room in UE Square,"$2,300/mo"
92,Master Room in 107 Spottiswoode Park Road,"$1,600/mo"
93,Master Room in Mirage Tower,"$2,700/mo"
94,Common Room in 232 Bain Street,"$1,418/mo"
95,Common Room in Spottiswoode Park,"$1,350/mo"
96,Common Room in 2 Tanjong Pagar Plaza,"$1,500/mo"
97,Common Room in UE Square,"$2,200/mo"
98,Common Room in Mirage Tower,"$1,850/mo"
99,Common Room in Aspen Heights,"$1,500/mo"
100,Common Room in Lloyd Mansion,"$2,000/mo"
101,Common Room in 1557 Keppel Road,"$3,500/mo"
102,Common Room in Aspen Heights,"$1,200/mo"
103,Common Room in UE Square,"$2,400/mo"
104,Common Room in UE Square,"$2,100/mo"
105,Master Room in UE Square,"$2,200/mo"
106,Room in Raeburn Park,"$3,500/mo"
107,Common Room in 18 Cantonment Close,"$1,600/mo"
108,Master Room in Spottiswoode Park,"$1,200/mo"
109,Room in 1F Cantonment Road,"$1,800/mo"
110,Room in UE Square,"$2,000/mo"
111,Common Room in Hollywood Apartments,"$1,550/mo"
112,Room in Mirage Tower,"$2,700/mo"
113,Master Room in 66 Eng Watt Street,"$2,600/mo"
114,Room in 232 Bain Street,"$1,500/mo"
115,Common Room in UE Square,"$2,300/mo"
116,Common Room in UE Square,"$2,100/mo"
117,Master Room in 75BR,"$4,200/mo"
118,Room in 1F Cantonment Road,"$1,850/mo"
119,Common Room in 263 Waterloo Street,"$1,400/mo"
120,Master Room in Bencoolen House,"$2,200/mo"
121,Master Room in Beach Road Conservation Area,"$3,800/mo"
122,Common Room in 8 Cantonment Close,"$1,600/mo"
123,Common Room in 2 Tanjong Pagar Plaza,"$1,900/mo"
