,Property,Price
0,Common Room in 414B Fernvale Link,"$1,000/mo"
1,Common Room in 409A Fernvale Road,$800/mo
2,Master Room in 448A Sengkang West Way,"$1,300/mo"
3,Common Room in 468B Fernvale Link,$850/mo
4,Common Room in 469B Sengkang West Way,$700/mo
5,Common Room in 470B Fernvale Link,$850/mo
6,Common Room in 412B Fernvale Link,"$1,150/mo"
7,Common Room in Rivertrees Residences,"$1,100/mo"
8,Common Room in 430B Fernvale Link,$900/mo
9,Common Room in Lush Acres,"$1,000/mo"
10,Common Room in H2O Residences,"$1,350/mo"
11,Master Room in 410A Fernvale Road,"$1,800/mo"
12,Room in High Park Residences,"$1,300/mo"
13,Room in 470B Fernvale Link,$850/mo
14,Common Room in 441B Fernvale Road,$950/mo
15,Common Room in 440C Fernvale Link,"$1,050/mo"
16,Common Room in 434A Fernvale Road,$950/mo
17,Room in 448A Sengkang West Way,$900/mo
18,Room in 453D Fernvale Road,$980/mo
19,Common Room in 445B Fernvale Road,"$1,000/mo"
20,Common Room in 446C Jalan Kayu,$900/mo
21,Common Room in Seletar Hills Estate,$950/mo
22,Master Room in 313D Anchorvale Road,"$1,200/mo"
23,Master Room in Bellewaters,"$1,500/mo"
24,Common Room in 308C Anchorvale Road,"$1,000/mo"
25,Master Room in Luxus Hill View,"$2,000/mo"
26,Common Room in 311D Anchorvale Lane,$900/mo
27,Common Room in 331C Anchorvale Street,$900/mo
28,Master Room in The Topiary,"$1,100/mo"
29,Common Room in The Topiary,"$1,100/mo"
30,Common Room in The Topiary,"$1,000/mo"
31,Common Room in The Topiary,"$1,200/mo"
32,Room in 334B Anchorvale Crescent,"$1,800/mo"
33,Room in 306C Anchorvale Link,"$1,000/mo"
34,Master Room in 325B Sengkang East Way,"$1,500/mo"
35,Common Room in 322A Anchorvale Drive,$900/mo
36,Common Room in 320B Anchorvale Drive,$900/mo
37,Common Room in The Topiary,"$2,300/mo"
38,Master Room in 351A Anchorvale Road,"$1,600/mo"
39,Common Room in The Gardens At Gerald,$600/mo
40,Master Room in 406B Fernvale Road,"$1,000/mo"
41,Common Room in 305B Anchorvale Link,$850/mo
42,Common Room in Treasure Crest,$600/mo
43,Common Room in 319A Anchorvale Drive,$900/mo
44,Master Room in 332B Anchorvale Link,"$2,200/mo"
45,Common Room in Bellewaters,"$1,200/mo"
46,Common Room in 322B Anchorvale Drive,"$1,100/mo"
47,Master Room in Luxus Hills,"$2,200/mo"
48,Master Room in The Topiary,"$1,100/mo"
49,Room in 978D Buangkok Crescent,$950/mo
50,Room in 981C Buangkok Crescent,"$1,300/mo"
51,Common Room in 322A Anchorvale Drive,"$1,200/mo"
52,Master Room in 303B Anchorvale Link,"$1,100/mo"
53,Common Room in 322A Anchorvale Drive,$850/mo
54,Common Room in 319B Anchorvale Drive,$600/mo
55,Room in 351A Anchorvale Road,"$1,800/mo"
56,Common Room in 334B Anchorvale Crescent,"$1,500/mo"
57,Common Room in 228B Punggol Field,$800/mo
58,Room in The Topiary,"$2,450/mo"
59,Room in The Topiary,"$2,450/mo"
60,Common Room in Treasure Crest,"$1,200/mo"
61,Master Room in 228B Punggol Field,"$1,500/mo"
62,Room in 303B Anchorvale Link,$800/mo
63,Common Room in 302C Anchorvale Link,$800/mo
64,Common Room in 313B Anchorvale Road,$990/mo
65,Common Room in 981C Buangkok Crescent,$800/mo
