,Property,Price
0,Room in Green World,"$3,167/mo"
1,Common Room in Central Green Condominium,"$1,950/mo"
2,Common Room in Central Green Condominium,"$1,950/mo"
3,Common Room in 77 Indus Road,"$1,200/mo"
4,Common Room in 2 Delta Avenue,"$1,500/mo"
5,Common Room in 128 Bukit Merah View,"$1,350/mo"
6,Common Room in 56 Havelock Road,"$1,200/mo"
7,Common Room in 55 Tiong Bahru Road,"$2,000/mo"
8,Master Room in 119 Bukit Merah View,"$1,200/mo"
9,Common Room in 129 Bukit Merah View,$950/mo
10,Room in 26C Jalan Membina,"$1,310/mo"
11,Room in 4B Boon Tiong Road,"$1,300/mo"
12,Common Room in 26C Jalan Membina,"$1,300/mo"
13,Common Room in Great World City,"$1,950/mo"
14,Room in 2 Delta Avenue,"$1,400/mo"
15,Master Room in Kai Fook Mansion,"$2,000/mo"
16,Common Room in Kai Fook Mansion,"$1,500/mo"
17,Master Room in Kai Fook Mansion,"$2,500/mo"
18,Master Room in 22 Havelock Road,"$1,800/mo"
19,Common Room in 22 Havelock Road,"$1,300/mo"
20,Common Room in 22 Havelock Road,"$1,350/mo"
21,Common Room in 130 Bukit Merah View,"$1,100/mo"
22,Common Room in 83 Redhill Lane,"$1,800/mo"
23,Common Room in 26C Jalan Membina,"$1,200/mo"
24,Common Room in 25A Jalan Membina,"$1,400/mo"
25,Common Room in Emerald Park,"$1,090/mo"
26,Master Room in 9A Boon Tiong Road,"$1,600/mo"
27,Master Room in 95A Henderson Road,"$2,500/mo"
28,Common Room in River Valley Road,"$2,100/mo"
29,Common Room in River Valley Road,"$1,600/mo"
30,Common Room in 125 Bukit Merah View,"$1,200/mo"
31,Master Room in 118D Jalan Membina,"$2,500/mo"
32,Master Room in 66 Eng Watt Street,"$2,600/mo"
33,Common Room in 128 Bukit Merah View,"$1,400/mo"
34,Common Room in Kai Fook Mansion,"$1,590/mo"
35,Master Room in 38 Beo Crescent,"$2,200/mo"
36,Master Room in 118C Jalan Membina,"$1,311/mo"
37,Room in 124B Bukit Merah View,"$1,400/mo"
38,Room in Emerald Park,"$1,688/mo"
39,Room in 38 Beo Crescent,"$1,300/mo"
40,Common Room in 22 Havelock Road,$500/mo
41,Common Room in 5 Delta Avenue,"$1,100/mo"
42,Common Room in 5 Delta Avenue,$800/mo
43,Room in Kreta Ayer Conservation Area,"$2,333/mo"
44,Room in Furama City Centre Singapore,"$4,600/mo"
45,Common Room in UE Square,"$1,950/mo"
46,Common Room in People's Park Complex,"$1,200/mo"
47,Master Room in Tiara,"$2,600/mo"
48,Master Room in The Riverside Piazza,"$1,600/mo"
49,Master Room in 142 Jalan Bukit Merah,"$1,200/mo"
50,Common Room in 25 Telok Blangah Crescent,"$1,500/mo"
51,Common Room in People's Park Complex,"$1,100/mo"
52,Common Room in Teresa Ville,"$1,800/mo"
53,Common Room in UE Square,"$1,950/mo"
54,Room in Furama City Centre Singapore,"$3,300/mo"
55,Common Room in The Riverside Piazza,"$1,600/mo"
56,Master Room in 161 Bukit Merah Central,"$2,100/mo"
57,Master Room in Teresa Ville,"$1,100/mo"
58,Common Room in People's Park Complex,"$1,200/mo"
59,Common Room in People's Park Complex,"$1,699/mo"
60,Common Room in People's Park Complex,"$2,000/mo"
61,Common Room in Euro-Asia Court,"$1,450/mo"
62,Master Room in Euro-Asia Court,"$2,600/mo"
63,Common Room in 52 Lengkok Bahru,"$1,500/mo"
64,Common Room in Spottiswoode Park,"$1,600/mo"
65,Master Room in Langston Ville,"$2,700/mo"
66,Room in Studio 3,"$4,000/mo"
67,Common Room in Oleanas Residence,"$1,900/mo"
68,Room in Studio 3,"$4,000/mo"
69,Common Room in Euro-Asia Court,"$1,250/mo"
70,Master Room in Kreta Ayer Conservation Area,"$4,620/mo"
71,Common Room in 144 Jalan Bukit Merah,"$1,000/mo"
72,Common Room in UE Square,"$1,950/mo"
73,Common Room in Teresa Ville,"$2,000/mo"
74,Master Room in Teresa Ville,"$2,700/mo"
75,Common Room in People's Park Complex,"$1,699/mo"
76,Common Room in People's Park Complex,"$1,200/mo"
77,Common Room in UE Square,"$1,950/mo"
78,Common Room in River Valley Court,"$1,280/mo"
79,Common Room in People's Park Complex,"$1,699/mo"
80,Common Room in 32 Telok Blangah Rise,"$1,300/mo"
81,Room in Langston Ville,"$2,700/mo"
82,Common Room in 35 Telok Blangah Rise,$800/mo
83,Master Room in The Riverside Piazza,"$1,600/mo"
84,Room in UE Square,"$2,300/mo"
85,Master Room in 107 Spottiswoode Park Road,"$1,600/mo"
86,Master Room in Mirage Tower,"$2,700/mo"
87,Common Room in Riverdale Residence,"$1,800/mo"
88,Room in Illuminaire On Devonshire,"$4,000/mo"
89,Common Room in People's Park Complex,"$1,050/mo"
90,Master Room in Teresa Ville,"$2,700/mo"
91,Common Room in Spottiswoode Park,"$1,350/mo"
92,Common Room in 333 Kreta Ayer Road,"$3,300/mo"
93,Common Room in The Riverside Piazza,"$1,800/mo"
94,Common Room in UE Square,"$2,200/mo"
95,Master Room in 25 Telok Blangah Crescent,"$2,000/mo"
96,Common Room in Mirage Tower,"$1,850/mo"
97,Common Room in Aspen Heights,"$1,500/mo"
98,Common Room in Lloyd Mansion,"$2,000/mo"
99,Common Room in Aspen Heights,"$1,200/mo"
100,Common Room in Yong An Park,"$1,650/mo"
101,Common Room in 47 Lengkok Bahru,$800/mo
102,Common Room in UE Square,"$2,400/mo"
103,Common Room in 14A Telok Blangah Crescent,"$1,300/mo"
104,Common Room in UE Square,"$2,100/mo"
105,Common Room in Tiara,"$1,000/mo"
106,Room in Jervois Meadows,"$1,800/mo"
107,Common Room in 133 Clarence Lane,"$1,100/mo"
108,Master Room in UE Square,"$2,200/mo"
109,Room in Raeburn Park,"$3,500/mo"
110,Master Room in River Valley Apartments,"$2,200/mo"
111,Common Room in Kellock Lodge,"$1,500/mo"
112,Master Room in 75C Redhill Road,"$1,850/mo"
113,Master Room in 37A Jalan Rumah Tinggi,"$2,200/mo"
114,Common Room in 18 Cantonment Close,"$1,600/mo"
115,Master Room in Spottiswoode Park,"$1,200/mo"
116,Room in 1F Cantonment Road,"$1,800/mo"
117,Room in UE Square,"$2,000/mo"
118,Common Room in Jalan Arnap,"$2,000/mo"
119,Common Room in 38 Jalan Rumah Tinggi,"$1,100/mo"
120,Master Room in People's Park Complex,"$1,800/mo"
121,Master Room in 141 Jalan Bukit Merah,$800/mo
122,Room in Mirage Tower,"$2,700/mo"
123,Common Room in 20 Telok Blangah Crescent,"$1,300/mo"
124,Room in 161 Bukit Merah Central,"$1,900/mo"
125,Common Room in 1A Cantonment Road,"$1,900/mo"
126,Common Room in UE Square,"$2,300/mo"
127,Common Room in 110 Bukit Purmei Road,"$1,288/mo"
128,Common Room in UE Square,"$2,100/mo"
129,Common Room in 115 Bukit Merah Central,"$1,200/mo"
130,Master Room in People's Park Complex,"$1,500/mo"
131,Common Room in People's Park Complex,"$1,300/mo"
132,Room in The Metz,"$5,500/mo"
133,Room in Spring Grove,"$2,488/mo"
134,Common Room in Hoot Kiam Mansion,"$1,700/mo"
135,Common Room in 96B Dawson Road,"$1,500/mo"
136,Room in 1 Cantonment Road,"$1,949/mo"
137,Common Room in Horizon Towers,"$1,700/mo"
138,Master Room in People's Park Complex,"$1,450/mo"
139,Common Room in 1 Cantonment Road,"$1,650/mo"
140,Room in 116 Bukit Merah Central,"$1,150/mo"
141,Common Room in 76 Redhill Road,"$1,500/mo"
142,Room in 8 St Thomas,"$8,000/mo"
143,Room in OUE Twin Peaks,"$5,300/mo"
144,Common Room in Rainbow Mansions,"$2,800/mo"
145,Common Room in 27 Telok Blangah Way,"$1,400/mo"
146,Room in 1F Cantonment Road,"$1,850/mo"
147,Common Room in 8 Cantonment Close,"$1,600/mo"
148,Common Room in 334 Kreta Ayer Road,"$1,200/mo"
