,Property,Price
0,Common Room in Ritz Mansions,"$1,380/mo"
1,Common Room in 85A Lorong 4 Toa Payoh,$800/mo
2,Common Room in Ritz Mansions,"$1,450/mo"
3,Common Room in 264 Toa Payoh East,"$1,600/mo"
4,Common Room in 201 Toa Payoh North,$950/mo
5,Common Room in 138C Lorong 1A Toa Payoh,"$1,500/mo"
6,Common Room in 241 Kim Keat Link,"$1,300/mo"
7,Common Room in 50 Lorong 5 Toa Payoh,"$1,000/mo"
8,Common Room in 110 Lorong 1 Toa Payoh,"$1,000/mo"
9,Master Room in 101 Jalan Rajah,"$1,200/mo"
10,Common Room in 157 Lorong 1 Toa Payoh,"$1,200/mo"
11,Common Room in 178 Toa Payoh Central,$800/mo
12,Common Room in 158 Lorong 1 Toa Payoh,"$2,400/mo"
13,Master Room in Vista Residences,"$2,700/mo"
14,Common Room in Gem Residences,"$1,380/mo"
15,Common Room in 101B Lorong 2 Toa Payoh,"$1,000/mo"
16,Master Room in Mandalay Mansion,"$1,600/mo"
17,Common Room in Ritz Mansions,"$1,200/mo"
18,Master Room in Gem Residences,"$3,100/mo"
19,Common Room in 53 Lorong 5 Toa Payoh,"$1,000/mo"
20,Master Room in 138C Lorong 1A Toa Payoh,"$2,000/mo"
21,Master Room in Neem Tree,"$2,100/mo"
22,Master Room in 94 Lorong 4 Toa Payoh,"$1,200/mo"
23,Master Room in 101 Jalan Rajah,"$1,500/mo"
24,Common Room in Summer Green,"$1,320/mo"
25,Common Room in 100 Lorong 1 Toa Payoh,$450/mo
26,Common Room in 95 Lorong 4 Toa Payoh,"$1,300/mo"
27,Master Room in Vista Residences,"$2,800/mo"
28,Common Room in 121 Lorong 2 Toa Payoh,"$1,800/mo"
29,Common Room in Trevista,"$1,600/mo"
30,Common Room in 153 Lorong 2 Toa Payoh,"$1,100/mo"
31,Master Room in 85C Lorong 4 Toa Payoh,"$1,200/mo"
32,Common Room in 110 Lorong 1 Toa Payoh,"$1,100/mo"
33,Common Room in 80A Lorong 4 Toa Payoh,"$1,450/mo"
34,Master Room in 38 Lorong 5 Toa Payoh,"$1,200/mo"
35,Common Room in Vista Residences,"$1,800/mo"
36,Common Room in Neem Tree,"$2,100/mo"
37,Common Room in Neem Tree,"$1,600/mo"
38,Common Room in Balestier Plaza,"$1,400/mo"
39,Master Room in 154 Lorong 2 Toa Payoh,"$1,800/mo"
40,Common Room in Mandalay Mansion,"$1,050/mo"
41,Common Room in Mandalay Mansion,"$1,200/mo"
42,Common Room in 102 Jalan Dusun,"$1,200/mo"
43,Common Room in 98 Lorong 1 Toa Payoh,$750/mo
44,Master Room in 152 Lorong 2 Toa Payoh,"$2,000/mo"
45,Common Room in 94 Lorong 4 Toa Payoh,"$1,050/mo"
46,Common Room in 38 Lorong 5 Toa Payoh,"$1,200/mo"
47,Common Room in Balestier Plaza,"$1,400/mo"
48,Common Room in De Royale,"$1,750/mo"
49,Common Room in De Royale,"$1,750/mo"
50,Common Room in Mandalay Mansion,"$1,200/mo"
51,Common Room in 101 Ah Hood Road,"$1,100/mo"
52,Master Room in Balestier Plaza,"$2,300/mo"
53,Room in 36 Lorong 5 Toa Payoh,"$1,200/mo"
54,Room in 101 Ah Hood Road,"$1,000/mo"
55,Room in Balestier Plaza,"$1,350/mo"
56,Common Room in Boon Teck Towers,"$1,300/mo"
57,Common Room in 81A Lorong 4 Toa Payoh,"$1,300/mo"
58,Common Room in Nadia Mansions,"$1,200/mo"
59,Common Room in 101B Lorong 2 Toa Payoh,$900/mo
60,Master Room in 101 Jalan Rajah,"$1,300/mo"
61,Room in 79A Toa Payoh Central,"$1,300/mo"
62,Room in 53 Lorong 5 Toa Payoh,$850/mo
63,Master Room in Vista Residences,"$2,700/mo"
64,Common Room in Rajah Tower,"$1,800/mo"
65,Master Room in 109 Lorong 1 Toa Payoh,"$3,300/mo"
66,Room in The Arte,"$2,500/mo"
67,Common Room in 53 Lorong 5 Toa Payoh,"$1,000/mo"
68,Common Room in 139A Lorong 1A Toa Payoh,"$1,800/mo"
69,Master Room in The Belleforte,"$1,450/mo"
70,Common Room in 204 Toa Payoh North,"$1,250/mo"
71,Room in 109 Lorong 1 Toa Payoh,"$2,350/mo"
72,Room in 163 Lorong 1 Toa Payoh,"$1,200/mo"
73,Room in 95 Lorong 4 Toa Payoh,"$1,500/mo"
74,Common Room in 237 Lorong 1 Toa Payoh,"$1,200/mo"
75,Room in 109 Lorong 1 Toa Payoh,"$2,350/mo"
76,Common Room in 109 Lorong 1 Toa Payoh,"$2,800/mo"
77,Common Room in 143 Lorong 2 Toa Payoh,"$1,200/mo"
78,Room in 109 Lorong 1 Toa Payoh,"$2,500/mo"
79,Master Room in 122 Lorong 2 Toa Payoh,"$1,500/mo"
80,Common Room in Nova 48,"$1,300/mo"
81,Common Room in 59 Lorong 5 Toa Payoh,$800/mo
82,Master Room in 79B Toa Payoh Central,"$1,888/mo"
83,Room in 102 Jalan Dusun,"$1,400/mo"
84,Common Room in Nadia Mansions,"$1,600/mo"
85,Master Room in 109 Lorong 1 Toa Payoh,"$1,550/mo"
86,Room in 201 Toa Payoh North,"$1,000/mo"
87,Common Room in 122 Lorong 2 Toa Payoh,$800/mo
88,Room in 152 Lorong 2 Toa Payoh,"$1,400/mo"
89,Master Room in Gem Residences,"$2,500/mo"
90,Common Room in 193 Lorong 4 Toa Payoh,"$1,000/mo"
91,Common Room in 201 Toa Payoh North,$800/mo
92,Common Room in Balestier Point,"$1,200/mo"
93,Master Room in Ava Towers,"$1,850/mo"
94,Common Room in Tianso Heights,"$1,850/mo"
95,Common Room in 19 Jalan Tenteram,"$1,000/mo"
96,Common Room in Braddell View,"$1,600/mo"
97,Common Room in 5 Saint George's Lane,"$1,200/mo"
98,Master Room in The Interweave,"$2,600/mo"
99,Master Room in 138 Bishan Street 12,"$1,550/mo"
100,Common Room in The Tre Ver,"$1,800/mo"
101,Common Room in 122 Mcnair Road,"$1,500/mo"
102,Common Room in 122 Mcnair Road,"$1,500/mo"
103,Common Room in 8 Saint George's Lane,"$1,600/mo"
104,Common Room in 113 Potong Pasir Avenue 1,"$1,000/mo"
105,Common Room in 74 Whampoa Drive,"$1,100/mo"
106,Common Room in 74 Whampoa Drive,$750/mo
107,Common Room in 112 Lorong 1 Toa Payoh,$550/mo
108,Common Room in 167 Bishan Street 13,"$1,000/mo"
109,Master Room in Ava Towers,"$1,850/mo"
110,Common Room in Bassein Court,$950/mo
111,Common Room in 20 Lorong 7 Toa Payoh,$800/mo
112,Common Room in Braddell View,"$1,800/mo"
113,Common Room in 12 Lorong 7 Toa Payoh,$600/mo
114,Common Room in Braddell View,"$1,600/mo"
115,Common Room in 25 Toa Payoh East,$900/mo
116,Common Room in The Huntington,"$2,750/mo"
117,Common Room in The Tre Ver,"$2,200/mo"
118,Room in 255 Kim Keat Avenue,"$1,200/mo"
119,Common Room in Regal Court,"$1,000/mo"
120,Master Room in Novena Court,"$1,900/mo"
121,Common Room in 110 Bishan Street 12,"$1,200/mo"
122,Common Room in Tianso Heights,"$1,850/mo"
123,Master Room in Ava Towers,"$1,850/mo"
124,Common Room in 14 Saint George's Road,$500/mo
125,Room in 54 Jalan Ma'Mor,"$1,050/mo"
126,Common Room in 5 Saint George's Lane,"$1,200/mo"
127,Common Room in 144 Potong Pasir Avenue 2,$950/mo
128,Common Room in 112 Whampoa Road,"$1,000/mo"
129,Common Room in Kim Keat House,"$1,350/mo"
130,Room in 17 Jalan Tenteram,$550/mo
131,Common Room in 17 Jalan Tenteram,$550/mo
132,Master Room in 205 Toa Payoh North,"$2,400/mo"
133,Room in Soleil @ Sinaran,"$4,280/mo"
134,Room in 224 Lorong 8 Toa Payoh,$950/mo
135,Common Room in Braddell View,"$1,050/mo"
136,Room in Thomson Euro-Asia,"$1,400/mo"
137,Common Room in 52 Kent Road,"$1,500/mo"
138,Common Room in 126 Bishan Street 12,"$1,000/mo"
139,Common Room in 6 Saint George's Lane,$900/mo
140,Room in Lion Towers,"$1,500/mo"
141,Common Room in 130 Bishan Street 12,"$1,300/mo"
142,Room in The Tre Ver,"$5,200/mo"
143,Common Room in Braddell View,"$1,050/mo"
144,Common Room in 121 Mcnair Road,"$1,200/mo"
145,Common Room in Braddell View,"$1,480/mo"
146,Common Room in Braddell View,"$1,350/mo"
147,Common Room in 222 Lorong 8 Toa Payoh,$900/mo
148,Master Room in 138 Bishan Street 12,"$1,550/mo"
149,Room in 6 Saint George's Lane,$900/mo
150,Common Room in 51 Kent Road,"$1,200/mo"
151,Master Room in Balestier 288,"$2,000/mo"
152,Common Room in 222 Lorong 8 Toa Payoh,$900/mo
153,Common Room in 112 Bishan Street 12,"$1,500/mo"
154,Master Room in Shrewsbury Road,"$1,550/mo"
155,Common Room in Rafflesia Condominium,"$1,190/mo"
156,Master Room in 3 Saint George's Road,"$1,200/mo"
157,Room in Thomson Euro-Asia,"$1,700/mo"
158,Master Room in Buckley Road,"$16,000/mo"
159,Master Room in Kentish Lodge,"$2,600/mo"
160,Common Room in 199 Toa Payoh North,$500/mo
161,Common Room in Novena Court,"$1,800/mo"
162,Room in 109 Mcnair Road,$900/mo
163,Common Room in 8 Saint George's Lane,"$1,600/mo"
164,Room in Kentish Green,$850/mo
165,Common Room in 138 Bishan Street 12,"$1,580/mo"
166,Common Room in 110 Mcnair Road,"$1,500/mo"
167,Common Room in 113 Lorong 1 Toa Payoh,"$1,000/mo"
168,Common Room in Parc Haven,"$1,000/mo"
169,Master Room in Parc Haven,"$2,700/mo"
170,Common Room in Parc Haven,"$1,800/mo"
171,Master Room in Parc Haven,"$2,400/mo"
172,Common Room in Apleton View,"$1,850/mo"
173,Common Room in 188 Bishan Street 13,"$1,100/mo"
174,Common Room in Braddell View,"$1,500/mo"
175,Master Room in 2 Saint George's Road,$800/mo
176,Common Room in 12 Lorong 7 Toa Payoh,$500/mo
177,Master Room in 138 Bishan Street 12,"$1,550/mo"
178,Room in The Tre Ver,"$1,800/mo"
179,Common Room in 11 Lorong 8 Toa Payoh,$988/mo
180,Common Room in 170 Bishan Street 13,"$1,200/mo"
181,Common Room in 206 Toa Payoh North,"$1,200/mo"
182,Master Room in The Whitley Residences,"$2,200/mo"
183,Room in 134 Bishan Street 12,"$1,500/mo"
184,Room in Coliwoo Balestier 320,"$2,700/mo"
185,Master Room in Jalan Merlimau,"$1,900/mo"
186,Room in Moulmein Court,"$1,400/mo"
187,Room in 110 Bishan Street 12,"$1,300/mo"
188,Room in 120 Potong Pasir Avenue 1,"$1,400/mo"
189,Common Room in Bishan 8,"$1,500/mo"
190,Common Room in Thomson Euro-Asia,"$1,700/mo"
191,Common Room in Thomson Euro-Asia,"$1,800/mo"
192,Common Room in 138 Bishan Street 12,"$1,550/mo"
193,Master Room in 138 Bishan Street 12,"$1,550/mo"
194,Room in 111 Bishan Street 12,$950/mo
195,Common Room in 107 Bishan Street 12,"$1,800/mo"
196,Master Room in 27 Jalan Bahagia,$800/mo
197,Master Room in 3 Saint George's Road,"$1,300/mo"
198,Master Room in The Huntington,"$2,620/mo"
199,Master Room in 110 Mcnair Road,"$1,400/mo"
200,Common Room in 113A Mcnair Road,"$1,200/mo"
201,Master Room in The Elysia,"$2,100/mo"
202,Master Room in Barker Ville,"$3,800/mo"
203,Master Room in 69 Moulmein Road,"$2,200/mo"
204,Common Room in Clover Park,"$1,000/mo"
205,Common Room in 151 Bishan Street 11,"$1,000/mo"
206,Common Room in Rafflesia Condominium,"$1,500/mo"
207,Common Room in Thomson Euro-Asia,"$1,800/mo"
208,Common Room in 501 Bishan Street 11,"$1,800/mo"
209,Common Room in Regal Court,"$1,200/mo"
210,Common Room in Zedge,"$1,850/mo"
211,Master Room in Parc Haven,"$2,400/mo"
212,Master Room in Birmingham Mansions,"$1,600/mo"
213,Common Room in Balestier Point,"$1,380/mo"
214,Common Room in 130 Bishan Street 12,"$1,200/mo"
215,Common Room in 113 Potong Pasir Avenue 1,$999/mo
216,Common Room in Thomson Euro-Asia,"$1,700/mo"
217,Common Room in 112A Whampoa Road,"$1,200/mo"
218,Common Room in 93 Whampoa Drive,$550/mo
219,Common Room in 167 Bishan Street 13,"$1,000/mo"
220,Room in Hanson Court,"$4,400/mo"
221,Common Room in Regal Court,"$1,000/mo"
