,Property,Price
0,Common Room in 414B Fernvale Link,"$1,000/mo"
1,Common Room in 302B Anchorvale Link,"$1,500/mo"
2,Master Room in 313D Anchorvale Road,"$1,200/mo"
3,Common Room in 216A Compassvale Drive,"$1,100/mo"
4,Common Room in 308C Anchorvale Road,"$1,000/mo"
5,Common Room in 409A Fernvale Road,$800/mo
6,Common Room in 311D Anchorvale Lane,$900/mo
7,Common Room in 331C Anchorvale Street,$900/mo
8,Common Room in 412B Fernvale Link,"$1,150/mo"
9,Common Room in 281B Sengkang East Avenue,"$1,200/mo"
10,Common Room in Rivertrees Residences,"$1,100/mo"
11,Common Room in 216B Compassvale Drive,"$1,200/mo"
12,Common Room in 216B Compassvale Drive,"$1,200/mo"
13,Room in 306C Anchorvale Link,"$1,000/mo"
14,Room in 203B Compassvale Road,$850/mo
15,Master Room in 325B Sengkang East Way,"$1,500/mo"
16,Common Room in 322A Anchorvale Drive,$900/mo
17,Common Room in 201A Compassvale Drive,$850/mo
18,Common Room in 320B Anchorvale Drive,$900/mo
19,Common Room in Lush Acres,"$1,000/mo"
20,Common Room in H2O Residences,"$1,350/mo"
21,Master Room in 351A Anchorvale Road,"$1,600/mo"
22,Common Room in 305B Anchorvale Link,$850/mo
23,Common Room in 216A Compassvale Drive,"$1,100/mo"
24,Common Room in 319A Anchorvale Drive,$900/mo
25,Master Room in 332B Anchorvale Link,"$2,200/mo"
26,Common Room in 322B Anchorvale Drive,"$1,100/mo"
27,Common Room in 203B Compassvale Road,"$1,800/mo"
28,Common Room in 322A Anchorvale Drive,"$1,200/mo"
29,Common Room in 440C Fernvale Link,"$1,050/mo"
30,Room in 278B Compassvale Bow,"$2,200/mo"
31,Master Room in 303B Anchorvale Link,"$1,100/mo"
32,Common Room in 322A Anchorvale Drive,$850/mo
33,Common Room in 319B Anchorvale Drive,$600/mo
34,Room in 351A Anchorvale Road,"$1,800/mo"
35,Common Room in 296B Compassvale Crescent,$800/mo
36,Master Room in Beauty Garden,"$3,000/mo"
37,Master Room in Beauty Garden,"$2,800/mo"
38,Room in 420 Hougang Avenue 10,"$1,300/mo"
39,Common Room in 213A Punggol Walk,"$1,000/mo"
40,Master Room in 233 Compassvale Walk,$950/mo
41,Room in Compass Heights,"$1,300/mo"
42,Common Room in The Vales,"$1,600/mo"
43,Master Room in Hougang Green,"$1,800/mo"
44,Common Room in The Topiary,"$1,200/mo"
45,Master Room in 547 Hougang Street 51,$950/mo
46,Common Room in Hougang Green,"$1,300/mo"
47,Room in 920 Hougang Street 91,"$1,200/mo"
48,Room in The Quartz,"$1,500/mo"
49,Common Room in 603 Hougang Avenue 4,"$1,100/mo"
50,Common Room in 239 Compassvale Walk,"$1,000/mo"
51,Common Room in 286C Compassvale Crescent,"$1,500/mo"
52,Master Room in Compass Heights,"$1,200/mo"
53,Common Room in 942 Hougang Street 92,$900/mo
54,Common Room in Regentville,"$1,100/mo"
55,Common Room in 928 Hougang Street 91,"$1,200/mo"
56,Master Room in 119C Rivervale Drive,"$1,500/mo"
57,Room in 224A Compassvale Walk,"$1,000/mo"
58,Room in 445 Hougang Avenue 8,"$2,200/mo"
59,Room in 334B Anchorvale Crescent,"$1,800/mo"
60,Common Room in 988A Buangkok Green,"$1,200/mo"
61,Common Room in 217B Sumang Walk,$850/mo
62,Room in 515 Hougang Avenue 10,"$1,088/mo"
63,Room in 258D Compassvale Road,"$1,500/mo"
64,Master Room in 914 Hougang Street 91,"$1,400/mo"
65,Common Room in 230 Compassvale Walk,$950/mo
66,Master Room in 603 Hougang Avenue 4,"$1,000/mo"
67,Room in 296A Compassvale Crescent,"$1,100/mo"
68,Common Room in 430B Fernvale Link,$900/mo
69,Master Room in 420 Hougang Avenue 10,"$1,300/mo"
70,Common Room in The Quartz,"$1,500/mo"
71,Master Room in 570 Hougang Street 51,$950/mo
72,Common Room in Regentville,"$1,100/mo"
73,Room in 244 Compassvale Road,"$1,400/mo"
74,Common Room in Hougang Green,$800/mo
75,Common Room in 671 Hougang Avenue 8,$900/mo
76,Common Room in 516 Hougang Avenue 10,$800/mo
77,Common Room in Regentville,"$1,250/mo"
78,Common Room in 207C Compassvale Lane,"$1,000/mo"
79,Room in 914 Hougang Street 91,"$1,000/mo"
80,Common Room in Regentville,"$1,000/mo"
81,Common Room in The Topiary,"$2,300/mo"
82,Common Room in Jewel @ Buangkok,"$1,350/mo"
83,Master Room in 410A Fernvale Road,"$1,800/mo"
84,Common Room in The Gardens At Gerald,$600/mo
85,Common Room in 559 Hougang Street 51,"$1,200/mo"
86,Master Room in 406B Fernvale Road,"$1,000/mo"
87,Common Room in 436 Hougang Avenue 8,"$1,000/mo"
88,Master Room in 561 Hougang Street 51,"$1,300/mo"
89,Common Room in 292A Compassvale Street,"$1,200/mo"
90,Master Room in 674 Hougang Avenue 8,"$1,200/mo"
91,Common Room in Jewel @ Buangkok,"$1,350/mo"
92,Common Room in Treasure Crest,$600/mo
93,Master Room in 524 Hougang Avenue 6,"$2,200/mo"
94,Master Room in 211D Punggol Walk,"$1,200/mo"
95,Common Room in La Fiesta,"$1,888/mo"
96,Common Room in 950 Hougang Street 91,$950/mo
97,Common Room in 273B Compassvale Link,"$1,400/mo"
98,Common Room in 922 Hougang Street 91,$850/mo
99,Common Room in 458 Hougang Avenue 10,$699/mo
100,Room in High Park Residences,"$1,300/mo"
101,Common Room in Bellewaters,"$1,200/mo"
102,Room in 470B Fernvale Link,$850/mo
103,Master Room in 211D Punggol Walk,"$1,350/mo"
104,Room in 416 Hougang Avenue 10,"$1,000/mo"
105,Room in 268A Compassvale Link,$850/mo
106,Room in 261A Sengkang East Way,"$1,100/mo"
107,Master Room in Luxus Hills,"$2,200/mo"
108,Common Room in Compass Heights,"$1,400/mo"
109,Master Room in The Topiary,"$1,100/mo"
110,Common Room in 227A Compassvale Drive,"$1,200/mo"
111,Room in 978D Buangkok Crescent,$950/mo
112,Room in 981C Buangkok Crescent,"$1,300/mo"
113,Common Room in 441B Fernvale Road,$950/mo
114,Room in La Fiesta,"$3,688/mo"
115,Master Room in 524 Hougang Avenue 6,"$2,200/mo"
116,Common Room in 261D Sengkang East Way,"$1,000/mo"
117,Common Room in 334B Anchorvale Crescent,"$1,500/mo"
118,Common Room in 228B Punggol Field,$800/mo
119,Common Room in 416 Hougang Avenue 10,"$1,000/mo"
120,Common Room in 434A Fernvale Road,$950/mo
121,Common Room in 220C Sumang Lane,$900/mo
122,Room in 117B Rivervale Drive,"$1,100/mo"
123,Common Room in Ecopolitan,"$1,800/mo"
124,Room in 448A Sengkang West Way,$900/mo
125,Common Room in Compass Heights,"$1,300/mo"
126,Common Room in Jewel @ Buangkok,"$1,600/mo"
127,Room in 453D Fernvale Road,$980/mo
128,Common Room in 209C Punggol Place,$850/mo
129,Common Room in Austville Residences,"$1,500/mo"
130,Room in The Topiary,"$2,450/mo"
131,Common Room in 207A Compassvale Lane,"$1,000/mo"
132,Room in 420 Hougang Avenue 10,"$1,250/mo"
133,Master Room in Hougang Green,"$1,350/mo"
134,Common Room in 297B Compassvale Street,$800/mo
135,Common Room in The Vales,"$1,600/mo"
136,Room in The Topiary,"$2,450/mo"
137,Room in Twin Waterfalls,"$1,300/mo"
138,Common Room in Austville Residences,"$1,100/mo"
139,Common Room in 445B Fernvale Road,"$1,000/mo"
140,Common Room in 268A Compassvale Link,$850/mo
141,Master Room in Twin Waterfalls,"$1,250/mo"
142,Common Room in Treasure Crest,"$1,200/mo"
143,Master Room in 228B Punggol Field,"$1,500/mo"
144,Common Room in 451 Hougang Avenue 10,"$1,100/mo"
145,Common Room in 676 Hougang Avenue 8,$950/mo
146,Master Room in Regentville,$999/mo
147,Common Room in 603 Hougang Avenue 4,"$1,200/mo"
148,Room in Regentville,"$1,100/mo"
149,Common Room in 446C Jalan Kayu,$900/mo
150,Common Room in 981C Buangkok Crescent,$800/mo
151,Common Room in 103 Rivervale Walk,$800/mo
152,Room in Regentville,"$1,299/mo"
153,Common Room in The Vales,"$1,000/mo"
