,Property,Price
0,Common Room in 20 Eunos Crescent,$850/mo
1,Common Room in 16 Eunos Crescent,$950/mo
2,Room in 659 Jalan Tenaga,"$1,150/mo"
3,Common Room in euHabitat,"$2,000/mo"
4,Master Room in 330 Ubi Avenue 1,"$1,800/mo"
5,Common Room in 334 Ubi Avenue 1,"$1,150/mo"
6,Master Room in 302 Ubi Avenue 1,"$2,000/mo"
7,Master Room in 302 Ubi Avenue 1,"$2,000/mo"
8,Master Room in 14 Eunos Crescent,"$1,500/mo"
9,Room in Tropika East,"$3,600/mo"
10,Room in 17 Eunos Crescent,"$1,600/mo"
11,Common Room in 21 Eunos Crescent,"$1,250/mo"
12,Common Room in 17 Eunos Crescent,$600/mo
13,Common Room in euHabitat,"$3,577/mo"
14,Common Room in euHabitat,"$2,100/mo"
15,Master Room in 16 Eunos Crescent,"$1,588/mo"
16,Common Room in 341 Ubi Avenue 1,$750/mo
17,Master Room in 302 Ubi Avenue 1,"$2,000/mo"
18,Master Room in 83B Circuit Road,"$3,000/mo"
19,Master Room in Windy Heights,"$1,950/mo"
20,Room in 119 Aljunied Avenue 2,"$2,900/mo"
21,Master Room in Onan Road,"$2,000/mo"
22,Room in Casa Aroma,"$1,400/mo"
23,Master Room in Casa Aroma,"$2,500/mo"
24,Common Room in The Amarelle,"$1,650/mo"
25,Room in 119 Aljunied Avenue 2,"$2,500/mo"
26,Master Room in Lorong H Telok Kurau,"$1,700/mo"
27,Master Room in Lorong H Telok Kurau,"$1,650/mo"
28,Common Room in Escada View,"$1,850/mo"
29,Master Room in Casa Aroma,"$2,500/mo"
30,Common Room in Windy Heights,"$1,500/mo"
31,Common Room in 48 Circuit Road,$450/mo
32,Common Room in Grandlink Square,"$1,400/mo"
33,Master Room in 106 Bedok Reservoir Road,"$1,200/mo"
34,Common Room in Casa Aroma,"$1,700/mo"
35,Common Room in Escada View,"$1,750/mo"
36,Common Room in Casa Aroma,"$1,700/mo"
37,Common Room in 5 Haig Road,"$1,100/mo"
38,Room in 119 Aljunied Avenue 2,"$2,100/mo"
39,Common Room in 667 Jalan Damai,$700/mo
40,Common Room in Casa Aroma,"$1,700/mo"
41,Common Room in Escada View,"$1,350/mo"
42,Common Room in 82B Circuit Road,"$1,500/mo"
43,Master Room in Windy Heights,"$1,900/mo"
44,Common Room in Casa Aroma,"$1,500/mo"
45,Master Room in 83B Circuit Road,"$3,000/mo"
46,Common Room in 29 Balam Road,"$1,000/mo"
47,Common Room in 18A Circuit Road,"$1,480/mo"
48,Room in Parc Esta,"$4,000/mo"
49,Common Room in 103 Bedok Reservoir Road,$900/mo
50,Common Room in Kembangan Estate,"$1,750/mo"
51,Common Room in 141 Bedok Reservoir Road,$800/mo
52,Master Room in Sunny Grove,"$1,880/mo"
53,Common Room in Casa Aroma,"$1,500/mo"
54,Room in Tembeling Road,"$1,650/mo"
55,Master Room in 625 Bedok Reservoir Road,"$1,100/mo"
56,Room in Grandlink Square,"$1,800/mo"
57,Common Room in Langsat Road,"$1,500/mo"
58,Room in 5 Haig Road,"$1,500/mo"
59,Room in Sunny Grove,"$1,880/mo"
60,Common Room in Simsville,"$2,949/mo"
61,Common Room in Aston Mansions,"$1,450/mo"
62,Master Room in Sallim Lodge,"$2,000/mo"
63,Common Room in Sallim Lodge,"$1,400/mo"
64,Common Room in Sallim Lodge,"$1,500/mo"
65,Master Room in Simsville,"$2,300/mo"
66,Common Room in Simsville,"$1,680/mo"
67,Room in Casa Aroma,"$1,600/mo"
68,Common Room in Dawn Ville,"$1,000/mo"
69,Master Room in Simsville,"$2,100/mo"
70,Master Room in 108 Aljunied Crescent,"$1,800/mo"
71,Common Room in 116 Bedok Reservoir Road,$950/mo
72,Room in 632 Bedok Reservoir Road,"$2,100/mo"
73,Common Room in Aston Mansions,"$1,600/mo"
74,Common Room in Aston Mansions,"$1,300/mo"
75,Room in Simsville,"$1,450/mo"
76,Common Room in 32 Eunos Crescent,"$1,000/mo"
77,Common Room in 123 Geylang East Central,$900/mo
78,Master Room in Onan Road,"$2,200/mo"
79,Room in Aston Mansions,"$2,300/mo"
80,Master Room in Simsville,"$2,500/mo"
81,Room in Simsville,"$1,550/mo"
82,Room in Parc Esta,"$2,800/mo"
83,Room in 3 Joo Chiat Road,"$1,400/mo"
84,Common Room in 151 Bedok Reservoir Road,$950/mo
85,Common Room in 92 Pipit Road,$900/mo
86,Master Room in Kembangan Court,"$2,000/mo"
87,Master Room in Lorong H Telok Kurau,"$1,700/mo"
88,Room in Langsat Road,"$3,300/mo"
89,Common Room in 123 Geylang East Central,"$1,500/mo"
90,Common Room in Parc Esta,"$2,800/mo"
91,Common Room in 112 Bedok Reservoir Road,"$1,200/mo"
92,Common Room in East Bay Gardens,"$1,950/mo"
93,Room in Lotus at Paya Lebar (East Wing),"$3,710/mo"
94,Common Room in Sims Dorado,"$2,000/mo"
95,Room in Aston Mansions,"$2,500/mo"
96,Room in Sims Dorado,"$2,500/mo"
97,Common Room in Palm Lodge,"$1,490/mo"
98,Common Room in 53 Pipit Road,"$1,200/mo"
99,Common Room in D - Heritage Apartments,"$1,200/mo"
100,Common Room in Sims Residences,"$1,450/mo"
101,Common Room in Jalan Chengkek,"$1,700/mo"
102,Room in 632 Bedok Reservoir Road,"$2,100/mo"
103,Common Room in 66 Circuit Road,"$1,000/mo"
104,Common Room in Grandlink Square,"$1,750/mo"
105,Common Room in Sallim Lodge,"$1,500/mo"
106,Common Room in Sallim Lodge,"$1,300/mo"
107,Room in The Antares,"$2,500/mo"
108,Common Room in 83A Circuit Road,"$1,500/mo"
109,Master Room in 55 Pipit Road,"$1,100/mo"
110,Room in Grandlink Square,"$2,000/mo"
111,Common Room in Simsville,"$2,249/mo"
112,Room in 108 Bedok Reservoir Road,$800/mo
113,Common Room in Aston Mansions,"$1,450/mo"
114,Common Room in 147 Bedok Reservoir Road,$900/mo
115,Common Room in Lengkong Satu,"$1,800/mo"
116,Room in 119 Aljunied Avenue 2,"$2,800/mo"
117,Room in 119 Aljunied Avenue 2,"$2,300/mo"
118,Common Room in Astoria Park,"$1,400/mo"
119,Master Room in 119 Aljunied Avenue 2,"$2,700/mo"
120,Master Room in 131 Bedok Reservoir Road,"$1,200/mo"
121,Common Room in 131 Bedok Reservoir Road,$900/mo
122,Common Room in 119 Aljunied Avenue 2,"$2,800/mo"
123,Master Room in 108 Aljunied Crescent,"$1,400/mo"
124,Common Room in 632 Bedok Reservoir Road,"$1,900/mo"
125,Common Room in Palm Lodge,"$1,490/mo"
126,Room in Soho Life,"$2,500/mo"
127,Common Room in Cascata,"$1,300/mo"
128,Common Room in Escada View,"$1,520/mo"
129,Master Room in Simsville,"$1,949/mo"
130,Common Room in Grandlink Square,"$1,800/mo"
131,Room in Jalan Senyum,"$1,350/mo"
132,Master Room in Park Place Residences at Plq,"$2,800/mo"
133,Room in Lotus at Paya Lebar (East Wing),"$4,570/mo"
134,Common Room in Jalan Chengkek,"$2,200/mo"
