,Property,Price
0,Common Room in 242 Simei Street 5,"$1,200/mo"
1,Common Room in 149 Simei Street 1,"$1,600/mo"
2,Common Room in Apollo Gardens,"$1,500/mo"
3,Common Room in 244 Simei Street 5,"$1,380/mo"
4,Master Room in Simei Green Condominium,"$1,800/mo"
5,Master Room in Simei Green Condominium,"$2,800/mo"
6,Common Room in Savannah Condopark,"$1,190/mo"
7,Common Room in Changi Court,"$1,350/mo"
8,Common Room in Harvey Crescent,$800/mo
9,Common Room in Savannah Condopark,"$1,190/mo"
10,Common Room in Changi Court,"$1,290/mo"
11,Common Room in Simei Green Condominium,"$1,300/mo"
12,Master Room in Simei Green Condominium,"$1,900/mo"
13,Common Room in Changi Court,"$1,280/mo"
14,Common Room in Sunhaven,"$1,350/mo"
15,Common Room in Changi Court,"$1,350/mo"
16,Common Room in Changi Court,"$1,200/mo"
17,Common Room in Tropicana Condominium,"$1,500/mo"
18,Room in Melville Park,"$1,349/mo"
19,Common Room in Changi Court,"$1,050/mo"
20,Common Room in Changi Court,"$1,450/mo"
21,Common Room in Sunhaven,"$1,250/mo"
22,Master Room in Simei Green Condominium,"$2,800/mo"
23,Master Room in Simei Green Condominium,"$2,800/mo"
24,Master Room in Simei Green Condominium,"$2,800/mo"
25,Master Room in Simei Green Condominium,"$2,800/mo"
26,Master Room in Simei Green Condominium,"$2,800/mo"
27,Master Room in Simei Green Condominium,"$2,800/mo"
28,Master Room in Simei Green Condominium,"$2,800/mo"
29,Master Room in Simei Green Condominium,"$2,800/mo"
30,Master Room in Changi Court,"$1,900/mo"
31,Common Room in Golden Shower Park,"$1,800/mo"
32,Common Room in Tropicana Condominium,"$1,500/mo"
33,Common Room in Simei Green Condominium,"$1,680/mo"
34,Master Room in Simei Green Condominium,"$2,680/mo"
35,Common Room in 246 Simei Street 5,$750/mo
36,Common Room in Simei Green Condominium,"$1,449/mo"
37,Common Room in Cascadale,$980/mo
38,Common Room in 230 Simei Street 4,"$1,150/mo"
39,Common Room in Savannah Condopark,"$1,200/mo"
40,Common Room in Savannah Condopark,"$1,300/mo"
41,Common Room in Simei Green Condominium,"$1,450/mo"
42,Master Room in Simei Green Condominium,"$2,800/mo"
43,Master Room in Modena,"$1,350/mo"
44,Master Room in Simei Green Condominium,"$2,800/mo"
45,Common Room in Simei Green Condominium,"$1,800/mo"
46,Common Room in Savannah Condopark,"$1,190/mo"
47,Common Room in Melville Park,"$1,350/mo"
48,Room in Melville Park,"$1,550/mo"
49,Room in Simei Green Condominium,"$1,700/mo"
50,Common Room in 253 Simei Street 1,"$1,000/mo"
51,Common Room in Melville Park,$800/mo
52,Common Room in Sunbird Park,"$1,600/mo"
53,Room in Changi Court,"$1,500/mo"
54,Common Room in 230 Simei Street 4,"$1,400/mo"
55,Room in 233 Simei Street 4,"$1,500/mo"
56,Room in Simei Green Condominium,"$1,550/mo"
57,Common Room in Changi Court,"$1,600/mo"
58,Common Room in 244 Simei Street 5,"$1,300/mo"
59,Common Room in 230 Simei Street 4,"$1,200/mo"
60,Common Room in Changi Court,"$1,600/mo"
61,Common Room in Simei Green Condominium,"$2,000/mo"
62,Common Room in 230 Simei Street 4,"$1,150/mo"
63,Room in 244 Simei Street 5,"$1,380/mo"
64,Master Room in Seagull Walk,"$2,000/mo"
65,Common Room in 160 Simei Road,"$1,150/mo"
66,Room in Changi South Avenue 1,"$1,200/mo"
67,Common Room in 244 Simei Street 5,"$1,300/mo"
68,Common Room in 165 Simei Road,"$1,400/mo"
69,Room in 244 Simei Street 5,"$1,200/mo"
70,Master Room in 226 Simei Street 4,"$1,600/mo"
71,Common Room in Simei Green Condominium,"$1,600/mo"
72,Master Room in Simei Green Condominium,"$1,550/mo"
73,Master Room in Melville Park,"$2,300/mo"
74,Common Room in Double Bay Residences,"$1,420/mo"
75,Common Room in 230 Simei Street 4,$800/mo
76,Room in Melville Park,"$1,180/mo"
77,Master Room in Simei Green Condominium,"$1,650/mo"
78,Room in Melville Park,"$1,280/mo"
79,Room in Melville Park,"$1,550/mo"
80,Common Room in Apollo Gardens,"$1,900/mo"
81,Room in 158 Simei Road,$900/mo
82,Common Room in Simei Green Condominium,"$1,550/mo"
83,Common Room in Simei Green Condominium,"$2,180/mo"
84,Common Room in Simei Green Condominium,"$1,290/mo"
85,Common Room in Savannah Condopark,"$1,190/mo"
86,Common Room in Changi Court,"$1,500/mo"
87,Room in Changi Court,"$1,350/mo"
88,Master Room in 130 Simei Street 1,$900/mo
89,Common Room in Simei Green Condominium,"$1,450/mo"
90,Common Room in Melville Park,"$1,499/mo"
91,Common Room in Simei Green Condominium,"$1,350/mo"
92,Room in Simei Green Condominium,"$1,400/mo"
93,Room in 168A Simei Lane,"$1,250/mo"
94,Common Room in Upper Changi Road East,"$1,200/mo"
95,Master Room in 230 Simei Street 4,"$1,500/mo"
96,Master Room in Simei Green Condominium,"$1,600/mo"
97,Master Room in Simei Green Condominium,"$1,600/mo"
98,Common Room in Melville Park,"$1,300/mo"
99,Common Room in Simei Green Condominium,"$1,813/mo"
100,Common Room in Eastpoint Green,"$1,400/mo"
101,Master Room in Eastpoint Green,"$2,600/mo"
102,Master Room in 255 Tampines Street 21,"$1,800/mo"
103,Master Room in 113 Tampines Street 11,"$1,299/mo"
104,Common Room in 266 Tampines Street 21,$750/mo
105,Common Room in Stratford Court,"$1,280/mo"
106,Master Room in Eastpoint Green,"$2,650/mo"
107,Master Room in Eastpoint Green,"$2,650/mo"
108,Master Room in Eastpoint Green,"$2,650/mo"
109,Master Room in Eastpoint Green,"$2,800/mo"
110,Common Room in Ferraria Park Condominium,"$1,350/mo"
111,Common Room in Ferraria Park Condominium,"$1,200/mo"
112,Common Room in Eastpoint Green,"$1,450/mo"
113,Common Room in Eastpoint Green,"$1,850/mo"
114,Master Room in Eastpoint Green,"$2,650/mo"
115,Master Room in 253 Tampines Street 21,"$1,400/mo"
116,Master Room in Ferraria Park Condominium,"$1,700/mo"
117,Common Room in The Eden At Tampines,"$1,250/mo"
118,Common Room in 163 Tampines Street 12,"$1,000/mo"
119,Master Room in 363 Tampines Street 34,"$1,500/mo"
120,Common Room in 214 Tampines Street 23,"$1,200/mo"
121,Common Room in The Springfield,"$1,500/mo"
122,Common Room in Eastpoint Green,"$2,200/mo"
123,Common Room in Eastpoint Green,"$1,580/mo"
124,Common Room in Eastpoint Green,"$2,749/mo"
125,Common Room in 227 Tampines Street 23,$850/mo
126,Master Room in 392 Tampines Avenue 7,"$1,700/mo"
127,Room in Bena Park,"$3,000/mo"
128,Common Room in 381 Tampines Street 32,"$1,300/mo"
129,Room in Siew Lim Park,"$2,200/mo"
130,Common Room in Eastpoint Green,"$1,600/mo"
131,Common Room in 275 Tampines Street 22,$900/mo
132,Common Room in Summer Gardens,"$1,100/mo"
133,Master Room in Eastpoint Green,"$2,650/mo"
134,Common Room in Eastpoint Green,"$1,580/mo"
135,Common Room in 212 Tampines Street 23,"$1,000/mo"
136,Common Room in The Eden At Tampines,"$1,450/mo"
137,Common Room in Ferraria Park Condominium,"$1,200/mo"
138,Common Room in 305 Tampines Street 32,"$1,000/mo"
139,Master Room in Parc Olympia,"$2,490/mo"
140,Common Room in Parc Olympia,"$1,650/mo"
141,Room in 113 Simei Street 1,"$1,600/mo"
142,Common Room in 273 Tampines Street 22,$900/mo
143,Common Room in 212 Tampines Street 23,"$1,000/mo"
144,Room in Eastpoint Green,"$1,731/mo"
145,Room in Palm Isles,"$1,800/mo"
146,Master Room in Bena Park,"$2,500/mo"
147,Master Room in Bena Park,"$3,000/mo"
148,Master Room in Eastpoint Green,"$2,500/mo"
149,Room in Bedok Road,"$1,900/mo"
150,Room in The Inflora,"$1,600/mo"
151,Common Room in Eastpoint Green,"$2,000/mo"
152,Common Room in Eastpoint Green,"$1,488/mo"
153,Room in The Jovell,"$2,200/mo"
154,Common Room in Bena Park,"$2,500/mo"
155,Master Room in Parc Olympia,"$2,680/mo"
156,Room in Eastpoint Green,"$1,400/mo"
157,Master Room in Eastpoint Green,"$1,680/mo"
158,Common Room in Eastpoint Green,"$2,000/mo"
159,Common Room in Siew Lim Park,"$2,200/mo"
160,Common Room in Eastpoint Green,"$1,680/mo"
161,Common Room in Eastpoint Green,"$1,280/mo"
162,Common Room in 280 Tampines Street 22,"$1,400/mo"
163,Master Room in Carissa Park Condominium,"$2,400/mo"
164,Room in Eastpoint Green,"$1,280/mo"
165,Common Room in 285 Tampines Street 22,$900/mo
166,Common Room in The Inflora,"$1,300/mo"
167,Room in Eastpoint Green,"$1,280/mo"
168,Room in Eastpoint Green,"$2,488/mo"
169,Room in The Inflora,"$1,800/mo"
170,Room in 122 Simei Street 1,"$1,600/mo"
171,Room in 122 Simei Street 1,"$1,200/mo"
172,Common Room in The Jovell,"$1,600/mo"
173,Room in Eastpoint Green,"$1,488/mo"
174,Common Room in Edelweiss Park Condominium,"$1,200/mo"
175,Common Room in Eastpoint Green,"$1,450/mo"
176,Common Room in Eastpoint Green,"$1,499/mo"
177,Common Room in Ferraria Park Condominium,"$1,600/mo"
178,Common Room in Eastpoint Green,"$2,400/mo"
179,Room in Eastpoint Green,"$2,400/mo"
180,Room in Eastpoint Green,"$1,680/mo"
181,Master Room in Ferraria Park Condominium,"$1,200/mo"
182,Master Room in 251 Tampines Street 21,"$1,600/mo"
183,Common Room in Palm Isles,"$1,200/mo"
184,Room in Eastpoint Green,"$2,688/mo"
185,Master Room in The Eden At Tampines,"$1,500/mo"
186,Master Room in Bena Park,"$3,000/mo"
187,Common Room in Carissa Park Condominium,"$1,100/mo"
188,Room in Carissa Park Condominium,$850/mo
189,Master Room in 213 Tampines Street 23,"$1,600/mo"
190,Common Room in 340 Tampines Street 33,"$1,100/mo"
191,Common Room in 364 Tampines Street 34,"$1,150/mo"
192,Master Room in 364 Tampines Street 34,"$1,400/mo"
193,Common Room in 259 Tampines Street 21,$900/mo
194,Common Room in Hedges Park Condominium,"$1,500/mo"
195,Common Room in 269 Tampines Street 21,"$1,050/mo"
196,Common Room in Eastpoint Green,"$1,680/mo"
197,Master Room in Eastpoint Green,"$1,480/mo"
198,Common Room in Eastpoint Green,"$1,288/mo"
199,Common Room in Eastpoint Green,"$1,688/mo"
200,Master Room in Eastpoint Green,"$2,488/mo"
201,Room in Eastpoint Green,"$1,580/mo"
202,Common Room in 453 Tampines Street 42,$700/mo
203,Common Room in Summer Gardens,$900/mo
204,Master Room in 358 Tampines Street 33,"$1,500/mo"
205,Room in Eastpoint Green,"$1,588/mo"
206,Common Room in 125 Tampines Street 11,"$1,200/mo"
