,Property,Price
0,Common Room in 305 Shunfu Road,"$1,050/mo"
1,Common Room in JadeScape,"$2,050/mo"
2,Common Room in JadeScape,"$2,150/mo"
3,Common Room in Thomson View Condominium,"$1,100/mo"
4,Common Room in 447 Bright Hill Drive,"$1,100/mo"
5,Room in Thomson Imperial Court,"$2,000/mo"
6,Common Room in 305 Shunfu Road,"$1,050/mo"
7,Common Room in JadeScape,"$2,250/mo"
8,Master Room in JadeScape,"$3,000/mo"
9,Room in JadeScape,"$5,200/mo"
10,Master Room in Seasons View,"$2,000/mo"
11,Master Room in Thomson Ridge,"$3,000/mo"
12,Master Room in Thomson Ridge,"$2,500/mo"
13,Common Room in 23 Sin Ming Road,"$1,200/mo"
14,Common Room in 449 Sin Ming Avenue,"$1,100/mo"
15,Master Room in Thomson View Condominium,"$1,500/mo"
16,Master Room in 309 Shunfu Road,"$2,500/mo"
17,Master Room in 447 Bright Hill Drive,"$1,500/mo"
18,Common Room in 441 Sin Ming Avenue,"$1,400/mo"
19,Common Room in 304 Shunfu Road,$950/mo
20,Common Room in Thomson View Condominium,"$1,480/mo"
21,Master Room in Thomson View Condominium,"$1,980/mo"
22,Room in 441 Sin Ming Avenue,"$1,300/mo"
23,Room in 25 Sin Ming Road,$800/mo
24,Common Room in Thomson View Condominium,"$2,600/mo"
25,Room in Seasons View,"$1,500/mo"
26,Common Room in Seasons View,"$1,600/mo"
27,Master Room in JadeScape,"$1,900/mo"
28,Room in Seasons View,"$1,400/mo"
29,Room in JadeScape,"$6,300/mo"
30,Master Room in Thomson View Condominium,"$1,800/mo"
31,Room in JadeScape,"$2,000/mo"
32,Master Room in 447 Bright Hill Drive,"$1,500/mo"
33,Common Room in 111 Ang Mo Kio Avenue 4,$800/mo
34,Master Room in 210 Ang Mo Kio Avenue 3,"$2,300/mo"
35,Common Room in 309A Ang Mo Kio Street 31,$900/mo
36,Common Room in Braddell View,"$1,600/mo"
37,Common Room in 112 Lorong 1 Toa Payoh,$550/mo
38,Common Room in 231 Bishan Street 23,$950/mo
39,Common Room in 225 Bishan Street 23,$900/mo
40,Common Room in Braddell View,"$1,800/mo"
41,Common Room in Braddell View,"$1,600/mo"
42,Common Room in 110 Bishan Street 12,"$1,200/mo"
43,Master Room in 215 Ang Mo Kio Avenue 1,"$1,300/mo"
44,Common Room in Braddell View,"$1,050/mo"
45,Common Room in 210 Ang Mo Kio Avenue 3,$750/mo
46,Common Room in Bishan Park Condominium,"$1,500/mo"
47,Common Room in Braddell View,"$1,050/mo"
48,Master Room in Clover By The Park,"$1,600/mo"
49,Common Room in Braddell View,"$1,480/mo"
50,Common Room in Braddell View,"$1,350/mo"
51,Common Room in 255 Ang Mo Kio Avenue 4,$850/mo
52,Room in 288 Bishan Street 24,"$1,300/mo"
53,Room in 261 Bishan Street 22,$950/mo
54,Common Room in 112 Bishan Street 12,"$1,500/mo"
55,Common Room in Rafflesia Condominium,"$1,190/mo"
56,Common Room in 260A Ang Mo Kio Street 21,"$1,200/mo"
57,Master Room in The Gardens At Bishan,"$2,300/mo"
58,Room in The Gardens At Bishan,"$2,300/mo"
59,Common Room in 113 Lorong 1 Toa Payoh,"$1,000/mo"
60,Common Room in 287 Bishan Street 24,"$1,100/mo"
61,Common Room in 289 Bishan Street 24,"$1,100/mo"
62,Common Room in 214 Ang Mo Kio Avenue 3,$800/mo
63,Common Room in Braddell View,"$1,500/mo"
64,Common Room in 207 Bishan Street 23,$890/mo
65,Common Room in 105 Bishan Street 12,"$1,100/mo"
66,Common Room in 501 Bishan Street 11,"$1,300/mo"
67,Common Room in 206 Toa Payoh North,"$1,200/mo"
68,Master Room in 235 Ang Mo Kio Avenue 3,"$1,650/mo"
69,Common Room in 230 Bishan Street 23,$800/mo
70,Room in 110 Bishan Street 12,"$1,300/mo"
71,Room in 206 Bishan Street 23,"$2,500/mo"
72,Common Room in Bishan 8,"$1,500/mo"
73,Room in 111 Bishan Street 12,$950/mo
74,Room in The Gardens At Bishan,"$2,500/mo"
75,Common Room in 107 Bishan Street 12,"$1,800/mo"
76,Master Room in 213 Ang Mo Kio Avenue 3,"$1,300/mo"
77,Common Room in 310B Ang Mo Kio Avenue 1,"$1,050/mo"
78,Common Room in 213 Ang Mo Kio Avenue 3,"$1,600/mo"
79,Common Room in Clover Park,"$1,000/mo"
80,Common Room in Rafflesia Condominium,"$1,500/mo"
81,Common Room in 204 Bishan Street 23,"$1,800/mo"
82,Room in Bishan Park Condominium,"$1,400/mo"
83,Room in The Gardens At Bishan,"$1,500/mo"
84,Master Room in 218 Ang Mo Kio Avenue 1,"$1,200/mo"
