,Property,Price
0,Common Room in 12 Joo Seng Road,"$1,000/mo"
1,Common Room in The Tre Ver,"$1,800/mo"
2,Common Room in 113 Potong Pasir Avenue 1,"$1,000/mo"
3,Master Room in Avon Park,"$1,750/mo"
4,Common Room in 139 Potong Pasir Avenue 3,"$1,200/mo"
5,Common Room in 108B Bidadari Park Drive,"$1,200/mo"
6,"$1,200/mo","$2,500/mo"
7,Master Room in 148 Potong Pasir Avenue 1,"$2,000/mo"
8,Master Room in Fortune View,"$1,600/mo"
9,Common Room in The Tre Ver,"$2,200/mo"
10,Master Room in Classical Terrace,"$1,900/mo"
11,Common Room in Jalan Lateh,"$1,200/mo"
12,Master Room in Bartley Rise Estate,"$1,850/mo"
13,Common Room in 144 Potong Pasir Avenue 2,$950/mo
14,Common Room in Avon Park,"$1,608/mo"
15,Room in 104 Potong Pasir Avenue 1,"$1,200/mo"
16,Room in The Tre Ver,"$5,200/mo"
17,Room in The Poiz Residences,"$3,800/mo"
18,Common Room in Sennett Estate,"$1,700/mo"
19,Master Room in Classical Terrace,"$2,000/mo"
20,Room in Sennett Residence,"$2,000/mo"
21,Room in Avon Park,"$2,300/mo"
22,Master Room in Bartley Rise Estate,"$1,960/mo"
23,Common Room in Jalan Lateh,"$1,200/mo"
24,Room in The Tre Ver,"$1,800/mo"
25,Common Room in Sennett Estate,"$1,600/mo"
26,Common Room in 142 Potong Pasir Avenue 3,"$1,350/mo"
27,Room in 120 Potong Pasir Avenue 1,"$1,400/mo"
28,Common Room in Avon Park,"$1,620/mo"
29,Common Room in Avon Park,"$1,500/mo"
30,Common Room in Sunshine Grove,"$1,050/mo"
31,Master Room in Sennett Estate,"$1,200/mo"
32,Common Room in 113 Potong Pasir Avenue 1,$999/mo
33,Master Room in Nin Residence,"$2,900/mo"
34,Common Room in 102B Bidadari Park Drive,"$1,300/mo"
35,,
36,Common Room in Raya Garden,"$1,500/mo"
37,Common Room in 264 Toa Payoh East,"$1,600/mo"
38,Master Room in 56 Geylang Bahru,"$1,300/mo"
39,Common Room in 19 Jalan Tenteram,"$1,000/mo"
40,Common Room in 208 Serangoon Central,$800/mo
41,Common Room in 49 Whampoa South,$850/mo
42,Common Room in 204 Serangoon Central,"$1,100/mo"
43,Common Room in 241 Kim Keat Link,"$1,300/mo"
44,Common Room in 14 Joo Seng Road,$850/mo
45,Master Room in Forest Woods,"$2,300/mo"
46,Common Room in 167 Bishan Street 13,"$1,000/mo"
47,Common Room in 419 Serangoon Central,$900/mo
48,Common Room in 20 Lorong 7 Toa Payoh,$800/mo
49,Common Room in 12 Lorong 7 Toa Payoh,$600/mo
50,Common Room in 25 Toa Payoh East,$900/mo
51,Room in 255 Kim Keat Avenue,"$1,200/mo"
52,Common Room in Bartley Ridge,"$1,700/mo"
53,Common Room in 14 Saint George's Road,$500/mo
54,Master Room in 3 Lorong Lew Lian,"$1,350/mo"
55,Room in 233 Serangoon Avenue 3,"$1,500/mo"
56,Room in 17 Jalan Tenteram,$550/mo
57,Common Room in 17 Jalan Tenteram,$550/mo
58,Room in 224 Lorong 8 Toa Payoh,$950/mo
59,Common Room in 15 Joo Seng Road,"$1,400/mo"
60,Master Room in Woodsville Mansions,"$1,600/mo"
61,Common Room in 56 Geylang Bahru,$550/mo
62,Common Room in 419 Serangoon Central,$900/mo
63,Master Room in Woodsville Mansions,"$2,000/mo"
64,Room in 210 Serangoon Central,"$1,200/mo"
65,Room in 56 Geylang Bahru,$550/mo
66,Room in One Saint Michaels,"$1,600/mo"
67,Common Room in 222 Lorong 8 Toa Payoh,$900/mo
68,Common Room in 323 Serangoon Avenue 3,$900/mo
69,Common Room in 425 Serangoon Avenue 1,"$1,000/mo"
70,Common Room in 222 Lorong 8 Toa Payoh,$900/mo
71,Common Room in 239 Serangoon Avenue 2,"$1,000/mo"
72,Room in 47 Bendemeer Road,"$1,200/mo"
73,Common Room in 97 Geylang Bahru,"$1,200/mo"
74,Master Room in 38 Lorong 5 Toa Payoh,"$1,200/mo"
75,Room in Sunglade,"$1,420/mo"
76,Common Room in 97 Geylang Bahru,"$1,200/mo"
77,Common Room in Woodsville 28,"$2,000/mo"
78,Master Room in One Saint Michaels,"$2,500/mo"
79,Master Room in Lim Tua Tow Road,"$2,100/mo"
80,Master Room in 236 Serangoon Avenue 3,"$1,500/mo"
81,Common Room in 38 Lorong 5 Toa Payoh,"$1,200/mo"
82,Master Room in Fengli Gardens,"$1,600/mo"
83,Common Room in Jalan Chengkek,"$1,700/mo"
84,Common Room in 12 Lorong 7 Toa Payoh,$500/mo
85,Room in Joon Hiang Road,"$1,200/mo"
86,Common Room in 11 Lorong 8 Toa Payoh,$988/mo
87,Master Room in Intero,"$4,000/mo"
88,Common Room in 201 Serangoon Central,"$1,300/mo"
89,Master Room in Intero,"$4,000/mo"
90,Common Room in Rosalia Park,"$1,500/mo"
91,Common Room in Golden Heights,"$1,400/mo"
92,Common Room in Bartley Ridge,"$1,350/mo"
93,Room in Joon Hiang Road,"$1,400/mo"
94,Common Room in Cherryhill,"$1,500/mo"
95,Common Room in 155 Hougang Street 11,$800/mo
96,Room in Goldenhill Park Condominium,"$2,080/mo"
97,Master Room in 27 Jalan Bahagia,$800/mo
98,Room in Upper Serangoon Shopping Centre,"$1,200/mo"
99,Room in Upper Serangoon Shopping Centre,"$2,100/mo"
100,Room in 307 Serangoon Avenue 2,"$1,300/mo"
101,Common Room in Bartley Villas,"$1,200/mo"
102,Master Room in The Elysia,"$2,100/mo"
103,Master Room in Spazio @ Kovan,"$2,000/mo"
104,Room in 307 Serangoon Avenue 2,"$1,300/mo"
105,Master Room in 229 Serangoon Avenue 4,"$1,188/mo"
106,Common Room in Bartley Residences,"$1,550/mo"
107,Room in Sunglade,"$1,420/mo"
108,Common Room in 151 Bishan Street 11,"$1,000/mo"
109,Common Room in 239 Serangoon Avenue 2,"$1,200/mo"
110,Room in Macpherson Garden Estate,"$1,500/mo"
111,Common Room in 312 Serangoon Avenue 2,"$1,000/mo"
112,Common Room in Cambio Suites,"$1,900/mo"
113,Room in The Venue Residences,"$2,300/mo"
114,Room in Golden Hill Estate,"$1,500/mo"
115,Common Room in 263 Serangoon Central Drive,$850/mo
116,Common Room in 47 Bendemeer Road,"$1,200/mo"
117,Common Room in Macpherson Garden Estate,"$1,300/mo"
118,Common Room in 249 Kim Keat Link,$800/mo
119,Common Room in The Springbloom,"$1,000/mo"
120,Common Room in 167 Bishan Street 13,"$1,000/mo"
121,Common Room in Jalan Chengkek,"$2,200/mo"
