,Property,Price
0,Common Room in 556 Woodlands Drive 53,$950/mo
1,Common Room in 556 Woodlands Drive 53,$700/mo
2,Master Room in Rosewood,"$1,650/mo"
3,Common Room in 518 Woodlands Drive 14,$900/mo
4,Common Room in 509 Woodlands Drive 14,$700/mo
5,Common Room in 537 Woodlands Drive 16,$988/mo
6,Common Room in 574B Woodlands Drive 16,$500/mo
7,Common Room in Rosewood,"$1,500/mo"
8,Common Room in 574B Woodlands Drive 16,$900/mo
9,Room in Casablanca,"$1,150/mo"
10,Common Room in 574B Woodlands Drive 16,$900/mo
11,Common Room in 574B Woodlands Drive 16,$900/mo
12,Common Room in 574B Woodlands Drive 16,$900/mo
13,Common Room in 574B Woodlands Drive 16,$950/mo
14,Common Room in 573C Woodlands Drive 16,"$1,000/mo"
15,Common Room in 541 Woodlands Drive 16,$800/mo
16,Common Room in 574B Woodlands Drive 16,$900/mo
17,Common Room in 574B Woodlands Drive 16,$900/mo
18,Common Room in 518 Woodlands Drive 14,$950/mo
19,Room in Rosewood,"$1,250/mo"
20,Common Room in Parc Rosewood,$980/mo
21,Common Room in Casablanca,"$1,150/mo"
22,Room in 502A Woodlands Drive 14,"$1,000/mo"
23,Room in 539 Woodlands Drive 16,"$1,000/mo"
24,Room in 531 Woodlands Drive 14,$800/mo
25,Room in 515 Woodlands Drive 14,$900/mo
26,Room in 515 Woodlands Drive 14,"$1,200/mo"
27,Room in Twin Fountains,"$2,999/mo"
28,Common Room in 574B Woodlands Drive 16,$950/mo
29,Common Room in 570B Woodlands Avenue 1,$750/mo
30,Common Room in Rosewood,"$1,250/mo"
31,Room in Casablanca,"$1,400/mo"
32,Common Room in 437 Woodlands Street 41,$600/mo
33,Common Room in 710 Woodlands Drive 70,"$1,000/mo"
34,Master Room in 640 Woodlands Ring Road,"$1,200/mo"
35,Common Room in Bellewoods,"$1,000/mo"
36,Master Room in Forestville,"$2,500/mo"
37,Common Room in 703 Woodlands Drive 40,$900/mo
38,Common Room in 809 Woodlands Street 81,$400/mo
39,Common Room in 678 Woodlands Avenue 6,$750/mo
40,Common Room in 171 Woodlands Street 11,$900/mo
41,Common Room in 899B Woodlands Drive 50,$750/mo
42,Common Room in 172 Woodlands Street 13,$700/mo
43,Common Room in 111 Woodlands Street 13,"$1,100/mo"
44,Common Room in 173 Woodlands Street 13,$900/mo
45,Common Room in 367 Woodlands Avenue 5,$900/mo
46,Common Room in 805 Woodlands Street 81,$800/mo
47,Common Room in 345 Woodlands Street 32,$450/mo
48,Master Room in 437 Woodlands Street 41,$899/mo
49,Master Room in 102 Woodlands Street 13,"$1,100/mo"
50,Room in 889A Woodlands Drive 50,"$1,000/mo"
51,Common Room in 899C Woodlands Drive 50,"$1,000/mo"
52,Common Room in 899B Woodlands Drive 50,$750/mo
53,Common Room in 656 Woodlands Ring Road,$800/mo
54,Room in 323 Woodlands Street 32,$988/mo
55,Common Room in 601 Woodlands Drive 42,"$1,000/mo"
56,Room in 176 Woodlands Street 13,"$1,200/mo"
57,Master Room in 656 Woodlands Ring Road,$800/mo
58,Master Room in Forestville,"$2,400/mo"
59,Master Room in Woodgrove Condominium,"$2,000/mo"
60,Common Room in 347 Woodlands Avenue 3,"$1,000/mo"
61,Room in 644 Woodlands Ring Road,$800/mo
62,Master Room in 110 Woodlands Street 13,$900/mo
63,Common Room in 895B Woodlands Drive 50,$500/mo
64,Common Room in 606 Woodlands Ring Road,$850/mo
65,Common Room in 318 Woodlands Street 31,$800/mo
66,Room in Forestville,"$2,500/mo"
67,Common Room in 633 Woodlands Ring Road,$800/mo
68,Common Room in 633 Woodlands Ring Road,$850/mo
69,Common Room in 701 Woodlands Drive 40,$500/mo
70,Common Room in 633 Woodlands Ring Road,$800/mo
71,Common Room in 899B Woodlands Drive 50,$750/mo
72,Room in 842 Woodlands Street 82,$900/mo
73,Common Room in 108 Woodlands Street 13,$850/mo
74,Common Room in The Woodgrove,"$1,000/mo"
75,Common Room in 895B Woodlands Drive 50,"$1,000/mo"
76,Common Room in 680 Woodlands Avenue 6,$850/mo
77,Common Room in 896A Woodlands Drive 50,$900/mo
78,Room in 887C Woodlands Drive 50,$950/mo
79,Room in Woodgrove Condominium,"$1,000/mo"
80,Common Room in 890A Woodlands Drive 50,$900/mo
81,Common Room in 367 Woodlands Avenue 5,$950/mo
82,Room in 693A Woodlands Avenue 6,$850/mo
83,Common Room in 866 Woodlands Street 83,$900/mo
84,Common Room in 314 Woodlands Street 31,"$1,100/mo"
85,Room in 818 Woodlands Street 82,$700/mo
86,Room in 899B Woodlands Drive 50,$900/mo
87,Room in 106 Woodlands Street 13,$850/mo
88,Common Room in 313 Woodlands Street 31,"$1,400/mo"
89,Common Room in 874 Woodlands Street 82,$850/mo
90,Common Room in 821 Woodlands Street 82,$950/mo
91,Common Room in 666 Woodlands Ring Road,$950/mo
92,Common Room in 703 Woodlands Drive 40,$900/mo
93,Room in 854 Woodlands Street 83,$780/mo
94,Room in 809 Woodlands Street 81,$450/mo
95,Common Room in 171 Woodlands Street 11,$950/mo
96,Room in 703 Woodlands Drive 40,"$1,000/mo"
