,Property,Price
0,Common Room in 137 Marsiling Road,$800/mo
1,Common Room in 809 Woodlands Street 81,$400/mo
2,Common Room in 876 Woodlands Avenue 9,$900/mo
3,Common Room in 13 Marsiling Lane,"$1,100/mo"
4,Common Room in 111 Woodlands Street 13,"$1,100/mo"
5,Common Room in 180B Marsiling Road,"$1,200/mo"
6,Common Room in 805 Woodlands Street 81,$800/mo
7,Master Room in 102 Woodlands Street 13,"$1,100/mo"
8,Common Room in 132 Marsiling Rise,"$1,150/mo"
9,Common Room in 12B Marsiling Lane,"$1,200/mo"
10,Master Room in 110 Woodlands Street 13,$900/mo
11,Common Room in 17 Marsiling Lane,$460/mo
12,Common Room in 124 Marsiling Rise,$880/mo
13,Room in 842 Woodlands Street 82,$900/mo
14,Common Room in 108 Woodlands Street 13,$850/mo
15,Common Room in 201 Marsiling Drive,$900/mo
16,Room in 131 Marsiling Rise,$450/mo
17,Room in 17 Marsiling Lane,$500/mo
18,Room in 12B Marsiling Lane,$850/mo
19,Room in 818 Woodlands Street 82,$700/mo
20,Room in 201 Marsiling Drive,$900/mo
21,Room in 17 Marsiling Lane,$460/mo
22,Room in 106 Woodlands Street 13,$850/mo
23,Common Room in 874 Woodlands Street 82,$850/mo
24,Room in 12B Marsiling Lane,$880/mo
25,Common Room in 821 Woodlands Street 82,$950/mo
26,Common Room in 876 Woodlands Avenue 9,$650/mo
27,Common Room in 121 Marsiling Rise,$900/mo
28,Room in 809 Woodlands Street 81,$450/mo
29,Common Room in 12 Marsiling Lane,$400/mo
30,Common Room in 556 Woodlands Drive 53,$950/mo
31,Common Room in 556 Woodlands Drive 53,$700/mo
32,Common Room in 710 Woodlands Drive 70,"$1,000/mo"
33,Common Room in 880 Woodlands Street 82,$850/mo
34,Master Room in Rosewood,"$1,650/mo"
35,Common Room in 518 Woodlands Drive 14,$900/mo
36,Common Room in 509 Woodlands Drive 14,$700/mo
37,Common Room in 703 Woodlands Drive 40,$900/mo
38,Common Room in 171 Woodlands Street 11,$900/mo
39,Common Room in 899B Woodlands Drive 50,$750/mo
40,Common Room in 172 Woodlands Street 13,$700/mo
41,Common Room in 173 Woodlands Street 13,$900/mo
42,Common Room in 537 Woodlands Drive 16,$988/mo
43,Common Room in 367 Woodlands Avenue 5,$900/mo
44,Common Room in 345 Woodlands Street 32,$450/mo
45,Common Room in Rosewood,"$1,500/mo"
46,Room in 889A Woodlands Drive 50,"$1,000/mo"
47,Common Room in 899C Woodlands Drive 50,"$1,000/mo"
48,Common Room in 899B Woodlands Drive 50,$750/mo
49,Common Room in 737 Woodlands Circle,$900/mo
50,Common Room in 737 Woodlands Circle,"$1,000/mo"
51,Common Room in 656 Woodlands Ring Road,$800/mo
52,Room in 323 Woodlands Street 32,$988/mo
53,Common Room in 601 Woodlands Drive 42,"$1,000/mo"
54,Room in Casablanca,"$1,150/mo"
55,Room in 176 Woodlands Street 13,"$1,200/mo"
56,Master Room in 218 Marsiling Crescent,"$1,000/mo"
57,Master Room in 656 Woodlands Ring Road,$800/mo
58,Room in 737 Woodlands Circle,$900/mo
59,Master Room in Woodgrove Condominium,"$2,000/mo"
60,Common Room in 347 Woodlands Avenue 3,"$1,000/mo"
61,Common Room in 184A Woodlands Street 13,$800/mo
62,Master Room in 775 Woodlands Crescent,"$1,000/mo"
63,Room in 770 Woodlands Drive 60,"$1,000/mo"
64,Common Room in 165 Woodlands Street 13,$800/mo
65,Common Room in 895B Woodlands Drive 50,$500/mo
66,Common Room in 606 Woodlands Ring Road,$850/mo
67,Common Room in 204 Marsiling Drive,$850/mo
68,Common Room in 541 Woodlands Drive 16,$800/mo
69,Common Room in 318 Woodlands Street 31,$800/mo
70,Common Room in 701 Woodlands Drive 40,$500/mo
71,Common Room in 409 Woodlands Street 41,$650/mo
72,Common Room in 518 Woodlands Drive 14,$950/mo
73,Common Room in 216 Marsiling Lane,"$1,100/mo"
74,Common Room in 899B Woodlands Drive 50,$750/mo
75,Common Room in 151 Woodlands Street 13,$500/mo
76,Master Room in 216 Marsiling Lane,"$1,000/mo"
77,Common Room in The Woodgrove,"$1,000/mo"
78,Common Room in 895B Woodlands Drive 50,"$1,000/mo"
79,Common Room in 751 Woodlands Circle,$850/mo
80,Room in Rosewood,"$1,250/mo"
81,Common Room in 896A Woodlands Drive 50,$900/mo
82,Room in 887C Woodlands Drive 50,$950/mo
83,Common Room in Parc Rosewood,$980/mo
84,Room in Woodgrove Condominium,"$1,000/mo"
85,Room in 778 Woodlands Drive 60,$900/mo
86,Common Room in Casablanca,"$1,150/mo"
87,Room in 502A Woodlands Drive 14,"$1,000/mo"
88,Common Room in 890A Woodlands Drive 50,$900/mo
89,Common Room in 786B Woodlands Drive 60,$900/mo
90,Room in 735 Woodlands Circle,"$1,000/mo"
91,Room in 539 Woodlands Drive 16,"$1,000/mo"
92,Common Room in 367 Woodlands Avenue 5,$950/mo
93,Room in 531 Woodlands Drive 14,$800/mo
94,Room in 515 Woodlands Drive 14,$900/mo
95,Room in 515 Woodlands Drive 14,"$1,200/mo"
96,Common Room in 786B Woodlands Drive 60,$900/mo
97,Common Room in 866 Woodlands Street 83,$900/mo
98,Common Room in 314 Woodlands Street 31,"$1,100/mo"
99,Room in 899B Woodlands Drive 50,$900/mo
100,Common Room in 313 Woodlands Street 31,"$1,400/mo"
101,Master Room in 742 Woodlands Circle,$950/mo
102,Common Room in 778 Woodlands Drive 60,"$1,000/mo"
103,Room in 149 Woodlands Street 13,"$1,400/mo"
104,Common Room in 415 Woodlands Street 41,$950/mo
105,Common Room in 415 Woodlands Street 41,"$1,050/mo"
106,Common Room in 570B Woodlands Avenue 1,$750/mo
107,Common Room in 666 Woodlands Ring Road,$950/mo
108,Common Room in 703 Woodlands Drive 40,$900/mo
109,Common Room in 786B Woodlands Drive 60,$850/mo
110,Common Room in 769 Woodlands Drive 60,"$1,200/mo"
111,Room in 854 Woodlands Street 83,$780/mo
112,Room in 31 Marsiling Drive,$700/mo
113,Common Room in Rosewood,"$1,250/mo"
114,Common Room in 171 Woodlands Street 11,$950/mo
115,Room in 409 Woodlands Street 41,$800/mo
116,Room in 703 Woodlands Drive 40,"$1,000/mo"
117,Common Room in 879 Woodlands Street 82,$850/mo
118,Room in Casablanca,"$1,400/mo"
