,Property,Price
0,Master Room in Rosewood,"$2,000/mo"
1,Common Room in 518 Woodlands Drive 14,$900/mo
2,Common Room in 509 Woodlands Drive 14,$700/mo
3,Common Room in 899B Woodlands Drive 50,$750/mo
4,Common Room in 809 Woodlands Street 81,$400/mo
5,Common Room in 876 Woodlands Avenue 9,$900/mo
6,Common Room in 13 Marsiling Lane,"$1,100/mo"
7,Common Room in 111 Woodlands Street 13,"$1,100/mo"
8,Common Room in 180B Marsiling Road,"$1,200/mo"
9,Common Room in 367 Woodlands Avenue 5,$900/mo
10,Common Room in 805 Woodlands Street 81,$800/mo
11,Common Room in 345 Woodlands Street 32,$450/mo
12,Common Room in Rosewood,"$1,500/mo"
13,Room in 889A Woodlands Drive 50,"$1,000/mo"
14,Common Room in 899C Woodlands Drive 50,"$1,000/mo"
15,Common Room in 899B Woodlands Drive 50,$750/mo
16,Room in Casablanca,"$1,150/mo"
17,Room in 176 Woodlands Street 13,"$1,200/mo"
18,Master Room in Woodgrove Condominium,"$2,000/mo"
19,Common Room in 347 Woodlands Avenue 3,"$1,000/mo"
20,Common Room in 132 Marsiling Rise,"$1,150/mo"
21,Master Room in 110 Woodlands Street 13,$900/mo
22,Common Room in 895B Woodlands Drive 50,$500/mo
23,Master Room in 102 Woodlands Street 13,"$1,200/mo"
24,Common Room in 518 Woodlands Drive 14,$950/mo
25,Common Room in 899B Woodlands Drive 50,$750/mo
26,Common Room in 124 Marsiling Rise,$880/mo
27,Room in 842 Woodlands Street 82,$900/mo
28,Common Room in 108 Woodlands Street 13,$850/mo
29,Common Room in 895B Woodlands Drive 50,"$1,000/mo"
30,Room in Rosewood,"$1,250/mo"
31,Common Room in 896A Woodlands Drive 50,$900/mo
32,Room in 887C Woodlands Drive 50,$950/mo
33,Room in Woodgrove Condominium,"$1,000/mo"
34,Room in 131 Marsiling Rise,$450/mo
35,Common Room in Casablanca,"$1,150/mo"
36,Room in 502A Woodlands Drive 14,"$1,000/mo"
37,Common Room in 890A Woodlands Drive 50,$900/mo
38,Common Room in 367 Woodlands Avenue 5,$950/mo
39,Room in 531 Woodlands Drive 14,$800/mo
40,Room in 515 Woodlands Drive 14,$900/mo
41,Room in 515 Woodlands Drive 14,"$1,200/mo"
42,Room in 818 Woodlands Street 82,$700/mo
43,Room in 899B Woodlands Drive 50,$900/mo
44,Room in 106 Woodlands Street 13,$850/mo
45,Common Room in 874 Woodlands Street 82,$850/mo
46,Common Room in 821 Woodlands Street 82,$950/mo
47,Common Room in 570B Woodlands Avenue 1,$750/mo
48,Common Room in 866 Woodlands Street 83,"$1,200/mo"
49,Room in 854 Woodlands Street 83,$780/mo
50,Common Room in 876 Woodlands Avenue 9,$650/mo
51,Common Room in Rosewood,"$1,250/mo"
52,Common Room in 121 Marsiling Rise,$900/mo
53,Room in 809 Woodlands Street 81,$450/mo
54,Common Room in 12 Marsiling Lane,$400/mo
55,Room in Casablanca,"$1,400/mo"
56,Master Room in 640 Woodlands Ring Road,"$1,200/mo"
57,Common Room in 137 Marsiling Road,$800/mo
58,Common Room in 556 Woodlands Drive 53,$700/mo
59,Common Room in 556 Woodlands Drive 53,$950/mo
60,Common Room in Bellewoods,"$1,000/mo"
61,Master Room in Forestville,"$2,500/mo"
62,Common Room in 703 Woodlands Drive 40,$900/mo
63,Common Room in 678 Woodlands Avenue 6,$750/mo
64,Common Room in 171 Woodlands Street 11,$900/mo
65,Common Room in 172 Woodlands Street 13,$700/mo
66,Master Room in 412 Woodlands Street 41,"$1,300/mo"
67,Common Room in 173 Woodlands Street 13,$900/mo
68,Common Room in 880 Woodlands Street 82,$850/mo
69,Common Room in 537 Woodlands Drive 16,$988/mo
70,Common Room in 574B Woodlands Drive 16,$500/mo
71,Common Room in 786D Woodlands Drive 60,"$1,000/mo"
72,Master Room in 437 Woodlands Street 41,$899/mo
73,Common Room in 737 Woodlands Circle,$900/mo
74,Common Room in 574B Woodlands Drive 16,$900/mo
75,Common Room in 737 Woodlands Circle,"$1,000/mo"
76,Common Room in 656 Woodlands Ring Road,$800/mo
77,Room in 323 Woodlands Street 32,$988/mo
78,Common Room in 601 Woodlands Drive 42,"$1,000/mo"
79,Master Room in 218 Marsiling Crescent,"$1,000/mo"
80,Master Room in 656 Woodlands Ring Road,$800/mo
81,Room in 737 Woodlands Circle,$900/mo
82,Master Room in Forestville,"$2,400/mo"
83,Master Room in 787D Woodlands Crescent,"$1,100/mo"
84,Room in 644 Woodlands Ring Road,$800/mo
85,Common Room in 574B Woodlands Drive 16,$900/mo
86,Common Room in 574B Woodlands Drive 16,$900/mo
87,Common Room in 184A Woodlands Street 13,$800/mo
88,Common Room in 12B Marsiling Lane,"$1,200/mo"
89,Master Room in 775 Woodlands Crescent,"$1,000/mo"
90,Room in 770 Woodlands Drive 60,"$1,000/mo"
91,Common Room in 574B Woodlands Drive 16,$900/mo
92,Common Room in 165 Woodlands Street 13,$800/mo
93,Common Room in 606 Woodlands Ring Road,$850/mo
94,Master Room in 788D Woodlands Crescent,"$1,000/mo"
95,Common Room in 204 Marsiling Drive,$850/mo
96,Common Room in 574B Woodlands Drive 16,$950/mo
97,Common Room in 17 Marsiling Lane,$460/mo
98,Common Room in 573C Woodlands Drive 16,"$1,000/mo"
99,Common Room in 541 Woodlands Drive 16,$800/mo
100,Common Room in 318 Woodlands Street 31,$800/mo
101,Room in 429 Woodlands Street 41,"$1,400/mo"
102,Common Room in 574B Woodlands Drive 16,$900/mo
103,Room in Forestville,"$2,500/mo"
104,Common Room in 574B Woodlands Drive 16,$900/mo
105,Common Room in 633 Woodlands Ring Road,$800/mo
106,Common Room in 633 Woodlands Ring Road,$850/mo
107,Common Room in 701 Woodlands Drive 40,$500/mo
108,Common Room in 409 Woodlands Street 41,$650/mo
109,Common Room in 633 Woodlands Ring Road,$800/mo
110,Common Room in 216 Marsiling Lane,"$1,100/mo"
111,Common Room in 425 Woodlands Street 41,"$1,100/mo"
112,Common Room in 151 Woodlands Street 13,$500/mo
113,Master Room in 216 Marsiling Lane,"$1,000/mo"
114,Common Room in The Woodgrove,"$1,000/mo"
115,Common Room in 680 Woodlands Avenue 6,$850/mo
116,Common Room in 751 Woodlands Circle,$850/mo
117,Common Room in 201 Marsiling Drive,$900/mo
118,Common Room in Parc Rosewood,$980/mo
119,Room in 17 Marsiling Lane,$500/mo
120,Room in 778 Woodlands Drive 60,$900/mo
121,Common Room in 786B Woodlands Drive 60,$900/mo
122,Room in 735 Woodlands Circle,"$1,000/mo"
123,Room in 539 Woodlands Drive 16,"$1,000/mo"
124,Room in 693A Woodlands Avenue 6,$850/mo
125,Room in 12B Marsiling Lane,$850/mo
126,Common Room in 786B Woodlands Drive 60,$900/mo
127,Common Room in 786D Woodlands Drive 60,$850/mo
128,Common Room in 314 Woodlands Street 31,"$1,100/mo"
129,Room in 201 Marsiling Drive,$900/mo
130,Room in 17 Marsiling Lane,$460/mo
131,Common Room in 313 Woodlands Street 31,"$1,400/mo"
132,Room in 12B Marsiling Lane,$880/mo
133,Master Room in 742 Woodlands Circle,$950/mo
134,Common Room in 778 Woodlands Drive 60,"$1,000/mo"
135,Room in 149 Woodlands Street 13,"$1,400/mo"
136,Common Room in 574B Woodlands Drive 16,$950/mo
137,Common Room in 415 Woodlands Street 41,$950/mo
138,Common Room in 415 Woodlands Street 41,"$1,050/mo"
139,Common Room in 666 Woodlands Ring Road,$950/mo
140,Common Room in 790 Woodlands Avenue 6,$400/mo
141,Common Room in 703 Woodlands Drive 40,$900/mo
142,Common Room in 786B Woodlands Drive 60,$850/mo
143,Common Room in 769 Woodlands Drive 60,"$1,200/mo"
144,Room in Twin Fountains,"$2,999/mo"
145,Room in 31 Marsiling Drive,$700/mo
146,Master Room in 218 Marsiling Crescent,"$1,000/mo"
147,Common Room in 171 Woodlands Street 11,$950/mo
148,Room in 409 Woodlands Street 41,$800/mo
149,Room in 703 Woodlands Drive 40,"$1,000/mo"
150,Common Room in 879 Woodlands Street 82,$850/mo
