,Property,Price
0,Common Room in 619 Choa Chu Kang North 7,$800/mo
1,Master Room in 686A Choa Chu Kang Crescent,"$1,600/mo"
2,Master Room in 704 Choa Chu Kang Street 53,"$1,000/mo"
3,Common Room in 684C Choa Chu Kang Crescent,$800/mo
4,Common Room in 686A Choa Chu Kang Crescent,$750/mo
5,Common Room in 690A Choa Chu Kang Crescent,$900/mo
6,Common Room in 758 Choa Chu Kang North 5,$850/mo
7,Common Room in Regent Grove,"$1,600/mo"
8,Common Room in 677 Choa Chu Kang Crescent,$900/mo
9,Common Room in 688A Choa Chu Kang Drive,"$1,000/mo"
10,Common Room in 767 Choa Chu Kang Street 54,"$1,000/mo"
11,Master Room in 605 Choa Chu Kang Street 62,"$1,200/mo"
12,Master Room in Regent Grove,"$1,600/mo"
13,Common Room in Yew Mei Green,"$1,400/mo"
14,Common Room in Regent Grove,$850/mo
15,Common Room in 681 Choa Chu Kang Crescent,$950/mo
16,Master Room in 688A Choa Chu Kang Drive,"$1,800/mo"
17,Common Room in The Windermere,"$1,100/mo"
18,Common Room in 688C Choa Chu Kang Crescent,$850/mo
19,Room in Regent Grove,"$1,750/mo"
20,Common Room in 682 Choa Chu Kang Crescent,"$1,200/mo"
21,Common Room in The Quintet,"$1,500/mo"
22,Room in 670A Choa Chu Kang Crescent,$950/mo
23,Common Room in 640 Choa Chu Kang Street 64,$900/mo
24,Common Room in 762 Choa Chu Kang North 5,$850/mo
25,Master Room in 767 Choa Chu Kang Street 54,"$1,000/mo"
26,Common Room in Yew Mei Green,"$1,500/mo"
27,Room in 688C Choa Chu Kang Crescent,$899/mo
28,Room in 686D Choa Chu Kang Crescent,$950/mo
29,Master Room in 688A Choa Chu Kang Drive,"$1,300/mo"
30,Master Room in 686A Choa Chu Kang Crescent,"$1,400/mo"
31,Common Room in Regent Grove,"$1,350/mo"
32,Master Room in The Quintet,"$1,800/mo"
33,Master Room in 640 Choa Chu Kang Street 64,"$1,200/mo"
34,Common Room in 685B Choa Chu Kang Crescent,$650/mo
35,Common Room in 685B Choa Chu Kang Crescent,"$1,000/mo"
36,Room in 789 Choa Chu Kang North 6,$800/mo
37,Room in Yew Mei Green,"$1,800/mo"
38,Room in Regent Grove,"$1,400/mo"
39,Room in Regent Grove,"$1,950/mo"
40,Common Room in Regent Grove,"$1,050/mo"
41,Common Room in Regent Grove,"$1,250/mo"
42,Room in 663 Choa Chu Kang Crescent,$850/mo
43,Master Room in 684C Choa Chu Kang Crescent,"$1,200/mo"
44,Common Room in 659 Choa Chu Kang Crescent,$900/mo
45,Master Room in Regent Grove,"$1,100/mo"
46,Common Room in Regent Grove,"$1,300/mo"
47,Common Room in Regent Grove,"$1,150/mo"
48,Room in 688A Choa Chu Kang Drive,$900/mo
49,Room in 632 Choa Chu Kang North 6,"$1,000/mo"
50,Common Room in Regent Grove,"$1,450/mo"
51,Master Room in 687C Choa Chu Kang Drive,$800/mo
52,Master Room in 571 Choa Chu Kang Street 52,"$1,200/mo"
53,Common Room in Regent Grove,"$1,150/mo"
54,Common Room in Regent Grove,"$1,450/mo"
55,Common Room in Regent Grove,"$1,100/mo"
56,Master Room in Yew Mei Green,"$1,600/mo"
57,Master Room in The Windermere,"$1,600/mo"
58,Common Room in 684C Choa Chu Kang Crescent,"$1,200/mo"
59,Common Room in 674 Choa Chu Kang Crescent,$900/mo
60,Master Room in 691A Choa Chu Kang Crescent,$850/mo
61,Common Room in Regent Grove,"$1,100/mo"
62,Common Room in 691A Choa Chu Kang Crescent,"$1,000/mo"
63,Room in 550 Choa Chu Kang Street 52,"$1,100/mo"
64,Master Room in 688A Choa Chu Kang Drive,"$1,800/mo"
65,Master Room in 686 Choa Chu Kang Crescent,"$1,400/mo"
66,Common Room in 601 Choa Chu Kang Street 62,$900/mo
67,Common Room in Northvale,"$1,300/mo"
68,Common Room in 230 Choa Chu Kang Central,$700/mo
69,Common Room in 212 Choa Chu Kang Central,"$1,200/mo"
70,Common Room in 354 Choa Chu Kang Central,"$1,000/mo"
71,Common Room in 230 Choa Chu Kang Central,$800/mo
72,Common Room in Northvale,"$1,200/mo"
73,Common Room in 631 Senja Road,"$1,100/mo"
74,Common Room in 641A Senja Close,$900/mo
75,Common Room in 132 Choa Chu Kang Avenue 1,$900/mo
76,Common Room in 307 Choa Chu Kang Avenue 4,"$1,300/mo"
77,Common Room in 205 Choa Chu Kang Central,$850/mo
78,Common Room in 629 Senja Road,$900/mo
79,Common Room in 132 Choa Chu Kang Avenue 1,$900/mo
80,Room in 506 Choa Chu Kang Street 51,$900/mo
81,Common Room in 633A Senja Road,$900/mo
82,Master Room in The Warren,"$1,800/mo"
83,Common Room in 631 Senja Road,"$1,000/mo"
84,Common Room in Wandervale,$900/mo
85,Common Room in 345 Choa Chu Kang Loop,"$1,800/mo"
86,Common Room in Mi Casa,"$1,400/mo"
87,Common Room in Northvale,"$1,290/mo"
88,Master Room in 432 Choa Chu Kang Avenue 4,"$1,500/mo"
89,Master Room in 3 Teck Whye Avenue,$850/mo
90,Common Room in 354 Choa Chu Kang Central,$700/mo
91,Room in The Warren,"$1,600/mo"
92,Master Room in 307 Choa Chu Kang Avenue 4,"$1,450/mo"
93,Common Room in 211 Choa Chu Kang Central,$850/mo
94,Common Room in 211 Choa Chu Kang Central,$850/mo
95,Common Room in The Rainforest,"$1,250/mo"
96,Room in 636B Senja Road,$990/mo
97,Room in 503 Choa Chu Kang Street 51,"$1,100/mo"
98,Room in 233 Choa Chu Kang Central,$900/mo
99,Common Room in Northvale,"$1,160/mo"
100,Common Room in Northvale,"$1,390/mo"
101,Common Room in Northvale,$950/mo
102,Room in 631 Senja Road,"$1,000/mo"
103,Master Room in 227 Choa Chu Kang Central,"$1,500/mo"
104,Common Room in Wandervale,"$1,050/mo"
105,Common Room in Northvale,"$1,200/mo"
106,Common Room in 629 Senja Road,$900/mo
107,Room in 630 Senja Road,"$1,000/mo"
108,Room in 214 Choa Chu Kang Central,"$1,000/mo"
109,Common Room in 209 Choa Chu Kang Central,"$1,050/mo"
110,Common Room in 411 Choa Chu Kang Avenue 3,"$1,200/mo"
111,Room in The Rainforest,"$2,800/mo"
112,Master Room in 345 Choa Chu Kang Loop,"$1,500/mo"
