,Property,Price
0,Common Room in 618 Ang Mo Kio Avenue 4,"$1,200/mo"
1,Common Room in Castle Green,"$1,230/mo"
2,Common Room in Seasons Park,"$1,350/mo"
3,Common Room in President Gardens,"$1,500/mo"
4,Common Room in Chip Thye Garden,"$1,200/mo"
5,Common Room in Castle Green,"$1,230/mo"
6,Common Room in 622 Ang Mo Kio Avenue 9,"$1,488/mo"
7,Room in 612 Ang Mo Kio Avenue 4,"$1,100/mo"
8,Common Room in 612 Ang Mo Kio Avenue 4,"$1,100/mo"
9,Common Room in 612 Ang Mo Kio Avenue 4,"$1,100/mo"
10,Common Room in Castle Green,"$1,100/mo"
11,Master Room in 638 Ang Mo Kio Avenue 6,"$1,100/mo"
12,Room in 156 Ang Mo Kio Avenue 4,"$1,500/mo"
13,Room in 646 Ang Mo Kio Avenue 6,$900/mo
14,Room in Far Horizon Garden,"$2,780/mo"
15,Common Room in 623 Ang Mo Kio Avenue 9,$850/mo
16,Master Room in 606 Ang Mo Kio Avenue 5,"$1,200/mo"
17,Common Room in Castle Green,"$1,230/mo"
18,Room in 646 Ang Mo Kio Avenue 6,"$1,000/mo"
19,Common Room in 504 Ang Mo Kio Avenue 8,"$1,200/mo"
20,Common Room in 638 Ang Mo Kio Avenue 6,"$1,100/mo"
21,Common Room in Castle Green,"$1,500/mo"
22,Room in 612 Ang Mo Kio Avenue 4,"$1,300/mo"
23,Master Room in Far Horizon Garden,"$2,780/mo"
24,Common Room in Nuovo,"$1,400/mo"
25,Common Room in Castle Green,"$1,500/mo"
26,Common Room in 309A Ang Mo Kio Street 31,$900/mo
27,Master Room in 130 Ang Mo Kio Avenue 3,"$1,500/mo"
28,Master Room in 128 Ang Mo Kio Avenue 3,"$1,500/mo"
29,Common Room in 423 Ang Mo Kio Avenue 3,"$1,100/mo"
30,Common Room in Floraview,"$1,000/mo"
31,Common Room in Fudu Park,"$1,250/mo"
32,Common Room in 570 Ang Mo Kio Avenue 3,$800/mo
33,Common Room in Grande Vista,"$1,500/mo"
34,Common Room in 700C Ang Mo Kio Avenue 6,"$1,100/mo"
35,Common Room in Sembawang Hills Estate,"$1,500/mo"
36,Master Room in 121 Ang Mo Kio Avenue 3,"$1,300/mo"
37,Master Room in 215 Ang Mo Kio Avenue 1,"$1,300/mo"
38,Room in Fudu Park,"$1,500/mo"
39,Common Room in 210 Ang Mo Kio Avenue 3,$750/mo
40,Room in 423 Ang Mo Kio Avenue 3,"$1,200/mo"
41,Master Room in 522 Ang Mo Kio Avenue 5,"$1,500/mo"
42,Common Room in Centro Residences,"$2,000/mo"
43,Common Room in 255 Ang Mo Kio Avenue 4,$850/mo
44,Common Room in 524 Ang Mo Kio Avenue 5,"$1,000/mo"
45,Master Room in 122 Ang Mo Kio Avenue 3,"$1,200/mo"
46,Common Room in Serenity Park,"$1,300/mo"
47,Room in 182 Ang Mo Kio Avenue 5,"$1,200/mo"
48,Common Room in 260A Ang Mo Kio Street 21,"$1,200/mo"
49,Master Room in Happy Estate,"$1,800/mo"
50,Room in 522 Ang Mo Kio Avenue 5,"$1,700/mo"
51,Master Room in 210 Ang Mo Kio Avenue 3,"$2,300/mo"
52,Master Room in Sembawang Hills Estate,"$1,100/mo"
53,Room in 561 Ang Mo Kio Avenue 10,"$1,300/mo"
54,Common Room in 116 Ang Mo Kio Avenue 4,"$1,200/mo"
55,Common Room in 431 Ang Mo Kio Avenue 10,"$1,500/mo"
56,Master Room in 603 Ang Mo Kio Avenue 5,"$1,300/mo"
57,Master Room in Grande Vista,"$3,600/mo"
58,Master Room in Bullion Park,"$1,600/mo"
59,Common Room in Bullion Park,"$1,300/mo"
60,Room in Sembawang Hills Estate,"$1,450/mo"
61,Common Room in 214 Ang Mo Kio Avenue 3,$800/mo
62,Master Room in 182 Ang Mo Kio Avenue 5,"$1,200/mo"
63,Common Room in 121 Ang Mo Kio Avenue 3,$900/mo
64,Common Room in 120 Ang Mo Kio Avenue 3,"$1,250/mo"
65,Master Room in 235 Ang Mo Kio Avenue 3,"$1,650/mo"
66,Master Room in 324 Ang Mo Kio Avenue 3,"$1,500/mo"
67,Common Room in Horizon Gardens,"$1,800/mo"
68,Master Room in 178 Ang Mo Kio Avenue 4,"$1,200/mo"
69,Room in 576 Ang Mo Kio Avenue 10,$900/mo
70,Master Room in 321 Ang Mo Kio Avenue 1,"$1,300/mo"
71,Common Room in Thomson Hills Estate,"$1,500/mo"
72,Room in 710 Ang Mo Kio Avenue 8,"$1,300/mo"
73,Master Room in 213 Ang Mo Kio Avenue 3,"$1,300/mo"
74,Room in 522 Ang Mo Kio Avenue 5,"$1,600/mo"
75,Room in 728 Ang Mo Kio Avenue 6,"$2,400/mo"
76,Room in 522 Ang Mo Kio Avenue 5,"$1,100/mo"
77,Room in 728 Ang Mo Kio Avenue 6,"$2,300/mo"
78,Room in 531 Ang Mo Kio Avenue 10,"$2,400/mo"
79,Room in 584 Ang Mo Kio Avenue 3,"$1,200/mo"
80,Common Room in 451 Ang Mo Kio Avenue 10,$980/mo
81,Common Room in 310B Ang Mo Kio Avenue 1,"$1,050/mo"
82,Common Room in 213 Ang Mo Kio Avenue 3,"$1,600/mo"
83,Master Room in 130 Ang Mo Kio Avenue 3,"$1,300/mo"
84,Common Room in 312 Ang Mo Kio Avenue 3,"$1,100/mo"
85,Common Room in 539 Ang Mo Kio Avenue 10,"$1,200/mo"
86,Room in 131 Ang Mo Kio Avenue 3,"$1,250/mo"
87,Room in Teacher's Housing Estate,"$1,950/mo"
88,Master Room in Meadows @ Peirce,"$1,500/mo"
89,Common Room in Sembawang Hills Estate,"$1,200/mo"
90,Common Room in Alana,"$1,650/mo"
91,Room in 134 Ang Mo Kio Avenue 3,"$1,150/mo"
92,Room in 576 Ang Mo Kio Avenue 10,$900/mo
93,Master Room in Teacher's Housing Estate,"$2,150/mo"
94,Master Room in Teacher's Housing Estate,"$2,150/mo"
95,Common Room in 438 Ang Mo Kio Avenue 10,$850/mo
96,Common Room in 322 Ang Mo Kio Avenue 3,"$1,100/mo"
97,Common Room in 301 Ang Mo Kio Avenue 3,"$1,100/mo"
98,Room in Mayflower Gardens,"$2,500/mo"
99,Master Room in 434 Ang Mo Kio Avenue 10,"$1,200/mo"
100,Master Room in 218 Ang Mo Kio Avenue 1,"$1,200/mo"
101,Master Room in The Countryside,"$2,500/mo"
102,Common Room in 425 Ang Mo Kio Avenue 3,$400/mo
103,Common Room in 425 Ang Mo Kio Avenue 3,$900/mo
104,Common Room in 343 Ang Mo Kio Avenue 3,$980/mo
105,Common Room in 596A Ang Mo Kio Street 52,"$1,200/mo"
