,Property,Price
0,Common Room in North Park Residences,"$1,650/mo"
1,Master Room in 124 Yishun Street 11,"$1,200/mo"
2,Common Room in 331 Yishun Ring Road,$850/mo
3,Common Room in 346 Yishun Avenue 11,$500/mo
4,Master Room in 315A Yishun Avenue 9,"$1,200/mo"
5,Common Room in 123 Yishun Street 11,$700/mo
6,Common Room in 145 Yishun Street 11,$750/mo
7,Room in North Park Residences,"$2,000/mo"
8,Common Room in 113 Yishun Ring Road,$750/mo
9,Common Room in 776 Yishun Avenue 2,$950/mo
10,Common Room in 720 Yishun Street 71,$700/mo
11,Common Room in 781 Yishun Ring Road,"$1,200/mo"
12,Master Room in 219 Yishun Street 21,"$1,200/mo"
13,Common Room in 257 Yishun Ring Road,$800/mo
14,Room in North Park Residences,"$3,500/mo"
15,Common Room in 751 Yishun Street 72,"$1,058/mo"
16,Room in 346 Yishun Avenue 11,$850/mo
17,Room in 706 Yishun Avenue 5,$850/mo
18,Common Room in 229 Yishun Street 21,"$1,300/mo"
19,Room in 120 Yishun Ring Road,$850/mo
20,Common Room in 312 Yishun Ring Road,"$1,200/mo"
21,Common Room in 120 Yishun Ring Road,$850/mo
22,Common Room in 255 Yishun Ring Road,$500/mo
23,Common Room in 231 Yishun Street 21,"$1,200/mo"
24,Room in 115A Yishun Ring Road,$900/mo
25,Common Room in 218 Yishun Street 21,$950/mo
26,Common Room in 757 Yishun Street 72,"$1,200/mo"
27,Room in 299 Yishun Street 20,$950/mo
28,Common Room in 657 Yishun Avenue 4,"$1,000/mo"
29,Common Room in 115 Yishun Ring Road,$800/mo
30,Common Room in 150 Yishun Street 11,$800/mo
31,Common Room in 651 Yishun Avenue 4,$950/mo
32,Room in 731 Yishun Street 72,"$2,100/mo"
33,Room in 716 Yishun Street 71,"$1,400/mo"
34,Room in 309 Yishun Ring Road,"$1,100/mo"
35,Room in 247 Yishun Avenue 9,$450/mo
36,Room in 120 Yishun Ring Road,$850/mo
37,Master Room in 786 Yishun Ring Road,"$1,800/mo"
38,Room in 706 Yishun Avenue 5,"$1,600/mo"
39,Common Room in 706 Yishun Avenue 5,$400/mo
40,Common Room in 651 Yishun Avenue 4,$950/mo
41,Common Room in 788 Yishun Avenue 2,$950/mo
42,Master Room in 115A Yishun Ring Road,"$1,200/mo"
43,Room in 935 Yishun Central 1,"$1,400/mo"
44,Common Room in North Park Residences,"$2,500/mo"
45,Common Room in 652 Yishun Avenue 4,$900/mo
46,Room in 763 Yishun Street 72,"$1,000/mo"
47,Master Room in 707 Yishun Avenue 5,"$1,400/mo"
48,Master Room in 254 Yishun Ring Road,"$1,200/mo"
49,Master Room in 247 Yishun Avenue 9,"$1,400/mo"
50,Common Room in 728 Yishun Street 71,$800/mo
51,Common Room in 101 Yishun Avenue 5,"$1,050/mo"
52,Common Room in 249 Yishun Avenue 9,$888/mo
53,Common Room in 245 Yishun Avenue 9,$850/mo
54,Room in North Park Residences,"$2,500/mo"
55,Room in 926 Yishun Central 1,$950/mo
56,Room in 607 Yishun Street 61,"$1,000/mo"
57,Common Room in 704 Yishun Avenue 5,"$1,200/mo"
58,Common Room in 134 Yishun Street 11,"$1,300/mo"
59,Room in 758 Yishun Street 72,"$1,100/mo"
60,Room in 610 Yishun Street 61,"$1,200/mo"
61,Room in 125 Yishun Street 11,$850/mo
62,Common Room in 120 Yishun Ring Road,$900/mo
63,Room in 302 Yishun Central,"$1,100/mo"
64,Room in 303 Yishun Central,"$1,200/mo"
65,Common Room in 788 Yishun Avenue 2,$900/mo
66,Common Room in 467A Yishun Avenue 6,"$1,000/mo"
67,Common Room in 410 Yishun Ring Road,$850/mo
68,Common Room in 674A Yishun Avenue 4,$900/mo
69,Common Room in 126D Canberra Street,$800/mo
70,Common Room in 410 Yishun Ring Road,$850/mo
71,Master Room in 389 Yishun Avenue 6,"$1,300/mo"
72,Common Room in 114 Yishun Ring Road,$600/mo
73,Common Room in Sembawang Springs Estate,"$1,200/mo"
74,Common Room in 430A Yishun Avenue 11,$800/mo
75,Master Room in 813A Yishun Ring Road,"$1,300/mo"
76,Common Room in 850 Yishun Street 81,$950/mo
77,Common Room in 671B Yishun Avenue 4,$900/mo
78,Common Room in 283 Yishun Avenue 6,"$1,000/mo"
79,Common Room in Eight Courtyards,"$1,600/mo"
80,Common Room in 624 Yishun Ring Road,$850/mo
81,Common Room in 630 Yishun Street 61,"$1,000/mo"
82,Common Room in 630 Yishun Street 61,$700/mo
83,Master Room in 342B Yishun Ring Road,"$1,000/mo"
84,Master Room in Symphony Suites,"$1,800/mo"
85,Room in Orchid Park Condominium,"$1,500/mo"
86,Room in Orchid Park Condominium,"$1,200/mo"
87,Room in Orchid Park Condominium,"$2,200/mo"
88,Master Room in The Nautical,"$2,000/mo"
89,Common Room in 423 Yishun Avenue 11,$800/mo
90,Room in 342B Yishun Ring Road,"$1,000/mo"
91,Master Room in 288 Yishun Avenue 6,"$1,500/mo"
92,Common Room in 283 Yishun Avenue 6,$550/mo
93,Master Room in 350 Yishun Avenue 11,"$1,600/mo"
94,Common Room in Eight Courtyards,"$1,300/mo"
95,Common Room in 118 Yishun Ring Road,$800/mo
96,Common Room in Eight Courtyards,"$2,180/mo"
97,Room in Symphony Suites,"$4,200/mo"
98,Room in 817 Yishun Street 81,"$1,000/mo"
99,Master Room in 388 Yishun Ring Road,"$1,400/mo"
100,Room in The Nautical,"$2,000/mo"
101,Room in Orchid Park Condominium,"$1,700/mo"
102,Common Room in Yishun Emerald,$900/mo
103,Common Room in 118 Yishun Ring Road,$800/mo
104,Common Room in Orchid Park Condominium,"$1,200/mo"
105,Common Room in 674A Yishun Avenue 4,$900/mo
106,Common Room in 1 Canberra,"$1,300/mo"
107,Common Room in 625 Yishun Street 61,$800/mo
108,Room in Yishun Sapphire,"$1,888/mo"
109,Master Room in Sembawang Springs Estate,"$1,500/mo"
110,Room in The Nautical,"$1,300/mo"
111,Common Room in 471B Yishun Street 42,$850/mo
112,Room in Eight Courtyards,"$1,400/mo"
113,Common Room in 662 Yishun Avenue 4,$900/mo
114,Common Room in 424D Yishun Avenue 11,$700/mo
115,Common Room in 284 Yishun Avenue 6,$850/mo
116,Room in 839 Yishun Street 81,"$1,000/mo"
117,Room in 471B Yishun Street 42,$850/mo
118,Room in 439 Yishun Avenue 11,$900/mo
119,Common Room in 829 Yishun Street 81,"$1,000/mo"
120,Common Room in 624 Yishun Ring Road,$900/mo
121,Master Room in The Shaughnessy,"$1,500/mo"
122,Room in 115C Canberra Walk,"$1,200/mo"
123,Master Room in 336A Yishun Street 31,"$1,400/mo"
124,Common Room in 636 Yishun Street 61,"$1,100/mo"
125,Common Room in 442 Yishun Avenue 11,$800/mo
126,Common Room in 425 Yishun Avenue 11,"$1,000/mo"
127,Common Room in 879 Yishun Street 81,"$1,000/mo"
128,Room in 829 Yishun Street 81,"$1,000/mo"
129,Master Room in 284 Yishun Avenue 6,$650/mo
130,Common Room in 676B Yishun Ring Road,$800/mo
131,Common Room in 876 Yishun Street 81,"$1,200/mo"
132,Master Room in 350 Yishun Avenue 11,"$1,800/mo"
133,Master Room in Symphony Suites,"$1,400/mo"
134,Common Room in 427 Yishun Avenue 11,"$1,100/mo"
135,Master Room in 408 Yishun Avenue 6,"$1,650/mo"
136,Common Room in 360 Yishun Ring Road,"$1,400/mo"
137,Room in Orchid Park Condominium,"$1,500/mo"
138,Master Room in 115 Canberra Walk,"$1,200/mo"
139,Common Room in Eight Courtyards,"$2,600/mo"
140,Common Room in Symphony Suites,"$2,000/mo"
141,Room in Orchid Park Condominium,"$2,388/mo"
142,Common Room in Orchid Park Condominium,"$1,500/mo"
143,Common Room in 424D Yishun Avenue 11,"$1,300/mo"
144,Common Room in 128B Canberra Street,$800/mo
145,Common Room in 479C Yishun Street 42,"$1,000/mo"
146,Master Room in Orchid Park Condominium,"$2,200/mo"
147,Common Room in Orchid Park Condominium,"$1,480/mo"
148,Common Room in Orchid Park Condominium,"$1,280/mo"
149,Master Room in Orchid Park Condominium,"$1,780/mo"
150,Common Room in 839 Yishun Street 81,$900/mo
151,Common Room in 868 Yishun Street 81,"$1,000/mo"
152,Common Room in 1 Canberra,"$1,000/mo"
153,Common Room in 620 Yishun Ring Road,$900/mo
154,Common Room in 839 Yishun Street 81,$700/mo
155,Common Room in 671B Yishun Avenue 4,$900/mo
156,Common Room in 509B Yishun Avenue 4,"$1,000/mo"
157,Master Room in Yishun Sapphire,"$1,550/mo"
158,Common Room in 128B Canberra Street,"$1,000/mo"
159,Master Room in 130A Canberra Crescent,"$1,350/mo"
160,Common Room in 641 Yishun Street 61,$850/mo
161,Master Room in Orchid Park Condominium,"$1,200/mo"
162,Common Room in Lilydale,"$1,588/mo"
163,Common Room in 632 Yishun Street 61,$900/mo
164,Master Room in 508A Yishun Avenue 4,$499/mo
165,Master Room in Countryview,"$1,300/mo"
166,Room in 129C Canberra Street,$850/mo
167,Common Room in 858 Yishun Avenue 4,$900/mo
168,Master Room in 636 Yishun Street 61,"$1,000/mo"
169,Room in 671B Yishun Avenue 4,$900/mo
170,Master Room in Orchid Park Condominium,"$2,200/mo"
171,Room in 278 Yishun Street 22,$800/mo
172,Room in 362 Yishun Ring Road,$650/mo
173,Master Room in 828 Yishun Street 81,"$1,500/mo"
174,Master Room in 618 Yishun Ring Road,"$1,500/mo"
175,Room in Orchid Park Condominium,"$1,300/mo"
176,Common Room in Orchid Park Condominium,"$1,200/mo"
177,Common Room in 807 Yishun Ring Road,"$1,200/mo"
178,Master Room in 350 Yishun Avenue 11,"$1,800/mo"
179,Room in Orchid Park Condominium,"$1,688/mo"
180,Master Room in 664 Yishun Avenue 4,"$1,400/mo"
181,Common Room in 426B Yishun Avenue 11,$900/mo
182,Master Room in 286 Yishun Avenue 6,"$1,500/mo"
183,Common Room in 641 Yishun Street 61,"$1,000/mo"
184,Master Room in Orchid Park Condominium,"$1,100/mo"
185,Common Room in Eight Courtyards,"$1,300/mo"
186,Master Room in Orchid Park Condominium,"$1,300/mo"
187,Common Room in Orchid Park Condominium,"$1,288/mo"
188,Common Room in Orchid Park Condominium,"$1,688/mo"
189,Master Room in 318B Yishun Avenue 9,$750/mo
190,Room in Orchid Park Condominium,"$1,600/mo"
191,Room in 852 Yishun Street 81,"$1,300/mo"
192,Common Room in Sembawang Springs Estate,$900/mo
193,Common Room in 423 Yishun Avenue 11,$950/mo
194,Common Room in 1 Canberra,"$1,300/mo"
195,Common Room in 335C Yishun Street 31,"$1,200/mo"
196,Common Room in 816 Yishun Street 81,"$1,100/mo"
197,Master Room in 288 Yishun Avenue 6,$900/mo
198,Master Room in The Brownstone,"$1,500/mo"
199,Common Room in 459 Yishun Avenue 11,$800/mo
200,Room in 117 Yishun Ring Road,"$1,200/mo"
201,Common Room in The Canopy,"$1,300/mo"
202,Common Room in Sembawang Park,$900/mo
203,Master Room in 508A Yishun Avenue 4,$498/mo
204,Common Room in 479C Yishun Street 42,"$1,000/mo"
205,Room in 1 Canberra,"$1,000/mo"
206,Room in 407 Yishun Avenue 6,"$1,000/mo"
207,Common Room in 479C Yishun Street 42,"$1,000/mo"
